{
  "WorkItem": {
    "AffectedComponent": {
      "Name": "",
      "DisplayName": ""
    },
    "ClosedComment": "",
    "ClosedDate": null,
    "CommentCount": 0,
    "Custom": null,
    "Description": "Create a key for signing the dll.",
    "LastUpdatedDate": "2017-11-27T19:59:27.507-08:00",
    "PlannedForRelease": "",
    "ReleaseVisibleToPublic": false,
    "Priority": {
      "Name": "Low",
      "Severity": 50,
      "Id": 1
    },
    "ProjectName": "cyberconnect",
    "ReportedDate": "2013-01-10T17:59:47.567-08:00",
    "Status": {
      "Name": "Proposed",
      "Id": 1
    },
    "ReasonClosed": {
      "Name": "Unassigned"
    },
    "Summary": "CA2210 : Assemblies should have valid strong names in CyberC...",
    "Type": {
      "Name": "Issue",
      "Id": 3
    },
    "VoteCount": 1,
    "Id": 1284
  },
  "FileAttachments": [],
  "Comments": [
    {
      "Message": "Description: CA2210 : Microsoft.Design : Sign 'CyberConnect.dll' with a strong name key.\nProject: CyberConnect\n\n",
      "PostedDate": "2013-01-10T17:59:47.567-08:00",
      "Id": -2147483648
    },
    {
      "Message": "",
      "PostedDate": "2013-01-16T14:57:01.533-08:00",
      "Id": -2147483648
    },
    {
      "Message": "",
      "PostedDate": "2013-02-13T17:21:08.693-08:00",
      "Id": -2147483648
    },
    {
      "Message": "",
      "PostedDate": "2017-11-27T19:59:27.507-08:00",
      "Id": -2147483648
    }
  ]
}