{
  "WorkItem": {
    "AffectedComponent": {
      "Name": "",
      "DisplayName": ""
    },
    "ClosedComment": "",
    "ClosedDate": "2013-01-11T09:54:45.267-08:00",
    "CommentCount": 0,
    "Custom": null,
    "Description": "",
    "LastUpdatedDate": "2017-11-27T19:59:28.203-08:00",
    "PlannedForRelease": "",
    "ReleaseVisibleToPublic": false,
    "Priority": {
      "Name": "High",
      "Severity": 150,
      "Id": 3
    },
    "ProjectName": "cyberconnect",
    "ReportedDate": "2013-01-11T03:45:02.95-08:00",
    "Status": {
      "Name": "Closed",
      "Id": 4
    },
    "ReasonClosed": {
      "Name": "Unassigned"
    },
    "Summary": "CA1815 : Override == and  != on value types",
    "Type": {
      "Name": "Task",
      "Id": 2
    },
    "VoteCount": 0,
    "Id": 1286
  },
  "FileAttachments": [],
  "Comments": [
    {
      "Message": "Description: CA1815 : Microsoft.Performance : 'MessageConfiguration' should override the equality (==) and inequality (!=) operators.\nFile: MessageConfiguration.cs\nLine: 9\nProject: CyberConnect\n\n",
      "PostedDate": "2013-01-11T03:45:02.95-08:00",
      "Id": -2147483648
    },
    {
      "Message": "",
      "PostedDate": "2013-01-11T03:46:57.297-08:00",
      "Id": -2147483648
    },
    {
      "Message": "",
      "PostedDate": "2013-01-11T03:47:59.143-08:00",
      "Id": -2147483648
    },
    {
      "Message": "Resolved with changeset 22247.",
      "PostedDate": "2013-01-11T09:54:45.267-08:00",
      "Id": -2147483648
    },
    {
      "Message": "",
      "PostedDate": "2013-05-14T13:05:01.037-07:00",
      "Id": -2147483648
    },
    {
      "Message": "",
      "PostedDate": "2017-11-27T19:59:28.203-08:00",
      "Id": -2147483648
    }
  ]
}