{
  "WorkItem": {
    "AffectedComponent": {
      "Name": "",
      "DisplayName": ""
    },
    "ClosedComment": "",
    "ClosedDate": "2013-01-11T09:54:43.23-08:00",
    "CommentCount": 0,
    "Custom": null,
    "Description": "",
    "LastUpdatedDate": "2017-11-27T19:59:29.1-08:00",
    "PlannedForRelease": "",
    "ReleaseVisibleToPublic": false,
    "Priority": {
      "Name": "High",
      "Severity": 150,
      "Id": 3
    },
    "ProjectName": "cyberconnect",
    "ReportedDate": "2013-01-11T03:45:41.407-08:00",
    "Status": {
      "Name": "Closed",
      "Id": 4
    },
    "ReasonClosed": {
      "Name": "Unassigned"
    },
    "Summary": "CA1815 : Override equals and operator equals on value types ...",
    "Type": {
      "Name": "Task",
      "Id": 2
    },
    "VoteCount": 0,
    "Id": 1287
  },
  "FileAttachments": [],
  "Comments": [
    {
      "Message": "Description: CA1815 : Microsoft.Performance : 'MessageConfiguration' should override Equals.\nFile: MessageConfiguration.cs\nLine: 9\nProject: CyberConnect\n\n",
      "PostedDate": "2013-01-11T03:45:41.407-08:00",
      "Id": -2147483648
    },
    {
      "Message": "",
      "PostedDate": "2013-01-11T03:46:54.6-08:00",
      "Id": -2147483648
    },
    {
      "Message": "Resolved with changeset 22247.",
      "PostedDate": "2013-01-11T09:54:43.23-08:00",
      "Id": -2147483648
    },
    {
      "Message": "",
      "PostedDate": "2013-05-14T13:05:00.72-07:00",
      "Id": -2147483648
    },
    {
      "Message": "",
      "PostedDate": "2017-11-27T19:59:29.1-08:00",
      "Id": -2147483648
    }
  ]
}