{
  "WorkItem": {
    "AffectedComponent": {
      "Name": "",
      "DisplayName": ""
    },
    "ClosedComment": "",
    "ClosedDate": "2013-02-02T19:20:44.26-08:00",
    "CommentCount": 0,
    "Custom": null,
    "Description": "Need to encapsulate an Insteon device that we may want to control. Need to provide a standard method of expanding capabilities of a device via inheritance.",
    "LastUpdatedDate": "2017-11-27T19:59:29.313-08:00",
    "PlannedForRelease": "",
    "ReleaseVisibleToPublic": false,
    "Priority": {
      "Name": "High",
      "Severity": 150,
      "Id": 3
    },
    "ProjectName": "cyberconnect",
    "ReportedDate": "2013-01-16T14:55:56.617-08:00",
    "Status": {
      "Name": "Closed",
      "Id": 4
    },
    "ReasonClosed": {
      "Name": "Unassigned"
    },
    "Summary": "Add InsteonDevice base class and Interface",
    "Type": {
      "Name": "Feature",
      "Id": 1
    },
    "VoteCount": 1,
    "Id": 1294
  },
  "FileAttachments": [],
  "Comments": [
    {
      "Message": "Resolved with changeset 22791: Added devices",
      "PostedDate": "2013-02-02T19:20:44.26-08:00",
      "Id": -2147483648
    },
    {
      "Message": "",
      "PostedDate": "2013-02-13T17:21:08.137-08:00",
      "Id": -2147483648
    },
    {
      "Message": "",
      "PostedDate": "2013-05-14T13:04:58.603-07:00",
      "Id": -2147483648
    },
    {
      "Message": "",
      "PostedDate": "2017-11-27T19:59:29.313-08:00",
      "Id": -2147483648
    }
  ]
}