[
  {
    "Id": "0",
    "Name": "Preview release",
    "DevelopmentStatus": "Alpha",
    "Description": "*This is a preview release of functionality.*\n\nThis release willow provide necessary tools for basic communication with an Insteon PLM 2412s, 2413s, 2413u.",
    "ReleasedDatge": "0001-01-01T00:00:00",
    "ModifiedDate": "2013-02-02T19:27:48.42-08:00",
    "Files": [
      {
        "Id": "8a1f32ba-a168-4bcc-a5c8-c46d976b7606",
        "FileName": "CyberConnect.Insteon.dll",
        "Url": "./0/8a1f32ba-a168-4bcc-a5c8-c46d976b7606",
        "Type": "Application",
        "UploadDate": "2013-02-02T19:27:24.107-08:00"
      }
    ]
  }
]