[
  {
    "Title": "Home",
    "Id": "780463",
    "ParentWikiTitle": "Home",
    "FileExtension": "html",
    "UpdatedDate": "2013-09-27T08:28:28.477-07:00",
    "FileAttachments": []
  },
  {
    "Title": "Documentation",
    "Id": "687098",
    "ParentWikiTitle": "Documentation",
    "FileExtension": "codeplexwiki",
    "UpdatedDate": "2013-02-02T12:37:08.74-08:00",
    "FileAttachments": []
  },
  {
    "Title": "Statement of Purpose",
    "Id": "678947",
    "ParentWikiTitle": "Documentation",
    "FileExtension": "codeplexwiki",
    "UpdatedDate": "2013-01-16T15:00:03.283-08:00",
    "FileAttachments": [
      {
        "Id": "66d74b87-5065-4feb-b83b-f6a4b0455c1f",
        "FileName": "image2013-01-16-162447.png",
        "DownloadUri": "./678947/66d74b87-5065-4feb-b83b-f6a4b0455c1f"
      }
    ]
  }
]
