[
  {
    "Id": "1205188",
    "ThreadId": "530301",
    "Html": "Hi All,\r<br />\n<br />\nI have a strange issue with the nrf24L01+ modules. Infact the problem is not related to NETMF driver directly.\r<br />\n<br />\nI have two Netduino+2 boards that can communicate between each other flawlessly. Also there are two MSP-EXP430G Development boards that they also can communicate between themselves without any problem.\r<br />\n<br />\nBut when I want to establish a communication between Netduino+2 and MSP430 I cannot get success.\r<br />\n<br />\nIf you do not have any clue also I may also share all the sources and libraries for both platforms.\r<br />\n<br />\nIf you think this discussion is not the correct place for this question sorry for the inconvenience.\r<br />\n<br />\nThanks and Regards,<br />\n",
    "PostedDate": "2014-02-08T16:32:58.03-08:00",
    "UserRole": null,
    "MarkedAsAnswerDate": null
  },
  {
    "Id": "1205484",
    "ThreadId": "530301",
    "Html": "Hi,\r<br />\n<br />\nYou may find the both Energia for MSP430 codes and NETMF codes below.\r<br />\n<br />\nEnergia for MSP430:<br />\n<pre><code>Enrf24 radio(P2_0, P2_1, P2_2);\nconst uint8_t rxaddr[] = { 0x66, 0x66, 0x66, 0x66, 0x66 };\n\nvoid dump_radio_status_to_serialport(uint8_t);\n\nvoid setup() {\n  Serial.begin(9600);\n\n  SPI.begin();\n  SPI.setDataMode(SPI_MODE0);\n  SPI.setBitOrder(1); // MSB-first\n  \n  radio.begin();  // Defaults 1Mbps, channel 0, max TX power\n  radio.setChannel(50);\n  dump_radio_status_to_serialport(radio.radioState());\n\n  radio.setRXaddress((void*)rxaddr);\n  \n  pinMode(P1_0, OUTPUT);\n  digitalWrite(P1_0, LOW);\n  \n  radio.enableRX();  // Start listening\n}\n\nvoid loop() {\n  char inbuf[33];\n  \n  dump_radio_status_to_serialport(radio.radioState());  // Should show Receive Mode\n\n  while (!radio.available(true))\n    ;\n  if (radio.read(inbuf)) {\n    Serial.print(&quot;Received packet: &quot;);\n    Serial.println(inbuf);\n  }\n}</code></pre>\n\nNETMF Codes<br />\n<pre><code>namespace NetduinoTest\n{\n    public class Program\n    {\n        private static NRF24L01Plus radio;\n        private static byte[] rxAddress;\n        private static byte[] txAddress;\n        private static byte channel;\n        private static byte[] sendString;\n\n        private static readonly OutputPort _led = new OutputPort(Pins.GPIO_PIN_A5, false);\n        private static InterruptPort button = new InterruptPort(Pins.GPIO_PIN_D8, false, Port.ResistorMode.Disabled,\n                                                         Port.InterruptMode.InterruptEdgeLow);\n        public static void Main()\n        {\n            sendString = Encoding.UTF8.GetBytes(&quot;ON&quot;);\n\n            channel = 50;\n\n            //rxAddress = new byte[] { 0xDE, 0xAD, 0xBE, 0xEF, 0x01 };\n            //rxAddress = new byte[] { 0x01, 0xEF, 0xBE, 0xAD, 0xDE };\n            //rxAddress = new byte[] { 0x80, 0xF7, 0x7D, 0xB5, 0x7B };\n            rxAddress = new byte[] { 0x66, 0x66, 0x66, 0x66, 0x66 };\n\n            //txAddress = new byte[] { 0xDE, 0xAD, 0xBE, 0xEF, 0x01 };\n            //txAddress = new byte[] { 0x01, 0xEF, 0xBE, 0xAD, 0xDE };\n            //txAddress = new byte[] { 0x80, 0xF7, 0x7D, 0xB5, 0x7B };\n            txAddress = new byte[] { 0x66, 0x66, 0x66, 0x66, 0x66 };\n\n            button.OnInterrupt += button_OnInterrupt;\n            \n            radio = new NRF24L01Plus();\n            radio.Initialize(SPI.SPI_module.SPI1, Pins.GPIO_PIN_D4, Pins.GPIO_PIN_D7, Pins.GPIO_PIN_D2);\n            radio.Configure(rxAddress, channel, NRFDataRate.DR1Mbps);\n            radio.Enable();\n            radio.OnDataReceived += radio_OnDataReceived;\n\n            Thread.Sleep(Timeout.Infinite);\n        }\n\n        static void button_OnInterrupt(uint data1, uint data2, DateTime time)\n        {\n            radio.SendTo(txAddress, sendString, 1000);\n        }\n\n        static void radio_OnDataReceived(byte[] data)\n        {\n            var stat = radio.GetStatus();\n            Debug.Print(stat.ToString());\n            var inData = new string(Encoding.UTF8.GetChars(data));\n            Debug.Print(inData);\n            _led.Write(inData == &quot;ON&quot;);\n            Thread.Sleep(1000);\n            _led.Write(false);\n        }\n\n    }\n}</code></pre>\n\nAll the channel, TX/RX settings are equal.\r<br />\n<br />\nThanks and Regards<br />\n",
    "PostedDate": "2014-02-09T01:15:33.43-08:00",
    "UserRole": null,
    "MarkedAsAnswerDate": null
  }
]