[
  {
    "Id": "289278",
    "Title": "Working on Netduino",
    "LatestDate": "2014-02-20T04:12:59.063-08:00"
  },
  {
    "Id": "394000",
    "Title": "Pinout on shield?",
    "LatestDate": "2012-08-31T14:59:12.973-07:00"
  },
  {
    "Id": "430400",
    "Title": "Gadgeteer Module PCB availability",
    "LatestDate": "2013-01-22T05:11:03.707-08:00"
  },
  {
    "Id": "430449",
    "Title": "Gadgeteer Module is only for MF 4.1 and not for MF 4.2",
    "LatestDate": "2013-01-22T07:58:30.117-08:00"
  },
  {
    "Id": "434338",
    "Title": "Common interface for plain old vanilla microframework and gadgeteer module.",
    "LatestDate": "2013-08-13T10:57:55.863-07:00"
  },
  {
    "Id": "461941",
    "Title": "Bounty for update and fixes?",
    "LatestDate": "2014-11-24T21:56:03.45-08:00"
  },
  {
    "Id": "530301",
    "Title": "A strange issue",
    "LatestDate": "2014-02-09T01:15:33.43-08:00"
  },
  {
    "Id": "569105",
    "Title": "Communication between 2 NRF24L01+ on STM32F4",
    "LatestDate": "2014-10-07T23:32:11.653-07:00"
  },
  {
    "Id": "571087",
    "Title": "Support for MultiCiver  Scenario or Example?",
    "LatestDate": "2014-11-01T22:59:47.007-07:00"
  }
]