[
  {
    "Id": "1006004",
    "ThreadId": "434338",
    "Html": "Hi in order to be able to use the same core functionality from plain vanilla mf and gadgeteer i've created a common interface<br />\n<pre><code>using System;\nusing Microsoft.SPOT;\n\nnamespace Gralin.NETMF.Nordic\n{\n    /// &lt;summary&gt;\n    /// NRF24L01Plus Interface \n    /// \n    /// This interface is shared from the NRF24L01Plus engine and the Gadgeteer Module\n    /// So upper layer classes can use both indifferently\n    /// &lt;/summary&gt;\n    public interface INRF24L01Plus\n    {\n        /// &lt;summary&gt;\n        /// Interface is Enabled?\n        /// &lt;/summary&gt;\n        bool IsEnabled { get; }\n\n        /// &lt;summary&gt;\n        ///   Disables the module\n        /// &lt;/summary&gt;\n        void Disable();\n\n        /// &lt;summary&gt;\n        ///   Enables the module\n        /// &lt;/summary&gt;\n        void Enable();\n\n        /// &lt;summary&gt;\n        /// Configure the module basic settings. Module needs to be initiaized.\n        /// &lt;/summary&gt;\n        /// &lt;param name=&quot;address&quot;&gt;RF address (3-5 bytes). The width of this address determins the width of all addresses used for sending/receiving.&lt;/param&gt;\n        /// &lt;param name=&quot;channel&quot;&gt;RF channel (0-127)&lt;/param&gt;\n        void Configure(byte[] address, byte channel);\n\n        /// &lt;summary&gt;\n        /// Set one of 6 available module addresses\n        /// &lt;/summary&gt;\n        void SetAddress(AddressSlot slot, byte[] address);\n\n        /// &lt;summary&gt;\n        /// Read 1 of 6 available module addresses\n        /// &lt;/summary&gt;\n        byte[] GetAddress(AddressSlot slot, int width);\n\n        /// &lt;summary&gt;\n        ///   Gets module basic status information\n        /// &lt;/summary&gt;\n        Status GetStatus();\n\n        /// &lt;summary&gt;\n        ///   Reads the current rf channel value set in module\n        /// &lt;/summary&gt;\n        /// &lt;returns&gt;&lt;/returns&gt;\n        byte GetChannel();\n\n        /// &lt;summary&gt;\n        ///   Gets the module radio frequency [MHz]\n        /// &lt;/summary&gt;\n        /// &lt;returns&gt;Frequency in MHz&lt;/returns&gt;\n        int GetFrequency();\n\n        /// &lt;summary&gt;\n        ///   Sets the rf channel value used by all data pipes\n        /// &lt;/summary&gt;\n        /// &lt;param name=&quot;channel&quot;&gt;7 bit channel value&lt;/param&gt;\n        void SetChannel(byte channel);\n\n        /// &lt;summary&gt;\n        ///   Send &lt;param name = &quot;bytes&quot;&gt;bytes&lt;/param&gt; to given &lt;param name = &quot;address&quot;&gt;address&lt;/param&gt;\n        ///   This is a non blocking method.\n        /// &lt;/summary&gt;\n        void SendTo(byte[] address, byte[] bytes);\n                \n        /// &lt;summary&gt;\n        ///   Sends &lt;param name = &quot;bytes&quot;&gt;bytes&lt;/param&gt; to given &lt;param name = &quot;address&quot;&gt;address&lt;/param&gt;\n        ///   This is a blocking method that returns true if data was received by the recipient or false if timeout occured.\n        /// &lt;/summary&gt;\n        bool SendTo(byte[] address, byte[] bytes, int timeout);\n\n        /// &lt;summary&gt;\n        ///   Occurs when data packet has been received\n        /// &lt;/summary&gt;\n        event Gralin.NETMF.Nordic.NRF24L01Plus.OnDataRecievedHandler OnDataReceived;\n\n        /// &lt;summary&gt;\n        ///   Occurs when ack has been received for send packet\n        /// &lt;/summary&gt;\n        event Gralin.NETMF.Nordic.NRF24L01Plus.EventHandler OnTransmitSuccess;\n\n        /// &lt;summary&gt;\n        ///   Occurs when no ack has been received for send packet\n        /// &lt;/summary&gt;\n        event Gralin.NETMF.Nordic.NRF24L01Plus.EventHandler OnTransmitFailed;\n    }\n}\n</code></pre>\n\nThen, i've created the gadgeteer module even for 4.2 framework.\r<br />\n<br />\nIf this project will not be updated...  i will open another one with this source code if it is ok.<br />\n",
    "PostedDate": "2013-02-24T13:03:32.55-08:00",
    "UserRole": null,
    "MarkedAsAnswerDate": null
  },
  {
    "Id": "1077065",
    "ThreadId": "434338",
    "Html": "SandeX, I'm attempting to get this project updated.  Can you share your changes?  We can post a patch to the project when its all working as expected.<br />\n",
    "PostedDate": "2013-08-05T22:09:34.123-07:00",
    "UserRole": null,
    "MarkedAsAnswerDate": null
  },
  {
    "Id": "1077089",
    "ThreadId": "434338",
    "Html": "Hi, If you create a patch i will review it and add it to the repo if it looks ok. Please include description what you are changing why and was it tested.<br />\n",
    "PostedDate": "2013-08-06T00:17:08.873-07:00",
    "UserRole": null,
    "MarkedAsAnswerDate": null
  },
  {
    "Id": "1077143",
    "ThreadId": "434338",
    "Html": "\r\n<p dir=\"ltr\">Hi</p>\r\n<p dir=\"ltr\">Unfortunately im on holiday ill send you the patch the next week. Ok?</p>\r\n<div>Il giorno 06/ago/2013 09:17, &quot;gralinPL&quot; &lt;[email removed]&gt; ha scritto:<br type=\"attribution\">\r\n<blockquote style=\"margin:0 0 0 .8ex; border-left:1px #ccc solid; padding-left:1ex\">\r\n<div>\r\n<p>From: gralinPL</p>\r\n<div>Hi, If you create a patch i will review it and add it to the repo if it looks ok. Please include description what you are changing why and was it tested.<br>\r\n</div>\r\n<div>\r\n<p>Read the <a href=\"http://nrf24l01.codeplex.com/discussions/434338#post1077089\" target=\"_blank\">\r\nfull discussion online</a>.</p>\r\n<p>To add a post to this discussion, reply to this email ([email removed])</p>\r\n<p>To start a new discussion for this project, email [email removed]</p>\r\n<p>You are receiving this email because you subscribed to this discussion on CodePlex. You can\r\n<a href=\"http://nrf24l01.codeplex.com/discussions/434338/unsubscribe/\" target=\"_blank\">\r\nunsubscribe</a> on CodePlex.com.</p>\r\n<p>Please note: Images and attachments will be removed from emails. Any posts to this discussion will also be available online at CodePlex.com</p>\r\n</div>\r\n</div>\r\n</blockquote>\r\n</div>\r\n",
    "PostedDate": "2013-08-06T02:00:05.717-07:00",
    "UserRole": null,
    "MarkedAsAnswerDate": null
  },
  {
    "Id": "1077161",
    "ThreadId": "434338",
    "Html": "Sure no problem. Just submit it thru Codeplex<br />\n",
    "PostedDate": "2013-08-06T02:40:37.277-07:00",
    "UserRole": null,
    "MarkedAsAnswerDate": null
  },
  {
    "Id": "1079516",
    "ThreadId": "434338",
    "Html": "\r\n<div dir=\"ltr\">Hi,\r\n<div><br>\r\n</div>\r\n<div>unfortunately i can give you just my code.</div>\r\n<div><br>\r\n</div>\r\n<div>Take into account that i've added just the INRF24L01Plus interface and this interface is now implmented by some classes.</div>\r\n<div><br>\r\n</div>\r\n<div>I've recreated from scratch the Gadgeteer module project G2Tech.nRF24L01Plus\r\n</div>\r\n<div><br>\r\n</div>\r\n<div>So no way to create a patch.</div>\r\n<div><br>\r\n</div>\r\n<div>Just keep as example... this would be very nice to be present in your trunk! In this way i can modularize better the &quot;client code&quot;.</div>\r\n<div><br>\r\n</div>\r\n<div>I sent you even some code of my &quot;shared context&quot; library.... it's a project i'm doing... when i've time... that under the hood would use your library for the comunication but it's open to any type of channel, implemeting some interfaces...</div>\r\n<div><br>\r\n</div>\r\n<div>The idea is to use the spanning tree approach to create an unique path between a set of microframework devices.... connected in network in order to share a list of set points.\r\n</div>\r\n<div><br>\r\n</div>\r\n<div><br>\r\n</div>\r\n<div>Regards</div>\r\n</div>\r\n<div><br>\r\n<br>\r\n<div>2013/8/6 gralinPL <span dir=\"ltr\">&lt;[email removed]&gt;</span><br>\r\n<blockquote style=\"margin:0 0 0 .8ex; border-left:1px #ccc solid; padding-left:1ex\">\r\n<div>\r\n<p>From: gralinPL</p>\r\n<div>Sure no problem. Just submit it thru Codeplex<br>\r\n</div>\r\n<div>\r\n<div>\r\n<p>Read the <a href=\"http://nrf24l01.codeplex.com/discussions/434338#post1077161\" target=\"_blank\">\r\nfull discussion online</a>.</p>\r\n<p>To add a post to this discussion, reply to this email ([email removed])</p>\r\n<p>To start a new discussion for this project, email [email removed]</p>\r\n<p>You are receiving this email because you subscribed to this discussion on CodePlex. You can\r\n<a href=\"http://nrf24l01.codeplex.com/discussions/434338/unsubscribe/\" target=\"_blank\">\r\nunsubscribe</a> on CodePlex.com.</p>\r\n<p>Please note: Images and attachments will be removed from emails. Any posts to this discussion will also be available online at CodePlex.com</p>\r\n</div>\r\n</div>\r\n</div>\r\n</blockquote>\r\n</div>\r\n<br>\r\n</div>\r\n",
    "PostedDate": "2013-08-12T05:15:27.463-07:00",
    "UserRole": null,
    "MarkedAsAnswerDate": null
  },
  {
    "Id": "1080189",
    "ThreadId": "434338",
    "Html": "SandeX, the interface is handy, of course.  So, did you have to do anything special to get the Gadgeteer module working on v4.2?  I simply compiled the project as v4.2 but have not tested it yet.<br />\n",
    "PostedDate": "2013-08-13T10:57:55.863-07:00",
    "UserRole": null,
    "MarkedAsAnswerDate": null
  }
]