[
  {
    "Id": "990206",
    "ThreadId": "430400",
    "Html": "\r\n<p>Hi,</p>\r\n<p>the PCB for the Gadgeteer Module is available in some shop?&nbsp;</p>\r\n<p>&nbsp;</p>\r\n<p>Thanks</p>\r\n",
    "PostedDate": "2013-01-22T02:08:40.123-08:00",
    "UserRole": null,
    "MarkedAsAnswerDate": null
  },
  {
    "Id": "990267",
    "ThreadId": "430400",
    "Html": "\r\n<p>I was using a prototype gadgeteer module created by Eric Hall (http://www.tinyclr.com/user/1555). There was also another module prototype created by GMod (http://www.tinyclr.com/user/440). I don't think any of them made a commercial board but you can contact\r\n them or ask about it on tinyclr.com forum.&nbsp;</p>\r\n<p>http://www.tinyclr.com/forum/topic?id=5460</p>\r\n",
    "PostedDate": "2013-01-22T05:11:03.707-08:00",
    "UserRole": null,
    "MarkedAsAnswerDate": null
  }
]