[
  {
    "Id": "1318319",
    "ThreadId": "571087",
    "Html": "I have used the library to connect 2 Netduino 2 plus boards with no problem; I modified the Gadgeteer example and it works for simple  send/receive of data. Great library and code to get going on simple wireless communication with .NET MF.<br />\n<br />\nDoes the library support  the Multiciver scenario and/or is there a good example to setup, 3-5 same or different devices using the  nRF24L01+?<br />\n<br />\nAny advice is appreciated.  Thanks.<br />\n<br />\nUpdated:<br />\n<br />\nI think I can use this logic to setup primary RX or TX?<br />\n<pre><code>\n //primary TX\n _module.Execute(Commands.W_REGISTER, Registers.CONFIG, new[] {(byte) (0x0F &lt;&lt; Bits.PWR_UP | 0x00 &lt;&lt; Bits.PRIM_RX)});\n //primary RX\n _module.Execute(Commands.W_REGISTER, Registers.CONFIG, new[] { (byte)(0x0F &lt;&lt; Bits.PWR_UP | 0x0F &lt;&lt; Bits.PRIM_RX) });\n</code></pre>\n\nCan anyone shed any light on this?<br />\n",
    "PostedDate": "2014-11-01T22:59:47.007-07:00",
    "UserRole": null,
    "MarkedAsAnswerDate": null
  }
]