[
  {
    "Id": "735156",
    "ThreadId": "289278",
    "Html": "\r\n<p>Hi all.</p>\r\n<p>I succeffully made this lib work on Netduino (<a href=\"http://www.netduino.com\">www.netduino.com</a>) with&nbsp;minimal code changes. May I contribute?</p>\r\n",
    "PostedDate": "2012-02-01T11:34:11.543-08:00",
    "UserRole": null,
    "MarkedAsAnswerDate": null
  },
  {
    "Id": "754862",
    "ThreadId": "289278",
    "Html": "<p>That's great! Would you like to join the project and develop it? If not than just upload the patch and i will add it to the repo.</p>",
    "PostedDate": "2012-02-10T15:48:03.563-08:00",
    "UserRole": null,
    "MarkedAsAnswerDate": null
  },
  {
    "Id": "818083",
    "ThreadId": "289278",
    "Html": "<p>Hi,&nbsp;</p>\r\n<p>I am trying to use this library with netduino mini but I am having some problems. I lost the first bit of all the data that arrives via SPI to netduino. Perhaps it is related with hardware... but, electtrozero, are the changes you use integrated with the repo? &nbsp;</p>\r\n<p>Kind regards,</p>\r\n<p>&nbsp; &nbsp; &nbsp;Juan</p>",
    "PostedDate": "2012-03-31T01:52:29.393-07:00",
    "UserRole": null,
    "MarkedAsAnswerDate": null
  },
  {
    "Id": "818085",
    "ThreadId": "289278",
    "Html": "<p>Unfortunately elettrozero didn't send me the patch containing his changes. You may want to contact him directly to see if he still want's to contribute. Also make sure you are using the latest changeset. If you figure out what is wrong with the library or would like to contribute something it would be great!</p>",
    "PostedDate": "2012-03-31T02:00:47.373-07:00",
    "UserRole": null,
    "MarkedAsAnswerDate": null
  },
  {
    "Id": "818127",
    "ThreadId": "289278",
    "Html": "<p>Hi,</p>\r\n<p>Finally, I get the SPI communication working. I have changed in which edge of the clock the data is captured.</p>\r\n<p>From:</p>\r\n<p>&nbsp; &nbsp; &nbsp; &nbsp; &nbsp; &nbsp; _spiPort = new SPI(new SPI.Configuration(chipSelectPin, false, 0, 0, false, false, 2000, spi));</p>\r\n<p>To:</p>\r\n<p>&nbsp; &nbsp; &nbsp; &nbsp; &nbsp; &nbsp; _spiPort = new SPI(new SPI.Configuration(chipSelectPin, false, 0, 0, false, true, 2000, spi));</p>\r\n<p>&nbsp;</p>\r\n<p>It is something strange because other tests with GHI Panda have worked with the original setup...</p>\r\n<p>Kind regards,</p>\r\n<p>&nbsp; &nbsp; &nbsp;Juan</p>",
    "PostedDate": "2012-03-31T06:20:01.903-07:00",
    "UserRole": null,
    "MarkedAsAnswerDate": null
  },
  {
    "Id": "818135",
    "ThreadId": "289278",
    "Html": "<p>So it's one setting for Pand and other for Netduino? Could you verify it and maybe check why? We can set different value depending on the platform but that would require indicating to the driver which platform its being run on. Or it can read it the same way the sample application does...</p>",
    "PostedDate": "2012-03-31T07:05:00.957-07:00",
    "UserRole": null,
    "MarkedAsAnswerDate": null
  },
  {
    "Id": "850905",
    "ThreadId": "289278",
    "Html": "<p>Just tried the library on an STM32F4 Discovery board loaded with the Oberon 4.2 (&nbsp;<a title=\"http://netmf4stm32.codeplex.com/\" href=\"http://netmf4stm32.codeplex.com/\">http://netmf4stm32.codeplex.com/</a>).</p>\r\n<p>Same as the Netduino above it failed with falling edge:&nbsp;</p>\r\n<p>_spiPort = new SPI(new SPI.Configuration(chipSelectPin, false, 0, 0, false, false, 2000, spi));</p>\r\n<p>But works fine on rising edge: &nbsp;</p>\r\n<p>_spiPort = new SPI(new SPI.Configuration(chipSelectPin, false, 0, 0, false, true, 2000, spi));</p>\r\n<p>I don't suppose there is a system call to ask the SPI implimentation which it should use?</p>\r\n<p>Anyway it works.</p>",
    "PostedDate": "2012-06-19T07:28:54.9-07:00",
    "UserRole": null,
    "MarkedAsAnswerDate": null
  },
  {
    "Id": "851382",
    "ThreadId": "289278",
    "Html": "<p>The current version in the repo is using rising edge as it seems to be working on all platforms.&nbsp;</p>",
    "PostedDate": "2012-06-20T00:45:01.903-07:00",
    "UserRole": null,
    "MarkedAsAnswerDate": null
  },
  {
    "Id": "1211081",
    "ThreadId": "289278",
    "Html": "which the corresponding pins on netduinoplus. \r<br />\nWhich pins connect MOSI and MISO<br />\n",
    "PostedDate": "2014-02-20T04:12:59.063-08:00",
    "UserRole": null,
    "MarkedAsAnswerDate": null
  }
]