[
  {
    "Id": "1310696",
    "ThreadId": "569105",
    "Html": "Hello,\r<br />\n<br />\nI've ordered 4 NRF24L01+ from ebay china, to link devices. My current NET Micro Framework device is a STM32F4 running netmf 4.2.\r<br />\n<br />\nTo simplify the development process for upcoming devices a little bit, I decided to connect an arduino mini pro via an USB/RS232 adapter as debug radio modem. Afters hours of reading, wire checking and cursing (It did not work), I decided to go one step back, and connect 2 wireless modules with SPI1 and SPI2 on my STM32F4. So I have similar conditions for each wireless module.\r<br />\n<br />\nI followed the Sample project and <br />\n<ol>\n<li>created</li>\n<li>configured</li>\n<li>initialized (same address on slot 0)</li>\n<li>\nenabled<br />\n</li>\n</ol>\none NRF24L01 object for each wireless module. But nothing happened. None of the 4 eventhandlers got executed. The SPI pin configuration comes directly from the official stm32f4 documentation. For IRQ, CS end CE I took PIN A1-A3 for SPI1 and 3 other pins for SPI2. I can read out the addresses, so I think my wiring is correct.\r<br />\n<br />\nWithin the try &amp; error process with the arduino I had 2 situations, where the arduino console told me, that multiple packages got successfully tramsmitted. That was minutes after restarting the arduino console. But I could not reproduce the situation.\r<br />\n<br />\nThe STM32F4 as well as the NRF24L01 are power supplied from a breadboard power connector which supplies 5v for the st and 3.3v for the rf24.\r<br />\n<br />\nAny suggestions to prevent me from kicking the rf24 modules into trash? Maybe any diagnostic steps? I did not get familiar with all rf24 registers.\r<br />\n<br />\nThanks in advance\r<br />\nChristian<br />\n",
    "PostedDate": "2014-10-06T03:06:11.387-07:00",
    "UserRole": null,
    "MarkedAsAnswerDate": null
  },
  {
    "Id": "1310721",
    "ThreadId": "569105",
    "Html": "Hi Christian,\r<br />\n<br />\nIf you are able to read the addresses from both modules connected to the STM32F4 then it sound like those are connected properly. Could you simplify your code (unless it's already short) and share it here? Since you are able to read from modules but not able to receive sent data, it sounds like there is a problem with the interrupt pin. You could try changing the interrupt pin contructor parameters and see if it helps. You could also add a print line in the internal interrupt handler to see if the problem is that the interrupt is not fired or does the handler read 0 bytes. Also maybe you have wrong pins attached to the IRQ.\r<br />\n<br />\nHopes this helps\r<br />\n<br />\nJakub<br />\n",
    "PostedDate": "2014-10-06T04:43:48.633-07:00",
    "UserRole": null,
    "MarkedAsAnswerDate": null
  },
  {
    "Id": "1310723",
    "ThreadId": "569105",
    "Html": "Hello Jakub, thanks for your answer. I will try changing/checking the IRQ pins. But what do you exactly mean by &quot;Also maybe you have wrong pins attached to the IRQ&quot; ?  Just the wrong pin ?  Or maybe pins I can't use for interrupts?\r<br />\n<br />\nChristian.<br />\n",
    "PostedDate": "2014-10-06T04:55:17.07-07:00",
    "UserRole": null,
    "MarkedAsAnswerDate": null
  },
  {
    "Id": "1310735",
    "ThreadId": "569105",
    "Html": "I was thinking about the first one, that you declare wrong pin as the one attached to the module IRQ pin, but it is also an idea to check if the pin you are using supports interrupts.<br />\n",
    "PostedDate": "2014-10-06T05:21:26.307-07:00",
    "UserRole": null,
    "MarkedAsAnswerDate": null
  },
  {
    "Id": "1311047",
    "ThreadId": "569105",
    "Html": "I've rechecked the wiring with an excel sheet. First there was an error with SPI1 which leads to an incorrect address on AddressSlot.One (it looses 1 bit 0x0F turns into 0x0E on the first byte).\r<br />\n<br />\nIt seems that I had irq pin misconfiguration as you suggested, because now I get interrupts on the senders side. But it runs into the TransmitFailed event. How could I find out what exactly is going wrong? I think there was an debugmessage saying retry count exceeded. But it was too late to do further investigation.\r<br />\n<br />\n<br />\nChristian<br />\n",
    "PostedDate": "2014-10-06T23:39:00.787-07:00",
    "UserRole": null,
    "MarkedAsAnswerDate": null
  },
  {
    "Id": "1311083",
    "ThreadId": "569105",
    "Html": "Ok It's good you are moving forward. Can you please share your code so that I can validate it and maybe someone else will also benefit from it?<br />\n",
    "PostedDate": "2014-10-07T02:27:30.223-07:00",
    "UserRole": null,
    "MarkedAsAnswerDate": null
  },
  {
    "Id": "1311097",
    "ThreadId": "569105",
    "Html": "Here's some code I've produced to test the environment. I've also tested the scenario with two different addresses configured, on both sides adding the opposite address into AddressSlot.One. and sending to _module1 AddressSlot.One.<br />\n<pre><code>NRF24L01Plus _module1 = new NRF24L01Plus() { Name = &quot;Sender&quot; };\nNRF24L01Plus _module2 = new NRF24L01Plus() { Name = &quot;Receiver&quot; };\nTimer t;\n\npublic override void Init()\n{\n    _module1.Initialize(SPI_Devices.SPI3, Pins.GPIO_PIN_A_14, Pins.GPIO_PIN_A_15, Pins.GPIO_PIN_D_0);\n        _module1.Configure(new byte[] { 0x0F, 0x0F, 0x0F, 0x0F, 0x0F }, 77, NRFDataRate.DR2Mbps);\n\n    // this handler executes on sender\n    _module1.OnTransmitFailed += OnTransmitFailed;\n    \n    // this handler never executes\n    _module1.OnTransmitSuccess += OnTransmitSuccess;\n    \n    _module1.Enable();\n    \n\n    _module2.Initialize(SPI_Devices.SPI2, Pins.GPIO_PIN_D_8, Pins.GPIO_PIN_D_10, Pins.GPIO_PIN_B_12);\n    _module2.Configure(new byte[] { 0x0F, 0x0F, 0x0F, 0x0F, 0x0F }, 77, NRFDataRate.DR2Mbps);\n    \n    // both handlers are never executed\n    _module2.OnDataReceived += this.OnReceive;\n    _module2.OnInterrupt += _module2_OnInterrupt;\n    \n    _module2.Enable();\n    \n    t = new Timer((e) =&gt;\n            {\n                var adr = _module1.GetAddress(AddressSlot.Zero, 5);\n                _module1.SendTo(adr, UTF8Encoding.UTF8.GetBytes(&quot;HI&quot;));\n            }, true, 0, 2000);\n}\n    </code></pre>\n\n",
    "PostedDate": "2014-10-07T03:06:10.23-07:00",
    "UserRole": null,
    "MarkedAsAnswerDate": null
  },
  {
    "Id": "1311101",
    "ThreadId": "569105",
    "Html": "<pre><code>_module1.Configure(new byte[] { 0x0F, 0x0F, 0x0F, 0x0F, 0x0F }, 77, NRFDataRate.DR2Mbps);\n_module2.Configure(new byte[] { 0x0F, 0x0F, 0x0F, 0x0F, 0x0F }, 77, NRFDataRate.DR2Mbps);</code></pre>\n\nYou are setting the same address for both modules, those values should be different. \r<br />\nAlso you can skip the third argument as this is the default value.<br />\n<pre><code>var adr = _module1.GetAddress(AddressSlot.Zero, 5);\n _module1.SendTo(adr, UTF8Encoding.UTF8.GetBytes(&quot;HI&quot;));</code></pre>\n\nThis means you want module1 to send data to module1<br />\n",
    "PostedDate": "2014-10-07T03:19:38.287-07:00",
    "UserRole": null,
    "MarkedAsAnswerDate": null
  },
  {
    "Id": "1311104",
    "ThreadId": "569105",
    "Html": "But I also have to add the opposite addresses into my AddressSlots ?<br />\n",
    "PostedDate": "2014-10-07T03:30:24.567-07:00",
    "UserRole": null,
    "MarkedAsAnswerDate": null
  },
  {
    "Id": "1311115",
    "ThreadId": "569105",
    "Html": "I guess you have read how the modules work and this makes you confused. Using this library you don't have to touch the slots. Just send data to an address you want and that's it. Under the hood the library sets the slot0 to receiver address in order for ShockBurst ack to work.<br />\n",
    "PostedDate": "2014-10-07T04:18:51.053-07:00",
    "UserRole": null,
    "MarkedAsAnswerDate": null
  },
  {
    "Id": "1311128",
    "ThreadId": "569105",
    "Html": "You're right :) As I also struggeled around with the arduino RF24 library I read a little bit about pipes and addresses.\r<br />\n<br />\nThank you for your help. I will try it later that day.<br />\n",
    "PostedDate": "2014-10-07T05:05:59.553-07:00",
    "UserRole": null,
    "MarkedAsAnswerDate": null
  },
  {
    "Id": "1311432",
    "ThreadId": "569105",
    "Html": "Finally the connection between SPI1 and SPI2 radio on my stm32 board works. I think it was a mix of wrong configuration and faulted jumper wires from china. Even the communication between arduino and stm32 worked .. but only for the first time I reset the arduino. First package got sent, visual studio jumped into the breakpoint OnDataReceive and the correct byte array got received. Every call after the first neither the OnInterrupt gets called nor the InDataReceive gets called. <br />\n<br />\nAfter some googling I've read some solved problems where people added 10uF capacitor in the chip. From my understanding this is obsolete if I use a breadboard powersupply with max 500ma from the USB bus.<br />\n<br />\nEven if this is not a Gralin driver problem could you help?<br />\n",
    "PostedDate": "2014-10-07T23:32:11.653-07:00",
    "UserRole": null,
    "MarkedAsAnswerDate": null
  }
]