[
  {
    "Id": "1106582",
    "ThreadId": "461941",
    "Html": "I have neither the time nor expertise in low level bit twiddling on this driver, but I have these devices and a need to use them in a current project.  I've made futile attempts to get this to work on .NET Micro 4.2.<br />\n\r<br />\nThere have been tons of posts about this in other forums such as GHI (Gadgeteer) where people are having no success getting this to work.  Since the community effort is also futile, I'm willing to donate funds to help the cause if someone is willing to resurrect this project. <br />\n",
    "PostedDate": "2013-10-11T13:29:26.357-07:00",
    "UserRole": null,
    "MarkedAsAnswerDate": null
  },
  {
    "Id": "1106748",
    "ThreadId": "461941",
    "Html": "Could you elaborate more on your project? Which .NET Micro Framework boards are you using, which Nordic modules, how many, what are your goals. If my hardware resources are sufficient i think I'm able to help you out.<br />\n",
    "PostedDate": "2013-10-12T13:02:26.31-07:00",
    "UserRole": null,
    "MarkedAsAnswerDate": null
  },
  {
    "Id": "1106874",
    "ThreadId": "461941",
    "Html": "hey gralin.  Good questions.  I'll give you what info I know here.<br />\n<ul>\n<li>I'm using the latest code from codeplex here, but compiling to netmf 4.2. No other changes, except that instead of installing the gadgeteer module, I'm just calling the Nordic.cs module class from my little test gadeteer project. </li>\n<li>I'm using Gadgeteer Cerberus on socket 6</li>\n<li>I'm confident the wiring is correct (more on that below)</li>\n<li>When I execute nordic.SendTo() I get &quot;Send Failed&quot;</li>\n<li>I notice that in HandleInterrupt() the _transmitFailedFlag.Set() is always called</li>\n<li>\nI don't know enough to dig deeper or where to put breakpoints and look for more clues<br />\n</li>\n</ul>\nI've tried to do clever things like put a 2nd nordic device on socket 5 (assuming that is supported) and have it talk to 2 devices on a single cerberus.  I cant remember if I tried talking to 2 different cerberus devices on socket 6, but can go try that.  I just assumed it's failing internally before a transmit is even actually executing, but I don't know.\r<br />\n<br />\nHave a look here:\r<br />\n<a href=\"https://www.ghielectronics.com/community/forum/topic?id=12725&amp;page=2\" rel=\"nofollow\">https://www.ghielectronics.com/community/forum/topic?id=12725&page=2</a>\r<br />\n<br />\nThat whole thread actually has a lot of good info.  Wiring is pretty straight forward after looking at the nordic spec and gadgeteer socket 6.\r<br />\n<br />\nI have my wiring set up like Jay Jay here:\r<br />\n<a href=\"https://www.ghielectronics.com/community/forum/topic?id=5460&amp;page=10#msg67851\" rel=\"nofollow\">https://www.ghielectronics.com/community/forum/topic?id=5460&page=10#msg67851</a>\r<br />\n<br />\nI'm using a simple Gadgeteer Breakout module rather than Extender.<br />\n",
    "PostedDate": "2013-10-13T08:21:25.18-07:00",
    "UserRole": null,
    "MarkedAsAnswerDate": null
  },
  {
    "Id": "1106879",
    "ThreadId": "461941",
    "Html": "And you are using the regular nRF24L01 modules or the '+' versions? I will take a look at your problem during the week and we'll see if I can help out.<br />\n",
    "PostedDate": "2013-10-13T08:52:52.2-07:00",
    "UserRole": null,
    "MarkedAsAnswerDate": null
  },
  {
    "Id": "1106900",
    "ThreadId": "461941",
    "Html": "Yeah its a plus. I've got a few to test from, but might pick up a few more with different antennas to test.  Btw, i figured once I figure out my own blocking issue I'd do the work to create a new v4.2 gadgeteer module and check it in as a patch to consider here. Maybe add additional content and tutorial too.     <br />\n",
    "PostedDate": "2013-10-13T11:24:55.02-07:00",
    "UserRole": null,
    "MarkedAsAnswerDate": null
  },
  {
    "Id": "1113163",
    "ThreadId": "461941",
    "Html": "gralin, I've not made further progress, but I did post additional detail over in the GHI forums, first listed link above.<br />\n",
    "PostedDate": "2013-10-28T09:18:58.08-07:00",
    "UserRole": null,
    "MarkedAsAnswerDate": null
  },
  {
    "Id": "1180997",
    "ThreadId": "461941",
    "Html": "Gralin, RoachSlayer<br />\n<br />\nIs there any progress ? I am struggling with the exact problem. I have a Fez Cerb 40 II and nRF24L01+ modules, but so far i could not get it working in .net mf 4.2.<br />\nCan you please help?<br />\n<br />\nThanks!<br />\n",
    "PostedDate": "2014-01-19T08:29:10.72-08:00",
    "UserRole": null,
    "MarkedAsAnswerDate": null
  },
  {
    "Id": "1182056",
    "ThreadId": "461941",
    "Html": "Ok this is the test I made. <br />\n<ul>\n<li>I have installed all the latest bits for .net mf and gadgeteer,</li>\n<li>I have updated TinyBooter and TinyCLR on my FEZ Cerberus,</li>\n<li>I have created a new Gadgeteer module library using the latest template</li>\n<li>I have created two simple apps that send data from one to another (one for FEZ Mini and the other for FEZ Cerberus)</li>\n<li>\nEverything worked :)<br />\n</li>\n</ul>\nThis is the resulting <a href=\"https://drive.google.com/file/d/0B92tEaFhlY7KWkJBdW5YY05Tcnc/edit?usp=sharing\" rel=\"nofollow\">Gadgeteer module installer</a>. Please note that the name of the module might change as i just typed in what came to my mind (Gadgeteer Nordic). Let me now if you have any problems with this. <br />\n",
    "PostedDate": "2014-01-19T14:56:37.23-08:00",
    "UserRole": null,
    "MarkedAsAnswerDate": null
  },
  {
    "Id": "1196331",
    "ThreadId": "461941",
    "Html": "Gralin,\r<br />\n<br />\nThank you for the test! Since i do not have the hardware for the Gadgeteer module, i still used the compiled version i had before. \r<br />\nAfter reading your results, since i had no doubts about the software any more, i had a closer look at the hardware.\r<br />\nI found out i had 3 cables not making proper connection and one of the Fez Cerb II boards had one or more broken GPIO's.\r<br />\nNow everything works! !!!!\r<br />\nIt will be very useful for people not so experienced with Nordic and .Net Micro Framework to add some troubleshooting hints.\r<br />\nFor example in my case i added these lines of code after Enabling the nordic object:<br />\n<pre><code>        Debug.Print(&quot;Channel = &quot; + nordic.GetChannel().ToString());\n        Debug.Print(&quot;Address = &quot; + new string(Encoding.UTF8.GetChars(nordic.GetAddress(AddressSlot.Zero, 5))));\n        Debug.Print(&quot;Frequency = &quot; + nordic.GetFrequency().ToString());\n        Debug.Print(&quot;Status = &quot; + nordic.GetStatus().ToString());</code></pre>\n\nIf nordic does not communicate properly with the micro controller, you will get back \r<br />\nChannel = 0\r<br />\nAddress = \r<br />\nFrequency = 2400\r<br />\netc\r<br />\n<br />\nI found i do not need the extra capacitor as described here:\r<br />\n<a href=\"https://www.ghielectronics.com/community/codeshare/entry/848\" rel=\"nofollow\">https://www.ghielectronics.com/community/codeshare/entry/848</a>\r<br />\n<br />\nThank you for your help! Conclusion is that the code works fine on 4.2 as well.\r<br />\n<br />\nMarian<br />\n",
    "PostedDate": "2014-01-24T15:09:45.493-08:00",
    "UserRole": null,
    "MarkedAsAnswerDate": null
  },
  {
    "Id": "1196394",
    "ThreadId": "461941",
    "Html": "@mgahappy, \r<br />\n<br />\nI'm glad it works for you. You are right about the debug prints, I do exactly the same if I have any doubts ;)<br />\n",
    "PostedDate": "2014-01-24T15:46:16.077-08:00",
    "UserRole": null,
    "MarkedAsAnswerDate": null
  },
  {
    "Id": "1325778",
    "ThreadId": "461941",
    "Html": "Gralin, did you post the source for that updated module?  I'm on gadgeteer v4.3.6.0 and your module is on 4.3.0.0 so it wont load.  And as often as GHI keeps revising the SDK, the only way to keep up is via source to simply recompile.<br />\n<br />\nAlso, did you change the library at all, or just create that module?  (meaning, that last test you did with the Cerb, did it use the same May or Oct 2012 nordic lib?<br />\n<br />\nAlso, post the sample hello-world you used for the test that succeeded for you.  That could go a long way.  Thanks!<br />\n",
    "PostedDate": "2014-11-24T20:45:01.537-08:00",
    "UserRole": null,
    "MarkedAsAnswerDate": null
  },
  {
    "Id": "1325790",
    "ThreadId": "461941",
    "Html": "I got the whole thing working on netmf 4.3 and two Cerbs on socket 6. I imagine it would work with my Hydra and Spider too.<br />\n<br />\nI'd like to submit my update, including a simple Hello-World sample, and give this nordic rf24 a bit more shelf life.  I don't use SVN, only TFS, and I am unfamiliar with codeplex, so what is the best way to get you the code?<br />\n",
    "PostedDate": "2014-11-24T21:56:03.45-08:00",
    "UserRole": null,
    "MarkedAsAnswerDate": null
  }
]