{
  "WorkItem": {
    "AffectedComponent": {
      "Name": "",
      "DisplayName": ""
    },
    "ClosedComment": "",
    "ClosedDate": null,
    "CommentCount": 0,
    "Custom": null,
    "Description": "I used NRF24L01Plus in Netduino project, however, one exception is throwed off in HandleInterrupt method:\n \nA first chance exception of type 'System.IndexOutOfRangeException' occurred in Gralin.NETMF.Nordic.NRF24L01Plus.dll\nAn unhandled exception of type 'System.IndexOutOfRangeException' occurred in Gralin.NETMF.Nordic.NRF24L01Plus.dll\n \nthe stack information as:\nstatus = {DataReady: True, DateSent: False, ResendLimitReached: True, TxFull: False, RxEmpty: False, DataPipe: 6, DataPipeNotUsed: True}\n \nit looks that payloadCount == 3 and it's out of range of payloads array.\n \nCould you fix this bug or provide a example of Netduino? thanks a lot.",
    "LastUpdatedDate": "2013-02-13T19:02:25.8-08:00",
    "PlannedForRelease": "",
    "ReleaseVisibleToPublic": false,
    "Priority": {
      "Name": "Low",
      "Severity": 50,
      "Id": 1
    },
    "ProjectName": "nRF24L01",
    "ReportedDate": "2011-09-25T01:11:35.037-07:00",
    "Status": {
      "Name": "Proposed",
      "Id": 1
    },
    "ReasonClosed": {
      "Name": "Unassigned"
    },
    "Summary": "Netduino throw off IndexOutOfRange exception",
    "Type": {
      "Name": "Issue",
      "Id": 3
    },
    "VoteCount": 1,
    "Id": 443
  },
  "FileAttachments": [],
  "Comments": [
    {
      "Message": "According to documentation the RX FIFO holds a maximum of 3 payloads. One payload can be up to 32 bytes. This is why the payloads variable in the driver is a jagged array of 3 array elements. If you say that the payloadCount reached value of 3 and it was used as an index, than it would mean that more than 3 payloads where received. Could you put a breakpoint after the first payload read and check if the array contains any valid data you send from other device? If so increase the payloads jagged array size and see if it resolves your problem.",
      "PostedDate": "2011-10-02T01:38:13.1-07:00",
      "Id": -2147483648
    },
    {
      "Message": "",
      "PostedDate": "2013-02-13T19:02:25.8-08:00",
      "Id": -2147483648
    }
  ]
}