{
  "WorkItem": {
    "AffectedComponent": {
      "Name": "",
      "DisplayName": ""
    },
    "ClosedComment": "",
    "ClosedDate": null,
    "CommentCount": 0,
    "Custom": null,
    "Description": "Gadgeteer Module is only for MF 4.1 and not for MF 4.2",
    "LastUpdatedDate": "2013-02-13T19:02:25.333-08:00",
    "PlannedForRelease": "",
    "ReleaseVisibleToPublic": false,
    "Priority": {
      "Name": "Low",
      "Severity": 50,
      "Id": 1
    },
    "ProjectName": "nRF24L01",
    "ReportedDate": "2013-01-22T07:59:02.39-08:00",
    "Status": {
      "Name": "Proposed",
      "Id": 1
    },
    "ReasonClosed": {
      "Name": "Unassigned"
    },
    "Summary": "Gadgeteer Module is only for MF 4.1 and not for MF 4.2",
    "Type": {
      "Name": "Issue",
      "Id": 3
    },
    "VoteCount": 1,
    "Id": 1087
  },
  "FileAttachments": [],
  "Comments": []
}