{
  "WorkItem": {
    "AffectedComponent": {
      "Name": "",
      "DisplayName": ""
    },
    "ClosedComment": "",
    "ClosedDate": null,
    "CommentCount": 0,
    "Custom": null,
    "Description": "This can happen sometimes. In SampleApp this occurse when small delay is set and lots of packets are sent (possibility of this bug is higher). This causes a new token to be generated. One board sends packet and OnTransmitFailed is triggered which means that the packet was not received by target board. The targer board however receives the packet and sends it to the next board. One reason this might occure is that the recipient receives the packet and sends ack that gets corrupted. Need to read the datasheet more  to see what to do in such case. Also there might me some bug in source code causing it...",
    "LastUpdatedDate": "2013-02-13T19:02:25.967-08:00",
    "PlannedForRelease": "Beta 1",
    "ReleaseVisibleToPublic": true,
    "Priority": {
      "Name": "Medium",
      "Severity": 100,
      "Id": 2
    },
    "ProjectName": "nRF24L01",
    "ReportedDate": "2011-06-11T12:46:15.823-07:00",
    "Status": {
      "Name": "Active",
      "Id": 2
    },
    "ReasonClosed": {
      "Name": "Unassigned"
    },
    "Summary": "OnTransmitFailed triggered even though packet was received by recipient",
    "Type": {
      "Name": "Issue",
      "Id": 3
    },
    "VoteCount": 1,
    "Id": 115
  },
  "FileAttachments": [],
  "Comments": []
}