[
  {
    "Id": "0",
    "Name": "Beta 1",
    "DevelopmentStatus": "Beta",
    "Description": "This is a first beta release. Bug reports are more than welcome.",
    "ReleasedDatge": "0001-01-01T00:00:00",
    "ModifiedDate": "2011-06-11T12:35:04.55-07:00",
    "Files": [
      {
        "Id": "ca4389ce-a82e-4739-b0ec-6d910c29b667",
        "FileName": "Binaries.zip",
        "Url": "./0/ca4389ce-a82e-4739-b0ec-6d910c29b667",
        "Type": "Application",
        "UploadDate": "2011-06-11T12:35:04.333-07:00"
      },
      {
        "Id": "722d05d7-aa94-4426-8ce9-b87e30543550",
        "FileName": "Source Code.zip",
        "Url": "./0/722d05d7-aa94-4426-8ce9-b87e30543550",
        "Type": "Source Code",
        "UploadDate": "2011-06-11T12:35:04.363-07:00"
      }
    ]
  },
  {
    "Id": "1",
    "Name": "Beta 2",
    "DevelopmentStatus": "Beta",
    "Description": "This release includes *.NET Gadgeteer module driver*. More information about hardware can be found on TinyCLR forum\n\n[url:http://www.tinyclr.com/forum/topic?id=6208]\n\nThe board currently supported is the one offered by Eric Hall (ransomhall).",
    "ReleasedDatge": "0001-01-01T00:00:00",
    "ModifiedDate": "2012-05-05T04:09:34.947-07:00",
    "Files": [
      {
        "Id": "b121cddd-4a61-4672-b0f2-12a731eced49",
        "FileName": "Nordic.msi",
        "Url": "./1/b121cddd-4a61-4672-b0f2-12a731eced49",
        "Type": "Application",
        "UploadDate": "2012-05-05T04:09:34.68-07:00"
      },
      {
        "Id": "ff282050-5dfb-40cf-ba1c-bde2889f80ad",
        "FileName": "binaries.zip",
        "Url": "./1/ff282050-5dfb-40cf-ba1c-bde2889f80ad",
        "Type": "Application",
        "UploadDate": "2012-05-05T04:09:34.713-07:00"
      },
      {
        "Id": "ce4fd5cd-7674-4e58-9eb8-f3ac658cd73b",
        "FileName": "source.zip",
        "Url": "./1/ce4fd5cd-7674-4e58-9eb8-f3ac658cd73b",
        "Type": "Source Code",
        "UploadDate": "2012-05-05T04:09:34.743-07:00"
      }
    ]
  }
]