[
  {
    "Title": "Test",
    "Id": "518586",
    "ParentWikiTitle": "Home",
    "FileExtension": "codeplexwiki",
    "UpdatedDate": "2012-01-11T00:50:37.67-08:00",
    "FileAttachments": [
      {
        "Id": "479fbc7d-3839-4981-978e-c3dd251bff14",
        "FileName": "20110611_002.jpg",
        "DownloadUri": "./518586/479fbc7d-3839-4981-978e-c3dd251bff14"
      },
      {
        "Id": "2dd54710-b444-4a22-84d2-6fa7e9e0a0d4",
        "FileName": "20110611_002_small.jpg",
        "DownloadUri": "./518586/2dd54710-b444-4a22-84d2-6fa7e9e0a0d4"
      }
    ]
  },
  {
    "Title": "Documentation",
    "Id": "515751",
    "ParentWikiTitle": "Documentation",
    "FileExtension": "codeplexwiki",
    "UpdatedDate": "2012-01-04T03:11:01.907-08:00",
    "FileAttachments": []
  },
  {
    "Title": "Home",
    "Id": "437032",
    "ParentWikiTitle": "Home",
    "FileExtension": "codeplexwiki",
    "UpdatedDate": "2011-06-12T23:47:30.227-07:00",
    "FileAttachments": [
      {
        "Id": "a8daa41b-3d77-4846-8b21-3cf13bc25f17",
        "FileName": "micro-framework.gif",
        "DownloadUri": "./437032/a8daa41b-3d77-4846-8b21-3cf13bc25f17"
      }
    ]
  },
  {
    "Title": "Choose/buy boards",
    "Id": "436554",
    "ParentWikiTitle": "Home",
    "FileExtension": "codeplexwiki",
    "UpdatedDate": "2011-06-11T16:04:49.6-07:00",
    "FileAttachments": [
      {
        "Id": "b346cd0e-6176-4593-88d3-77a8baae28c6",
        "FileName": "ghi.jpg",
        "DownloadUri": "./436554/b346cd0e-6176-4593-88d3-77a8baae28c6"
      }
    ]
  },
  {
    "Title": "Choose/buy modules",
    "Id": "436553",
    "ParentWikiTitle": "Home",
    "FileExtension": "codeplexwiki",
    "UpdatedDate": "2011-06-11T16:03:25.63-07:00",
    "FileAttachments": [
      {
        "Id": "ad3c8746-2cae-4f3c-bc9b-8ed6c90e1ae1",
        "FileName": "TC24L01plus.JPG",
        "DownloadUri": "./436553/ad3c8746-2cae-4f3c-bc9b-8ed6c90e1ae1"
      }
    ]
  },
  {
    "Title": "Wire modules to boards",
    "Id": "436547",
    "ParentWikiTitle": "Home",
    "FileExtension": "codeplexwiki",
    "UpdatedDate": "2011-06-11T15:53:06.04-07:00",
    "FileAttachments": [
      {
        "Id": "fdc8f69a-c9ce-4372-a911-1f7403b51b3b",
        "FileName": "pinsz.png",
        "DownloadUri": "./436547/fdc8f69a-c9ce-4372-a911-1f7403b51b3b"
      },
      {
        "Id": "8428a511-ab42-4db9-9ec8-f62328131b62",
        "FileName": "20110611_005_small.jpg",
        "DownloadUri": "./436547/8428a511-ab42-4db9-9ec8-f62328131b62"
      }
    ]
  },
  {
    "Title": "Deploy",
    "Id": "435736",
    "ParentWikiTitle": "Home",
    "FileExtension": "codeplexwiki",
    "UpdatedDate": "2011-06-10T03:11:54.97-07:00",
    "FileAttachments": []
  }
]
