{
  "WorkItem": {
    "AffectedComponent": {
      "Name": "",
      "DisplayName": ""
    },
    "ClosedComment": "",
    "ClosedDate": null,
    "CommentCount": 0,
    "Custom": null,
    "Description": "Hello, \nCan we please rename the namespace from \"Ranzmaier\" to something in keeping with the existing code?\n \nSteven",
    "LastUpdatedDate": "2013-02-13T10:41:05.487-08:00",
    "PlannedForRelease": "",
    "ReleaseVisibleToPublic": false,
    "Priority": {
      "Name": "Low",
      "Severity": 50,
      "Id": 1
    },
    "ProjectName": "GadgeteerNetworking",
    "ReportedDate": "2011-12-16T05:01:13.56-08:00",
    "Status": {
      "Name": "Proposed",
      "Id": 1
    },
    "ReasonClosed": {
      "Name": "Unassigned"
    },
    "Summary": "Namespace \"Ranzmaier\"",
    "Type": {
      "Name": "Issue",
      "Id": 3
    },
    "VoteCount": 1,
    "Id": 206
  },
  "FileAttachments": [],
  "Comments": []
}