[
  {
    "Id": "0",
    "Name": "GadgeteerNetworking Extension",
    "DevelopmentStatus": "Alpha",
    "Description": "New Version with one very important Change!\n\nIt is not longer nessesary to modify the gadgateer sourcecode. I found a way to implement the TCP and UDP server as an extension method!",
    "ReleasedDatge": "0001-01-01T00:00:00",
    "ModifiedDate": "2011-11-16T14:33:45.777-08:00",
    "Files": [
      {
        "Id": "0b900411-8e4c-460d-875c-965622f9ed67",
        "FileName": "GadgeteerNetworking_src.zip",
        "Url": "./0/0b900411-8e4c-460d-875c-965622f9ed67",
        "Type": "Source Code",
        "UploadDate": "2011-11-16T14:07:01.193-08:00"
      }
    ]
  }
]