{
  "WorkItem": {
    "AffectedComponent": {
      "Name": "",
      "DisplayName": ""
    },
    "ClosedComment": "",
    "ClosedDate": "2011-07-02T19:55:30.94-07:00",
    "CommentCount": 0,
    "Custom": null,
    "Description": "Getting an error trying to cast a character to a byte. See image.",
    "LastUpdatedDate": "2013-05-14T20:00:16.257-07:00",
    "PlannedForRelease": "",
    "ReleaseVisibleToPublic": false,
    "Priority": {
      "Name": "Low",
      "Severity": 50,
      "Id": 1
    },
    "ProjectName": "microcontrib",
    "ReportedDate": "2011-06-27T06:10:35.42-07:00",
    "Status": {
      "Name": "Closed",
      "Id": 4
    },
    "ReasonClosed": {
      "Name": "Unassigned"
    },
    "Summary": "InvalidCastException",
    "Type": {
      "Name": "Issue",
      "Id": 3
    },
    "VoteCount": 1,
    "Id": 13742
  },
  "FileAttachments": [
    {
      "FileId": 3978,
      "FileName": "ByteCast.jpg",
      "DownloadUrl": ".\\3978"
    },
    {
      "FileId": 3979,
      "FileName": "PusherHandshake.png",
      "DownloadUrl": ".\\3979"
    }
  ],
  "Comments": [
    {
      "Message": "Thanks for the information, I was utilizing ArrayList and I am trying to get away from that by using ByteArrays which do not box.\r\n\r\nMost likely this occurs when adding a int or char to the list and then trying to unbox it which should work..\r\n\r\nDo you have a small server setup that I can test against? If not I will have to include something in the solution to allow testing of the protocol against the emulator from a webPage.\r\n\r\nThanks for the heads up!\r\n\r\n-Jay",
      "PostedDate": "2011-06-27T08:55:13.44-07:00",
      "Id": -2147483648
    },
    {
      "Message": "-- I may also decide to add a ByteArrayList so this is a little more verbose and doesn't use cast.",
      "PostedDate": "2011-06-27T08:56:16.07-07:00",
      "Id": -2147483648
    },
    {
      "Message": "I just added a public endpoint we can use for testing connections - please get latest. I'm still seeing a cast exception. I have a feeling this has something to do with the key generation. I wonder if using Guid.NewGuid() might be easier for this stuff?",
      "PostedDate": "2011-06-27T11:29:45.39-07:00",
      "Id": -2147483648
    },
    {
      "Message": "",
      "PostedDate": "2011-06-27T12:58:09.517-07:00",
      "Id": -2147483648
    },
    {
      "Message": "I've been testing the connection to pusher.. I finally got it to work (see attached image), however I had to hard code the keys to get it working. Now to figure out how to get the keys working..",
      "PostedDate": "2011-06-27T12:58:11.783-07:00",
      "Id": -2147483648
    },
    {
      "Message": "I've been trying to get this working with Pusher.com, but they seem to have some undocumented handshake sequence that happens within their javascript library... I'll continue to research other ways to host a WS server (this shouldn't be so hard :-()",
      "PostedDate": "2011-06-27T17:28:35.083-07:00",
      "Id": -2147483648
    },
    {
      "Message": "I think its because Type does not have a is assignable from that can be used but whatever... I posted a bug and fixed it in the latest sources... I already knew about it and now it came back to \"byte\" me so to speak!\r\n\r\nAnyway thanks for the testing! The key generation is still not 100% yet but its closer than what it was for sure! I will have that working next!\r\n\r\nGood Find and Good Commit!",
      "PostedDate": "2011-06-27T20:37:16.153-07:00",
      "Id": -2147483648
    },
    {
      "Message": "Added a big commit which seems to work for me! Unless you tell me otherwise I think are good to go to the next stage!\r\n\r\nHash is working fine!\r\n\r\nI am thinking about adding JSON Encoding and Decoding Support!",
      "PostedDate": "2011-06-27T23:02:01.393-07:00",
      "Id": -2147483648
    },
    {
      "Message": "I did some minor refactoring to separate the contracts from the implementations, get latest and see commit comments.",
      "PostedDate": "2011-06-28T07:48:18.457-07:00",
      "Id": -2147483648
    },
    {
      "Message": "JSON encode/decode support would be awesome. It's a really light weight string based protocol that make sense for embedded devices. I noticed someone already doing encoding (but not decoding) here:\r\nhttp://code.tinyclr.com/project/343/json-generation-library/",
      "PostedDate": "2011-06-28T08:59:22.187-07:00",
      "Id": -2147483648
    },
    {
      "Message": "Resolved with changeset 80177.",
      "PostedDate": "2011-07-02T19:55:30.94-07:00",
      "Id": -2147483648
    },
    {
      "Message": "",
      "PostedDate": "2013-02-13T12:31:12.81-08:00",
      "Id": -2147483648
    },
    {
      "Message": "",
      "PostedDate": "2013-05-14T20:00:16.257-07:00",
      "Id": -2147483648
    }
  ]
}