{
  "WorkItem": {
    "AffectedComponent": {
      "Name": "",
      "DisplayName": ""
    },
    "ClosedComment": "",
    "ClosedDate": null,
    "CommentCount": 0,
    "Custom": null,
    "Description": "I have a feeling this has something to do with sockets not being closed or something deep in the TCP protocol, but am not sure - could use some help on this one.\n \nSee attached file to see what's happening. Basically the handshake is only completing about 20% of the time (or less). \n \nGet latest then open the solution in the Trunk folder.",
    "LastUpdatedDate": "2013-02-13T12:31:11.917-08:00",
    "PlannedForRelease": "",
    "ReleaseVisibleToPublic": false,
    "Priority": {
      "Name": "Low",
      "Severity": 50,
      "Id": 1
    },
    "ProjectName": "microcontrib",
    "ReportedDate": "2011-12-27T09:12:44.823-08:00",
    "Status": {
      "Name": "Proposed",
      "Id": 1
    },
    "ReasonClosed": {
      "Name": "Unassigned"
    },
    "Summary": "Handshake isn't working",
    "Type": {
      "Name": "Issue",
      "Id": 3
    },
    "VoteCount": 1,
    "Id": 14605
  },
  "FileAttachments": [
    {
      "FileId": 4196,
      "FileName": "HandshakeWontWork.png",
      "DownloadUrl": ".\\4196"
    },
    {
      "FileId": 4197,
      "FileName": "HandshakeWorked.png",
      "DownloadUrl": ".\\4197"
    },
    {
      "FileId": 4198,
      "FileName": "RequestThatWontWork.png",
      "DownloadUrl": ".\\4198"
    },
    {
      "FileId": 4199,
      "FileName": "DiffMFAndJS.png",
      "DownloadUrl": ".\\4199"
    }
  ],
  "Comments": [
    {
      "Message": "Here is a screenshot of a successful handshake (packets captured from the wire).",
      "PostedDate": "2011-12-27T09:15:38.257-08:00",
      "Id": -2147483648
    },
    {
      "Message": "",
      "PostedDate": "2011-12-27T10:37:53.703-08:00",
      "Id": -2147483648
    },
    {
      "Message": "Attached a screenshot of a request that didn't get a handshake.",
      "PostedDate": "2011-12-27T10:37:55.327-08:00",
      "Id": -2147483648
    },
    {
      "Message": "",
      "PostedDate": "2011-12-27T10:59:36.07-08:00",
      "Id": -2147483648
    },
    {
      "Message": "Added a diff screenshot between MF and JS client requests.",
      "PostedDate": "2011-12-27T10:59:39.173-08:00",
      "Id": -2147483648
    },
    {
      "Message": "This one works:\r\n\r\nGET /app/de39425369c0ebdccb7e?client=js&version=1.8.5 HTTP/1.1\r\nUpgrade: WebSocket\r\nConnection: Upgrade\r\nSec-WebSocket-Key2: 1  0  IA DM j2\r\nHost: ws.pusherapp.com\r\nSec-WebSocket-Key1:  _411M 01h\\3 40\r\nOrigin: ws.pusherapp.com\r\n\r\n0s`VN1 3\r\n\r\n\r\n\r\nBut this one won't work:\r\n\r\nGET /app/de39425369c0ebdccb7e?client=js&version=1.8.5 HTTP/1.1\r\nUpgrade: WebSocket\r\nConnection: Upgrade\r\nSec-WebSocket-Key2: 0840166p0 C y0\r\nHost: ws.pusherapp.com\r\nSec-WebSocket-Key1: T O1  0 O1\r\nOrigin: ws.pusherapp.com\r\n\r\n2iQO  G8\r\n\r\n",
      "PostedDate": "2011-12-27T20:37:03.167-08:00",
      "Id": -2147483648
    },
    {
      "Message": "Thank you for the information!\r\n\r\nI have sent an email to Paul reguarding my thoughts on the matter, we will need to investigate further however I believe this other Framework issue may provide us with the \"missing details\"\r\n\r\nhttp://netmf.codeplex.com/workitem/1321\r\n\r\nIf not and there is something else running a muck then we will just need to investigate further. Thank you for the information again and we will respond as soon as we can quantify what exactly is the culprit!\r\n",
      "PostedDate": "2011-12-28T15:19:30.207-08:00",
      "Id": -2147483648
    },
    {
      "Message": "",
      "PostedDate": "2013-02-13T12:31:11.917-08:00",
      "Id": -2147483648
    }
  ]
}