{
  "WorkItem": {
    "AffectedComponent": {
      "Name": "",
      "DisplayName": ""
    },
    "ClosedComment": "",
    "ClosedDate": null,
    "CommentCount": 0,
    "Custom": null,
    "Description": "Just got latest, tried opening the project file and got the attached error. I guess this means .Net Microframework v4.2 is a requirement.\n \nI assume I should download that here:\nhttp://netmf.codeplex.com/releases",
    "LastUpdatedDate": "2013-02-13T12:31:12.42-08:00",
    "PlannedForRelease": "",
    "ReleaseVisibleToPublic": false,
    "Priority": {
      "Name": "Low",
      "Severity": 50,
      "Id": 1
    },
    "ProjectName": "microcontrib",
    "ReportedDate": "2011-08-19T08:23:22.827-07:00",
    "Status": {
      "Name": "Proposed",
      "Id": 1
    },
    "ReasonClosed": {
      "Name": "Unassigned"
    },
    "Summary": "Dependency Error",
    "Type": {
      "Name": "Issue",
      "Id": 3
    },
    "VoteCount": 1,
    "Id": 14126
  },
  "FileAttachments": [
    {
      "FileId": 4049,
      "FileName": "ErrorDotNetTarget.png",
      "DownloadUrl": ".\\4049"
    }
  ],
  "Comments": [
    {
      "Message": "Yep, that was the issue - downloaded v4.2, issue resolved.",
      "PostedDate": "2011-08-19T08:33:10.65-07:00",
      "Id": -2147483648
    },
    {
      "Message": "",
      "PostedDate": "2013-02-13T12:31:12.42-08:00",
      "Id": -2147483648
    }
  ]
}