{
  "WorkItem": {
    "AffectedComponent": {
      "Name": "",
      "DisplayName": ""
    },
    "ClosedComment": "",
    "ClosedDate": "2011-07-02T19:55:31.76-07:00",
    "CommentCount": 0,
    "Custom": null,
    "Description": "From an email I sent to Pusher.com's tech folks:\n \n \nHi Phil, I’ve been working on getting web sockets implemented for the .net micro framework. Have made some progress. We are finally able to connect to Pusher from an embedded device, which is awesome. Project hosted here:\nhttp://microcontrib.codeplex.com/\n \nHowever, I’m not seeing messages pushed to my device when sending from the web based test form (on Pusher.com). I’m thinking there might be some undocumented javascript handshake that happens before Pusher.com will start sending events, is that correct? If so can you help me understand that sequence? \n \nI’d encourage you guys to think about your service as a WebSocket service for any computing platform, not just JavaScript. I understand the majority of excitement about websockets today is from the web development community, but I see value in other contexts as well (like embedded computing for example).\n \nAnyway, here is what I’m seeing (trace from the wire):\n \nGET /app/765ec374ae0a69f4ce44?client=js&version=1.8.5 HTTP/1.1\nUpgrade: WebSocket\nConnection: Upgrade\nHost: ws.pusherapp.com\nOrigin: http://pusher.com\nSec-WebSocket-Key1: T64 223 ;6266\nSec-WebSocket-Key2: t  3  4V2435*\\ 978y vv6\n \n.......B\n \nHTTP/1.1 101 WebSocket Protocol Handshake\nUpgrade: WebSocket\nConnection: Upgrade\nSec-WebSocket-Location: ws://ws.pusherapp.com/app/765ec374ae0a69f4ce44?client=js&version=1.8.5\nSec-WebSocket-Origin: http://pusher.com\n \n......#..%..?.l..{\"event\":\"pusher:connection_established\",\"data\":\"{\\\"socket_id\\\":\\\"1165.776810\\\"}\"}..{\"event\":\"pusher:subscribe\",\"data\":{\"channel\":\"LcbU9ctL\"}}.\n \n \nObviously Pusher is telling me I’ve connected and gave me a socket id. It looks like it also gave me a channel (which seems to be a random string). What should I do with that channel id, if anything?\n \nThanks, Paul",
    "LastUpdatedDate": "2013-05-14T20:00:15.393-07:00",
    "PlannedForRelease": "",
    "ReleaseVisibleToPublic": false,
    "Priority": {
      "Name": "Low",
      "Severity": 50,
      "Id": 1
    },
    "ProjectName": "microcontrib",
    "ReportedDate": "2011-06-28T08:57:02.55-07:00",
    "Status": {
      "Name": "Closed",
      "Id": 4
    },
    "ReasonClosed": {
      "Name": "Unassigned"
    },
    "Summary": "Pusher.com events not reaching device",
    "Type": {
      "Name": "Issue",
      "Id": 3
    },
    "VoteCount": 1,
    "Id": 13746
  },
  "FileAttachments": [
    {
      "FileId": 3982,
      "FileName": "SubscribeToChannel.jpg",
      "DownloadUrl": ".\\3982"
    }
  ],
  "Comments": [
    {
      "Message": "I think I figured out what we need to do next. After connecting, we need to send a JSON object telling pusher what channel to send events to. See attached image.",
      "PostedDate": "2011-06-28T09:20:39.987-07:00",
      "Id": -2147483648
    },
    {
      "Message": "Resolved with changeset 80177.",
      "PostedDate": "2011-07-02T19:55:31.76-07:00",
      "Id": -2147483648
    },
    {
      "Message": "",
      "PostedDate": "2013-02-13T12:31:12.623-08:00",
      "Id": -2147483648
    },
    {
      "Message": "",
      "PostedDate": "2013-05-14T20:00:15.393-07:00",
      "Id": -2147483648
    }
  ]
}