[
  {
    "Id": "0",
    "Name": "Continuing Development Preview",
    "DevelopmentStatus": "Alpha",
    "Description": "Improved API And Performance.\nGives a preview of what the future holds.\n\n*Added 7/10/2011*\nImproved Handshake Verification\nImproved IndexOfBytes Performance\n\nNext Slated Changes:\nOptimization's:\n Streaming Handshake Verification to use less memory.\n\nAdditions: \n Minimum Requirements, Information. (Crypto Dependencies)\n Documentation.\n Contract Separation / Selection\n +draft-ietf-hybi-thewebsocketprotocol-07 Contract\n HttpServer Example\n +Interactions with Other Net MF Devices, Smart Phones and PC's / Servers+ & Standalone HTML5 Example running on device.\n\nModifications:\n API -> Event Based Handshake API (Expandable Base Logic for Custom handshake)\n Tools -> API, Efficiency, Format and Exposure, Uri Tool-set Completeness (http://www.ietf.org/rfc/rfc2396.txt)\n\nPlanned Unique Innovations:\n Data Framing Type Selection Text / Binary / Raw\n +Binary Framing Implementation using ASN.1 BER Encoding+ & Encryption (Using Crypto)\n IPClient Implementation\n NetworkStream Support\n Socket Type Selection TCP, UDP, Raw\n Async Socket Helpers (With configuration for thread and memory allocation and logging)\n JSON Encoding / Decoding (With Serialization)\n WCF Service Integration \n\nSee http://microcontrib.codeplex.com/SourceControl/list/changesets for more information.",
    "ReleasedDatge": "0001-01-01T00:00:00",
    "ModifiedDate": "2011-07-10T01:38:10.15-07:00",
    "Files": []
  },
  {
    "Id": "1",
    "Name": "Alpha",
    "DevelopmentStatus": "Alpha",
    "Description": "Contains all of the components which are necessary to exchange data over the WebSocket protocol utilizing the latest Micro Framework Beta Release 4.2. \nGet the Micro Framework Beta at http://netmf.codeplex.com/releases.\n\nContains an example showing how to contact a host, handshake and send a message. The example will continually wait for messages from the host once connected.\n\nIn later releases more features will be added such as not but limited to:\n*A Pusher.com client derived from WebSocketClient or adhering to he IWebSocketClient interface.\n    (Note: Template present)\n*Device Endpoint to Device Endpoint communication Demos (possibly even with encryption or wss support)\n*Client to Endpoint communication Demos\n*HttpListener integration Demo for a WebSocketClient Server example \n    (Note: most devices only have the resources to support < 10 simultaneous connections. Please check your device specification for more information)\n*Possible API Changes such as a virtual ProcessHandshake logic set which will allow the handshake process to be more directly implemented in derived classes. \n    (Note: Based on feedback or otherwise. Use of Tools and Deriving from WebSocketClient requires caution. This is an Alpha Release.)\n    (Note: Crypto Dependencies/Algorithm Classes may be added/removed)\n*Any bug fixes which are found for this release.",
    "ReleasedDatge": "0001-01-01T00:00:00",
    "ModifiedDate": "2011-07-05T00:06:04.073-07:00",
    "Files": []
  }
]