{
  "WorkItem": {
    "AffectedComponent": {
      "Name": "",
      "DisplayName": ""
    },
    "ClosedComment": "",
    "ClosedDate": null,
    "CommentCount": 0,
    "Custom": null,
    "Description": "Add button to the setup view\nadd event handler to the controller\nadd screen 'hold the bike still in a horizontal position' for 30 seconds.\nadd wrting the setting  to EWR or to file system.",
    "LastUpdatedDate": "2017-11-28T05:18:01.643-08:00",
    "PlannedForRelease": "",
    "ReleaseVisibleToPublic": false,
    "Priority": {
      "Name": "High",
      "Severity": 150,
      "Id": 3
    },
    "ProjectName": "NETMFBikeComputer",
    "ReportedDate": "2010-06-15T15:54:33.663-07:00",
    "Status": {
      "Name": "Proposed",
      "Id": 1
    },
    "ReasonClosed": {
      "Name": "Unassigned"
    },
    "Summary": "Add Zero Inclinometer functionality",
    "Type": {
      "Name": "Task",
      "Id": 2
    },
    "VoteCount": 1,
    "Id": 27586
  },
  "FileAttachments": [],
  "Comments": []
}