{
  "WorkItem": {
    "AffectedComponent": {
      "Name": "",
      "DisplayName": ""
    },
    "ClosedComment": "",
    "ClosedDate": null,
    "CommentCount": 0,
    "Custom": null,
    "Description": "I have the Wifi radio for the GHI board now so I can start the data dump to a web service.",
    "LastUpdatedDate": "2013-02-12T18:34:26.913-08:00",
    "PlannedForRelease": "",
    "ReleaseVisibleToPublic": false,
    "Priority": {
      "Name": "Low",
      "Severity": 50,
      "Id": 1
    },
    "ProjectName": "NETMFBikeComputer",
    "ReportedDate": "2010-06-16T12:42:23.913-07:00",
    "Status": {
      "Name": "Proposed",
      "Id": 1
    },
    "ReasonClosed": {
      "Name": "Unassigned"
    },
    "Summary": "DPWS communication to a Web Service",
    "Type": {
      "Name": "Issue",
      "Id": 3
    },
    "VoteCount": 1,
    "Id": 27628
  },
  "FileAttachments": [],
  "Comments": []
}