{
  "WorkItem": {
    "AffectedComponent": {
      "Name": "",
      "DisplayName": ""
    },
    "ClosedComment": "",
    "ClosedDate": null,
    "CommentCount": 0,
    "Custom": null,
    "Description": "The inclinometer has a sleep state which we can use to drive all the updates in the system.  That will reduce the power consumption of the processor (since there will not be a timer running) and the sensor since it will only run when we need it to.",
    "LastUpdatedDate": "2013-02-12T18:34:26.25-08:00",
    "PlannedForRelease": "",
    "ReleaseVisibleToPublic": false,
    "Priority": {
      "Name": "Low",
      "Severity": 50,
      "Id": 1
    },
    "ProjectName": "NETMFBikeComputer",
    "ReportedDate": "2010-06-16T17:00:26.767-07:00",
    "Status": {
      "Name": "Proposed",
      "Id": 1
    },
    "ReasonClosed": {
      "Name": "Unassigned"
    },
    "Summary": "Drive the updates from the Inclinometer",
    "Type": {
      "Name": "Issue",
      "Id": 3
    },
    "VoteCount": 1,
    "Id": 27635
  },
  "FileAttachments": [],
  "Comments": []
}