{
  "WorkItem": {
    "AffectedComponent": {
      "Name": "",
      "DisplayName": ""
    },
    "ClosedComment": "",
    "ClosedDate": null,
    "CommentCount": 0,
    "Custom": null,
    "Description": "The current sensors use GPIO or SPI.  The other interesting one woudl be I2C (2-wire).  The pressure sensor supports that interface so I could switch to that implementation to demonstrate it.",
    "LastUpdatedDate": "2013-02-12T18:34:27.153-08:00",
    "PlannedForRelease": "",
    "ReleaseVisibleToPublic": false,
    "Priority": {
      "Name": "Low",
      "Severity": 50,
      "Id": 1
    },
    "ProjectName": "NETMFBikeComputer",
    "ReportedDate": "2010-06-16T12:40:58.047-07:00",
    "Status": {
      "Name": "Proposed",
      "Id": 1
    },
    "ReasonClosed": {
      "Name": "Unassigned"
    },
    "Summary": "Add an I2C sensor to demonstrate that interface",
    "Type": {
      "Name": "Issue",
      "Id": 3
    },
    "VoteCount": 1,
    "Id": 27627
  },
  "FileAttachments": [],
  "Comments": []
}