[
  {
    "Title": "Home",
    "Id": "281528",
    "ParentWikiTitle": "Home",
    "FileExtension": "codeplexwiki",
    "UpdatedDate": "2010-06-17T12:40:04.473-07:00",
    "FileAttachments": []
  },
  {
    "Title": "Bicycle Computer 1 - Introduction",
    "Id": "281178",
    "ParentWikiTitle": "Documentation",
    "FileExtension": "codeplexwiki",
    "UpdatedDate": "2010-06-16T16:12:44.797-07:00",
    "FileAttachments": []
  },
  {
    "Title": "Documentation",
    "Id": "281176",
    "ParentWikiTitle": "Documentation",
    "FileExtension": "codeplexwiki",
    "UpdatedDate": "2010-06-16T16:11:10.01-07:00",
    "FileAttachments": []
  }
]
