{
  "WorkItem": {
    "AffectedComponent": {
      "Name": "",
      "DisplayName": ""
    },
    "ClosedComment": "",
    "ClosedDate": "2008-10-25T13:27:47.833-07:00",
    "CommentCount": 0,
    "Custom": null,
    "Description": "Adding support for setter injection (either mandatory or optional, depending on Dependency attribute).",
    "LastUpdatedDate": "2017-11-28T21:08:09.96-08:00",
    "PlannedForRelease": "",
    "ReleaseVisibleToPublic": false,
    "Priority": {
      "Name": "High",
      "Severity": 150,
      "Id": 3
    },
    "ProjectName": "MicroContainer",
    "ReportedDate": "2008-10-19T07:23:46.197-07:00",
    "Status": {
      "Name": "Closed",
      "Id": 4
    },
    "ReasonClosed": {
      "Name": "Unassigned"
    },
    "Summary": "Setter injection",
    "Type": {
      "Name": "Task",
      "Id": 2
    },
    "VoteCount": 1,
    "Id": 2825
  },
  "FileAttachments": [],
  "Comments": [
    {
      "Message": "Associated with changeset 13681.",
      "PostedDate": "2008-10-25T13:27:06.74-07:00",
      "Id": -2147483648
    },
    {
      "Message": "Resolved with changeset 13682.",
      "PostedDate": "2008-10-25T13:27:47.833-07:00",
      "Id": -2147483648
    },
    {
      "Message": "",
      "PostedDate": "2013-02-01T22:46:44.407-08:00",
      "Id": -2147483648
    },
    {
      "Message": "",
      "PostedDate": "2013-05-14T01:49:36.24-07:00",
      "Id": -2147483648
    },
    {
      "Message": "",
      "PostedDate": "2017-11-28T21:08:09.96-08:00",
      "Id": -2147483648
    }
  ]
}