{
  "WorkItem": {
    "AffectedComponent": {
      "Name": "",
      "DisplayName": ""
    },
    "ClosedComment": "",
    "ClosedDate": "2008-10-25T13:27:48.507-07:00",
    "CommentCount": 0,
    "Custom": null,
    "Description": "ContainerBuilder attribute should provide a property to specify if this container should be singleton. In this mode every call to builder method should return the same (only one exisiting) instance of this particular container type.",
    "LastUpdatedDate": "2017-11-28T21:08:10.66-08:00",
    "PlannedForRelease": "",
    "ReleaseVisibleToPublic": false,
    "Priority": {
      "Name": "Medium",
      "Severity": 100,
      "Id": 2
    },
    "ProjectName": "MicroContainer",
    "ReportedDate": "2008-10-19T07:35:55.697-07:00",
    "Status": {
      "Name": "Closed",
      "Id": 4
    },
    "ReasonClosed": {
      "Name": "Unassigned"
    },
    "Summary": "Singleton container support",
    "Type": {
      "Name": "Task",
      "Id": 2
    },
    "VoteCount": 1,
    "Id": 2828
  },
  "FileAttachments": [],
  "Comments": [
    {
      "Message": "Associated with changeset 13681.",
      "PostedDate": "2008-10-25T13:27:08.32-07:00",
      "Id": -2147483648
    },
    {
      "Message": "Resolved with changeset 13682.",
      "PostedDate": "2008-10-25T13:27:48.507-07:00",
      "Id": -2147483648
    },
    {
      "Message": "",
      "PostedDate": "2013-02-01T22:46:42.03-08:00",
      "Id": -2147483648
    },
    {
      "Message": "",
      "PostedDate": "2013-05-14T01:49:35.95-07:00",
      "Id": -2147483648
    },
    {
      "Message": "",
      "PostedDate": "2017-11-28T21:08:10.66-08:00",
      "Id": -2147483648
    }
  ]
}