{
  "WorkItem": {
    "AffectedComponent": {
      "Name": "",
      "DisplayName": ""
    },
    "ClosedComment": "",
    "ClosedDate": null,
    "CommentCount": 0,
    "Custom": null,
    "Description": "The should be possibility to override default mapping names used to resolve dependencies (those set by Dependency attribute) at time of registration. Register method should have additional parameter - a dictionary mapping dependency item names (either properties or constructor parameter names) to names of mappings which should be used to resolve them.",
    "LastUpdatedDate": "2013-02-01T22:46:43.64-08:00",
    "PlannedForRelease": "",
    "ReleaseVisibleToPublic": false,
    "Priority": {
      "Name": "Medium",
      "Severity": 100,
      "Id": 2
    },
    "ProjectName": "MicroContainer",
    "ReportedDate": "2008-10-19T07:29:15.68-07:00",
    "Status": {
      "Name": "Proposed",
      "Id": 1
    },
    "ReasonClosed": {
      "Name": "Unassigned"
    },
    "Summary": "Providing mapping names during registration",
    "Type": {
      "Name": "Task",
      "Id": 2
    },
    "VoteCount": 1,
    "Id": 2826
  },
  "FileAttachments": [],
  "Comments": []
}