{
  "WorkItem": {
    "AffectedComponent": {
      "Name": "",
      "DisplayName": ""
    },
    "ClosedComment": "",
    "ClosedDate": "2008-11-05T11:39:30.27-08:00",
    "CommentCount": 0,
    "Custom": null,
    "Description": "There should be Register method overload which allows to register a method rather than concrete type as the result of mapping. In this case not constructor parameters but factory method paraeters are resolved during build process and the factory method is called as the result.\n \nThis feature will allow to register container instances in the container.",
    "LastUpdatedDate": "2017-11-28T21:08:10.78-08:00",
    "PlannedForRelease": "",
    "ReleaseVisibleToPublic": false,
    "Priority": {
      "Name": "High",
      "Severity": 150,
      "Id": 3
    },
    "ProjectName": "MicroContainer",
    "ReportedDate": "2008-10-19T07:39:36.26-07:00",
    "Status": {
      "Name": "Closed",
      "Id": 4
    },
    "ReasonClosed": {
      "Name": "Unassigned"
    },
    "Summary": "Factory method support",
    "Type": {
      "Name": "Task",
      "Id": 2
    },
    "VoteCount": 1,
    "Id": 2829
  },
  "FileAttachments": [],
  "Comments": [
    {
      "Message": "Resolved with changeset 15628.",
      "PostedDate": "2008-11-05T11:39:30.27-08:00",
      "Id": -2147483648
    },
    {
      "Message": "Associated with changeset 15629.",
      "PostedDate": "2008-11-05T11:40:08.507-08:00",
      "Id": -2147483648
    },
    {
      "Message": "",
      "PostedDate": "2013-02-01T22:46:40.763-08:00",
      "Id": -2147483648
    },
    {
      "Message": "",
      "PostedDate": "2013-05-14T01:49:35.453-07:00",
      "Id": -2147483648
    },
    {
      "Message": "",
      "PostedDate": "2017-11-28T21:08:10.78-08:00",
      "Id": -2147483648
    }
  ]
}