{
  "WorkItem": {
    "AffectedComponent": {
      "Name": "",
      "DisplayName": ""
    },
    "ClosedComment": "Done.",
    "ClosedDate": "2008-11-06T21:14:29.343-08:00",
    "CommentCount": 0,
    "Custom": null,
    "Description": "Singleton lifecycle should be supported. Register method should have additional parameter to specify lifycycle management type (transient - default (currently supported), singleton - new). Singleton lifecycle should mean that threre can exist only one instance of registered type in one container instance.",
    "LastUpdatedDate": "2013-05-14T01:49:36.103-07:00",
    "PlannedForRelease": "1.0",
    "ReleaseVisibleToPublic": true,
    "Priority": {
      "Name": "High",
      "Severity": 150,
      "Id": 3
    },
    "ProjectName": "MicroContainer",
    "ReportedDate": "2008-10-19T07:34:05.98-07:00",
    "Status": {
      "Name": "Closed",
      "Id": 4
    },
    "ReasonClosed": {
      "Name": "Unassigned"
    },
    "Summary": "Singleton lifecycle support",
    "Type": {
      "Name": "Task",
      "Id": 2
    },
    "VoteCount": 1,
    "Id": 2827
  },
  "FileAttachments": [],
  "Comments": []
}