[
  {
    "Id": "0",
    "Name": "0.5",
    "DevelopmentStatus": "None",
    "Description": "This the first public release of MicroContainerFramework. It contains following features:\n* Compile-time container-wire up resulting with no performance penalties at run-time\n* Compile-time container configuration validation\n* Constructor injection (either mandatory or optional)\n* Named mapping registration\n* Transient lifetime management policy",
    "ReleasedDatge": "0001-01-01T00:00:00",
    "ModifiedDate": "2008-10-19T07:22:20.92-07:00",
    "Files": [
      {
        "Id": "c1dce117-8e1b-40ff-8646-1dafba25ad47",
        "FileName": "Source.rar",
        "Url": "./0/c1dce117-8e1b-40ff-8646-1dafba25ad47",
        "Type": "Source Code",
        "UploadDate": "2008-10-18T08:12:42.277-07:00"
      },
      {
        "Id": "82b032f5-eb30-4216-955f-c35d1fe1880f",
        "FileName": "Binaries.rar",
        "Url": "./0/82b032f5-eb30-4216-955f-c35d1fe1880f",
        "Type": "Application",
        "UploadDate": "2008-10-19T02:25:33.773-07:00"
      },
      {
        "Id": "1fb656ce-dea1-442c-80ef-8630388fa4b8",
        "FileName": "Setup.rar",
        "Url": "./0/1fb656ce-dea1-442c-80ef-8630388fa4b8",
        "Type": "Application",
        "UploadDate": "2008-10-19T02:24:29.58-07:00"
      }
    ]
  },
  {
    "Id": "1",
    "Name": "1.0",
    "DevelopmentStatus": "Stable",
    "Description": "The second public release of MicroContainerFramework adds following features:\n* Singleton lifetime management policy (transient lifetime remains default option)\n* Singleton containers (ones that are static variables of their wrapping classes). Each time you create a container intsnace, you get the same single instance\n* Property injection\n* Support for static factory methods which can be used in place of instance constructors\n* Support for container auto-registration. Registering container in itself lets other components depend on container they are in\n\nThis release doesn't contain source package. Source code can be downloaded directly from TFS (Source Code tab)\n\nThis release has just been promoted to 1.0 stable since there were no repoted bugs.",
    "ReleasedDatge": "0001-01-01T00:00:00",
    "ModifiedDate": "2009-01-20T10:21:51.45-08:00",
    "Files": [
      {
        "Id": "e53256b1-f6e2-4e66-b458-144d80021ffe",
        "FileName": "Setup.msi",
        "Url": "./1/e53256b1-f6e2-4e66-b458-144d80021ffe",
        "Type": "Application",
        "UploadDate": "2008-11-05T11:58:16.747-08:00"
      },
      {
        "Id": "0308b91a-0341-4a90-bb0a-7f8b95173734",
        "FileName": "Binaries.rar",
        "Url": "./1/0308b91a-0341-4a90-bb0a-7f8b95173734",
        "Type": "Application",
        "UploadDate": "2008-11-05T11:58:16.417-08:00"
      }
    ]
  }
]