[
  {
    "Title": "Home",
    "Id": "118213",
    "ParentWikiTitle": "",
    "FileExtension": "codeplexwiki",
    "UpdatedDate": "2008-10-20T00:31:22.883-07:00",
    "FileAttachments": []
  },
  {
    "Title": "MicroContainer internals",
    "Id": "118092",
    "ParentWikiTitle": "Home",
    "FileExtension": "codeplexwiki",
    "UpdatedDate": "2008-10-19T04:01:58.007-07:00",
    "FileAttachments": []
  },
  {
    "Title": "Installation guide",
    "Id": "118089",
    "ParentWikiTitle": "Home",
    "FileExtension": "codeplexwiki",
    "UpdatedDate": "2008-10-19T03:41:11.203-07:00",
    "FileAttachments": []
  },
  {
    "Title": "Usage guide",
    "Id": "118085",
    "ParentWikiTitle": "Home",
    "FileExtension": "codeplexwiki",
    "UpdatedDate": "2008-10-19T03:15:31.503-07:00",
    "FileAttachments": []
  }
]
