<?xml version="1.0"?>
<ScatterFile xmlns="http://schemas.microsoft.com/netmf/ScatterfileSchema.xsd">

    <Set Name="Valid" Value="false"/>

    <!-- ################################################################################ -->
    <Set Name="Heap_Begin"          Value="0x20800000"/>
    <Set Name="Heap_End"            Value="0x20DFFFF8"/>
    <Set Name="Custom_Heap_Begin"   Value="0x20400000"/>
    <Set Name="Custom_Heap_End"     Value="0x207FFFF8"/>
    <Set Name="Stack_Bottom"        Value="0x308000"/>
    <Set Name="Stack_Top"           Value="0x30FFF0"/>

    <If Name="TARGETLOCATION" In="FLASH">

        <Set Name="Code_BaseAddress"     Value="0x20100000"/>
        <Set Name="Code_Size"            Value="0x00200000"/>

<!-- Config_BaseAddress it the NAND address -->


        <Set Name="Config_BaseAddress"   Value="0x0041df00"/>    

<!-- ERConfig_BaseAddress is in RW -->
        <Set Name="ERConfig_BaseAddress" Value="0x203F0000"/>    
        <Set Name="Config_Size"          Value="0x0002100"/>
<!--
        <Set Name="Data_BaseAddress"     Value="0x001C0000"/>
        <Set Name="Deploy_BaseAddress"   Value="0x00300000"/>
-->        
        <Set Name="Valid"                Value="true"/>
<!--    <Set Name="Data_Size"            Value="%Deploy_BaseAddress - Data_BaseAddress%"/> -->
    </If>

    <If Name="TARGETLOCATION" In="RAM">
<!--
        <Set Name="ProfileBuffer_Begin" Value="0x22000000"/>
        <Set Name="ProfileBuffer_End"   Value="0x2200FFF8"/>
-->        
        <Set Name="Code_BaseAddress"    Value="0x20100000"/>
        <Set Name="Code_Size"           Value="0x00200000"/>
        <!-- RAM with FLASH config is not needed -->
        <Set Name="Valid"               Value="true"/>

    </If>


    <!-- ################################################################################ -->

    <If Name="Valid" Value="false">
        <Error Message="Configuration not recognized"/>
    </If>

    <!-- we start at 0x10080000 since PortBooter lives at 0x10000000 -->

    <NamedGroup Name="MEMORY">
      <LoadRegion Name="LR_%TARGETLOCATION%" Base="%Code_BaseAddress%" Size="%Code_Size%"/>
      <IfDefined Name="Config_BaseAddress">
        <LoadRegion Name="LR_CONFIG" Base="%Config_BaseAddress%" Size="%Config_Size%"/>
        <LoadRegion Name="ER_CONFIG_AREA" Base="%ERConfig_BaseAddress%" Size="%Config_Size%"/>
	
      </IfDefined>
      <IfDefined Name="Data_BaseAddress">
        <LoadRegion Name="LR_DAT" Base="%Data_BaseAddress%" Size="%Data_Size%"/>
      </IfDefined>
      <LoadRegion Name="HEAP" Base="%Heap_Begin%" Size="%Heap_End - Heap_Begin% + 1"/>
      <LoadRegion Name="STACK" Base="%Stack_Bottom%" Size="%Stack_Top - Stack_Bottom% + 1"/>
     <!--64Kbyte SRAM -->
      <LoadRegion Name="RELOC_RAM" Base="0x20300000" Size="0x20000"/>
      <LoadRegion Name="RELOC_SDRAM" Base="0x21000000" Size="0x1000000"/>

    </NamedGroup>

    <EntryPoint Name="EntryPoint"/>

    <NamedGroup Name="SECTIONS">
      <ExecRegion Name="ER_%TARGETLOCATION%" Options="&gt;LR_%TARGETLOCATION%">
        <FileMapping Name="*" Options="(i.EntryPoint)" />
        <FileMapping Name="*" Options="(SectionForBootstrapOperations)" />
        <FileMapping Name="*" Options="(.text*)" />
        <FileMapping Name="*" Options="(i.*)" />
        <FileMapping Name="*" Options="(t.*)" />
        <FileMapping Name="*" Options="(.rodata*)" />
        <FileMapping Name="*" Options="(rodata)" />
        <FileMapping Name="*" Options="(.constdata*)" />
        <FileMapping Name="*" Options="(.conststring*)" />
        <FileMapping Name="*" Options="(.glue*)" />
       <IfNotDefined Name="Data_BaseAddress">
          <FileMapping Name="*" Options="(tinyclr_metadata)" />
        </IfNotDefined>
        <IfNotDefined Name="Config_BaseAddress">
          <FileMapping Name="*" Options="(SectionForConfig)" />
        </IfNotDefined>
        <If Name="TARGETLOCATION" In="RAM">     
          <FileMapping Name="*" Options="(SectionForFlashOperations)" />       
        </If>

          <FileMapping Name="*" Options="(SectionForFlashOperations)" />       
        <!-- libc thinks that it needs these routines, but they are never called -->
        <Provide Name="_sbrk" />

        <Provide Name="_write" />

        <Provide Name="_close" />

        <Provide Name="_fstat" />

        <Provide Name="_lseek" />

        <Provide Name="_read" />

        <Provide Name="_exit" />

        <Provide Name="_getpid" />

        <Provide Name="_kill" />

        <Provide Name="abort" />

        <Provide Name="__errno" />

        <Provide Name="_read" />

        <Provide Name="isatty" />

        <Provide Name="_isatty" />

        <FileMapping Name="LONG(0xE12FFF1E);" />
      </ExecRegion>
      <ExecRegion Name="ER_RAM_RO" Align="0x10" Options="&gt;RELOC_RAM AT&gt;LR_%TARGETLOCATION%">
        <FileMapping Name="*" Options="(VectorsTrampolines)" />
        <Include File="%SPOCLIENT%\Solutions\%PLATFORM%\TinyCLR\scatterfile_ram_functions.xml"/>
        <Include File="%SPOCLIENT%\Solutions\%PLATFORM%\TinyCLR\scatterfile_tinyclr_ram_functions.xml"/>
        <FileMapping Name="*" Options="(SectionForBootstrapInRam)" />
        
      </ExecRegion>      
      <ExecRegion Name="ER_RAM_RW" Align="0x10" Options="&gt;RELOC_RAM AT&gt;LR_%TARGETLOCATION%">
        <FileMapping Name="*" Options="(rwdata)" />
        <FileMapping Name="*" Options="(.data*)" />
      </ExecRegion>      
      <ExecRegion Name=".bss" Align="0x10" Options="&gt;RELOC_RAM">
        <FileMapping Name="*" Options="(.bss*)" />
        <FileMapping Name="*" Options="(.zidata*)" />
        <FileMapping Name="PROVIDE(__exidx_start = .);" />
        <FileMapping Name="PROVIDE(__exidx_end = .);" />
      </ExecRegion>
      <ExecRegion Name="/DISCARD/">
        <FileMapping Name="*" Options="(.ARM.exidx*)" />
        <FileMapping Name="*" Options="(.ARM.extab*)" />
      </ExecRegion>
      <ExecRegion Name="ER_HEAP_BEGIN" Base="%Heap_Begin%">
        <FileMapping Name="*" Options="(SectionForHeapBegin)" />
      </ExecRegion>
      <ExecRegion Name="ER_HEAP_END" Base="%Heap_End%">
        <FileMapping Name="*" Options="(SectionForHeapEnd)" />
      </ExecRegion>
      <ExecRegion Name="ER_STACK_BOTTOM" Base="%Stack_Bottom%">
        <FileMapping Name="*" Options="(SectionForStackBottom)" />
      </ExecRegion>
      <ExecRegion Name="ER_STACK_TOP" Base="%Stack_Top%">
        <FileMapping Name="*" Options="(SectionForStackTop)" />
      </ExecRegion>
    <ExecRegion Name="ER_CUSTOM_HEAP_BEGIN" Base="%Custom_Heap_Begin%">
      <FileMapping Name="*" Options="(SectionForCustomHeapBegin)" />
    </ExecRegion>
    <ExecRegion Name="ER_CUSTOM_HEAP_END" Base="%Custom_Heap_End%">
      <FileMapping Name="*" Options="(SectionForCustomHeapEnd)" />
    </ExecRegion>

    <IfDefined Name="Config_BaseAddress">         
      <ExecRegion Name="ER_CONFIG" Options="&gt;ER_CONFIG_AREA AT&gt;LR_CONFIG">
        <FileMapping Name="*" Options="(SectionForConfig)" />
      </ExecRegion>
    </IfDefined>    
    
    <IfDefined Name="Data_BaseAddress">      
      <ExecRegion Name="ER_DAT" Options="&gt;LR_DAT">
        <FileMapping Name="*" Options="(tinyclr_metadata)" />
      </ExecRegion>
    </IfDefined>
    </NamedGroup>

    <!-- The following variables are used to simulate the ones autogenerated by RVDS -->
    <GlobalVariable Name="Load$$ER_%TARGETLOCATION%$$Base"          Value="ADDR(ER_%TARGETLOCATION%)"/>
    <GlobalVariable Name="Image$$ER_%TARGETLOCATION%$$Length"       Value="SIZEOF(ER_%TARGETLOCATION%)"/>
    <GlobalVariable Name="Image$$ER_RAM_RO$$Base"                   Value="ADDR(ER_RAM_RO)"/>
    <GlobalVariable Name="Image$$ER_RAM_RO$$Length"                 Value="SIZEOF(ER_RAM_RO)"/>
    <GlobalVariable Name="Load$$ER_RAM_RO$$Base"                    Value="LOADADDR(ER_RAM_RO)"/>

    <GlobalVariable Name="Image$$ER_RAM_RW$$Base"                   Value="ADDR(ER_RAM_RW)"/>
    <GlobalVariable Name="Image$$ER_RAM_RW$$Length"                 Value="SIZEOF(ER_RAM_RW)"/>
    <GlobalVariable Name="Load$$ER_RAM_RW$$Base"                    Value="LOADADDR(ER_RAM_RW)"/>

    <GlobalVariable Name="Image$$ER_RAM_RW$$ZI$$Base"               Value="ADDR(.bss)"/>
    <GlobalVariable Name="Image$$ER_RAM_RW$$ZI$$Length"             Value="SIZEOF(.bss)"/>
    <GlobalVariable Name="__use_no_semihosting_swi"                 Value="0"/>

</ScatterFile>

