<?xml version="1.0"?>
<ScatterFile xmlns="http://schemas.microsoft.com/netmf/ScatterfileSchema.xsd">

    <Set Name="Valid" Value="false"/>

    <!-- ################################################################################ -->
    <!-- 16KB Stack and 16KB Heap -->
<!--    <Set Name="Heap_Begin"      Value="0x23000000"/>-->
    <Set Name="Heap_Begin"      Value="0x20800000"/>  <!--Value="0x20300000"--><!--Value="0x23000000"--> <!-- Original Value="0x20600000" for 2 MB Custom Heap -->
    <Set Name="Heap_End"        Value="0x20DFFFF8"/>  <!--Value="0x204FFFF8"--><!--Value="0x237FFFF8"-->

    <Set Name="Custom_Heap_Begin" Value="0x20400000"/>  <!--Value="0x20600000"--><!--Value="0x23800000"-->
    <Set Name="Custom_Heap_End"   Value="0x207FFFF8"/>  <!--Value="0x206FFFF8"--><!--Value="0x23DFFFF8"--> <!-- Original Value="0x205FFFF8" for 2 MB Custom Heap -->
  

  <!--    <Set Name="Stack_Bottom"    Value="0x0000E000"/>-->
    <Set Name="Stack_Bottom"    Value="0x308000"/> <!-- Value="0x23E00000"-->
    <Set Name="Stack_Top"       Value="0x30FFF0"/> <!-- Value="0x23EFFFF8"-->

    <If Name="TARGETLOCATION" In="FLASH">

        <Set Name="Code_BaseAddress"     Value="0x20100000"/><!-- Value="0x20100000"-->
        <Set Name="Code_Size"            Value="0x00200000"/>

 <!--Config_BaseAddress it the NAND address--> 
        <Set Name="Config_BaseAddress"   Value="0x0041df00"/>    
 <!--ERConfig_BaseAddress is in RW--> 
        <Set Name="ERConfig_BaseAddress" Value="0x203F0000"/><!-- Value="0x20700000"-->
      <Set Name="Config_Size"          Value="0x0002100"/>

        <!--<Set Name="Data_BaseAddress"     Value="0x001C0000"/>-->
        <!--<Set Name="Deploy_BaseAddress"   Value="0x00300000"/>-->
        <Set Name="Valid"                Value="true"/>
        <!--<Set Name="Data_Size"            Value="%Deploy_BaseAddress - Data_BaseAddress%"/>-->
    </If>

    <If Name="TARGETLOCATION" In="RAM">

        <!--<Set Name="ProfileBuffer_Begin" Value="0x22000000"/>
        <Set Name="ProfileBuffer_End"   Value="0x2200FFF8"/>-->
        <Set Name="Code_BaseAddress" Value="0x20100000"/> <!-- Value="0x22010000"-->
        <Set Name="Code_Size"        Value="0x00200000"/> <!-- Value="0x00FF0000"-->
        <!-- RAM with FLASH config is not needed -->
        <Set Name="Valid"            Value="true"/>

    </If>

    <!-- ################################################################################ -->

    <If Name="Valid" Value="false">
        <Error Message="Configuration not recognized"/>
    </If>

    <LoadRegion Name="LR_%TARGETLOCATION%" Base="%Code_BaseAddress%" Options="ABSOLUTE" Size="%Code_Size%">

      <ExecRegion Name="ER_%TARGETLOCATION%" Base="%Code_BaseAddress%" Options="FIXED" Size="">

        <!-- the entry pointer section goes into this region -->
        <FileMapping Name="FirstEntry.obj"    Options="(+RO, +FIRST)" />

        <FileMapping Name="*" Options="(SectionForBootstrapOperations)" />

        <FileMapping Name="*" Options="(+RO-CODE)" />

        <FileMapping Name="*" Options="(+RO-DATA)" />

         <If Name="TARGETLOCATION" In="RAM">     
            <FileMapping Name="*" Options="(SectionForFlashOperations)" />       
        </If>


        <IfNotDefined Name="Data_BaseAddress">
            <FileMapping Name="tinyclr_dat.obj" Options="(+RO, +LAST)" />
        </IfNotDefined>

        <IfNotDefined Name="Config_BaseAddress">
          <FileMapping Name="*" Options="(SectionForConfig)" />
        </IfNotDefined>
       
       </ExecRegion>
      
      
        <!-- 64K SRAM map to address 0, put RO code-->

        <!--<ExecRegion Name="ER_RAM_RO" Base="0x00000000" Options="ABSOLUTE" Size="0x10000">-->
        <!--<ExecRegion Name="ER_RAM_RO" Base="0x20500000" Options="ABSOLUTE" Size="0x10000">-->
        <!--<ExecRegion Name="ER_RAM_RO" Base="0x20A00000" Options="ABSOLUTE" Size="0x10000">-->
        <ExecRegion Name="ER_RAM_RO" Base="0x20300000" Options="ABSOLUTE" Size="0x10000">
            <!-- the following are dotNetMF's HAL library -->
            <FileMapping Name="VectorsTrampolines.obj" Options="(+RO, +FIRST)" /> <!-- for vector handlers to be far from the vectors -->
            <If Name="TARGETLOCATION" In="FLASH">     
                <FileMapping Name="*" Options="(SectionForFlashOperations)" />       
            </If>
            <FileMapping Name="*" Options="(SectionForBootstrapInRam)" />
            
            <!--<Include File="%SPOCLIENT%\Solutions\FEZ_Hydra\TinyCLR\scatterfile_ram_functions.xml"/>
            <Include File="%SPOCLIENT%\Solutions\FEZ_Hydra\TinyCLR\scatterfile_tinyclr_ram_functions.xml"/>-->
            
        </ExecRegion>

        <!-- 64K SRAM map to address 0, put RW code put at SDRAM -->
        <ExecRegion Name="ER_RAM_RW" Base="+0" Options="ABSOLUTE" Size="">
            <FileMapping Name="*" Options="(+RW-DATA, +ZI)" />
        </ExecRegion>



        <ExecRegion Name="ER_HEAP_BEGIN" Base="%Heap_Begin%" Options="ABSOLUTE" Size="UNINIT">
            <FileMapping Name="*" Options="(SectionForHeapBegin)" />
        </ExecRegion>

        <!-- everything between heapbegin and heapend will be allocated for a heap -->

        <ExecRegion Name="ER_HEAP_END" Base="%Heap_End%" Options="ABSOLUTE" Size="UNINIT">
            <FileMapping Name="*" Options="(SectionForHeapEnd)" />
        </ExecRegion>

        <ExecRegion Name="ER_CUSTOM_HEAP_BEGIN" Base="%Custom_Heap_Begin%" Options="ABSOLUTE" Size="UNINIT">
            <FileMapping Name="*" Options="(SectionForCustomHeapBegin)" />
        </ExecRegion>

        <!-- everything between heapbegin and heapend will be allocated for the unmanaged SimpleHeap -->

        <ExecRegion Name="ER_CUSTOM_HEAP_END" Base="%Custom_Heap_End%" Options="ABSOLUTE" Size="UNINIT">
            <FileMapping Name="*" Options="(SectionForCustomHeapEnd)" />
        </ExecRegion>
    
        <!-- this must go last here to provide a low water mark on the stack -->

        <ExecRegion Name="ER_STACK_BOTTOM" Base="%Stack_Bottom%" Options="ABSOLUTE" Size="UNINIT">
            <FileMapping Name="*" Options="(SectionForStackBottom)" />
        </ExecRegion>
        
        <ExecRegion Name="ER_STACK_TOP" Base="%Stack_Top%" Options="ABSOLUTE" Size="UNINIT">
            <FileMapping Name="*" Options="(SectionForStackTop)" />
        </ExecRegion>

    </LoadRegion>

    <!-- If this variable is defined, create a separate section for the tinyclr.dat file -->

    <IfDefined Name="Data_BaseAddress">

        <LoadRegion Name="LR_DAT" Base="%Data_BaseAddress%" Options="ABSOLUTE" Size="%Data_Size%">

            <ExecRegion Name="ER_DAT" Base="%Data_BaseAddress%" Options="FIXED" Size="%Data_Size%">

                <FileMapping Name="tinyclr_dat.obj" Options="(+RO)" />

            </ExecRegion>

        </LoadRegion>

    </IfDefined>

    <IfDefined Name="Config_BaseAddress">

        <LoadRegion Name="LR_CONFIG" Base="%Config_BaseAddress%" Options="ABSOLUTE" Size="%Config_Size%">

            <ExecRegion Name="ER_CONFIG" Base="%ERConfig_BaseAddress%" Options="ABSOLUTE" Size="%Config_Size%">

                <FileMapping Name="*" Options="(SectionForConfig)" />

            </ExecRegion>

        </LoadRegion>

    </IfDefined>
</ScatterFile>

