{
  "WorkItem": {
    "AffectedComponent": {
      "Name": "",
      "DisplayName": ""
    },
    "ClosedComment": "",
    "ClosedDate": null,
    "CommentCount": 0,
    "Custom": null,
    "Description": "There is no preset for the [Adafruit Wifi Shield](http://www.adafruit.com/products/1491). This was very confusing, as I was using the shield on a Netduino Plus 2, and trying to use that preset.\n\nI made the changes, and (if I can figure out how) I've uploaded a patch to go along. Please review.",
    "LastUpdatedDate": "2015-01-10T21:38:27.887-08:00",
    "PlannedForRelease": "",
    "ReleaseVisibleToPublic": false,
    "Priority": {
      "Name": "Unassigned",
      "Severity": 0,
      "Id": 0
    },
    "ProjectName": "cc3000",
    "ReportedDate": "2014-01-02T18:12:14.273-08:00",
    "Status": {
      "Name": "Proposed",
      "Id": 1
    },
    "ReasonClosed": {
      "Name": "Unassigned"
    },
    "Summary": "No preset for the Adafruit Wifi Shield",
    "Type": {
      "Name": "Unassigned",
      "Id": 5
    },
    "VoteCount": 2,
    "Id": 1315
  },
  "FileAttachments": [],
  "Comments": [
    {
      "Message": "I just found your patch and tried it and it worked. I can vote for this! My shield wasn't working before this, now it is. Hats off!",
      "PostedDate": "2014-12-18T16:07:21.813-08:00",
      "Id": -2147483648
    },
    {
      "Message": "",
      "PostedDate": "2015-01-10T21:38:27.887-08:00",
      "Id": -2147483648
    }
  ]
}