[
  {
    "Title": "Documentation",
    "Id": "765779",
    "ParentWikiTitle": "Documentation",
    "FileExtension": "html",
    "UpdatedDate": "2013-08-20T21:35:19.227-07:00",
    "FileAttachments": [
      {
        "Id": "38b27c16-8ccd-47ce-921a-720c4cce71c0",
        "FileName": "WP_20130821_00_23_45_Pro_small.jpg",
        "DownloadUri": "./765779/38b27c16-8ccd-47ce-921a-720c4cce71c0"
      }
    ]
  },
  {
    "Title": "Home",
    "Id": "765776",
    "ParentWikiTitle": "Home",
    "FileExtension": "html",
    "UpdatedDate": "2013-08-20T21:25:09.907-07:00",
    "FileAttachments": [
      {
        "Id": "48e73798-a980-4a87-b9cf-f9029d6d573d",
        "FileName": "cc3000Web.jpg",
        "DownloadUri": "./765776/48e73798-a980-4a87-b9cf-f9029d6d573d"
      },
      {
        "Id": "948f5069-0e23-4e03-ac3a-9bfc37243d39",
        "FileName": "NTP.jpg",
        "DownloadUri": "./765776/948f5069-0e23-4e03-ac3a-9bfc37243d39"
      },
      {
        "Id": "9ed0e76f-31aa-436a-b1d5-20afd4865cfe",
        "FileName": "ccNetduino.jpg",
        "DownloadUri": "./765776/9ed0e76f-31aa-436a-b1d5-20afd4865cfe"
      }
    ]
  }
]
