{
  "WorkItem": {
    "AffectedComponent": {
      "Name": "",
      "DisplayName": ""
    },
    "ClosedComment": "",
    "ClosedDate": null,
    "CommentCount": 0,
    "Custom": null,
    "Description": "The Netduino firmware does not support binary serialization of objects, which puts a dent in using the current implementation on a Netduino device. An implementation of a serializer will be needed if this issue does not resolve itself in the near future.",
    "LastUpdatedDate": "2013-02-12T16:37:56.547-08:00",
    "PlannedForRelease": "",
    "ReleaseVisibleToPublic": false,
    "Priority": {
      "Name": "High",
      "Severity": 150,
      "Id": 3
    },
    "ProjectName": "mu",
    "ReportedDate": "2011-03-05T04:16:07.863-08:00",
    "Status": {
      "Name": "Proposed",
      "Id": 1
    },
    "ReasonClosed": {
      "Name": "Unassigned"
    },
    "Summary": "Netduino Serialization",
    "Type": {
      "Name": "Issue",
      "Id": 3
    },
    "VoteCount": 0,
    "Id": 114
  },
  "FileAttachments": [],
  "Comments": []
}