{
  "WorkItem": {
    "AffectedComponent": {
      "Name": "",
      "DisplayName": ""
    },
    "ClosedComment": "",
    "ClosedDate": null,
    "CommentCount": 0,
    "Custom": null,
    "Description": "Binary Serialization of Tables causes an argument exception on a FEZ Cobra. See attached for modified code.  When serializing the table arraylist length (int) byte array must be sizeof(int) +1. When \"SaveChanges\" stream.write offset must be 0.",
    "LastUpdatedDate": "2013-02-12T16:37:55.797-08:00",
    "PlannedForRelease": "",
    "ReleaseVisibleToPublic": false,
    "Priority": {
      "Name": "Low",
      "Severity": 50,
      "Id": 1
    },
    "ProjectName": "mu",
    "ReportedDate": "2011-05-10T19:39:28.227-07:00",
    "Status": {
      "Name": "Proposed",
      "Id": 1
    },
    "ReasonClosed": {
      "Name": "Unassigned"
    },
    "Summary": "SD Serialization W/ FEZ Cobra",
    "Type": {
      "Name": "Issue",
      "Id": 3
    },
    "VoteCount": 1,
    "Id": 267
  },
  "FileAttachments": [
    {
      "FileId": 91,
      "FileName": "Database.cs",
      "DownloadUrl": ".\\91"
    }
  ],
  "Comments": []
}