{
  "WorkItem": {
    "AffectedComponent": {
      "Name": "",
      "DisplayName": ""
    },
    "ClosedComment": "",
    "ClosedDate": null,
    "CommentCount": 0,
    "Custom": null,
    "Description": "A System.ArrayList is the backing store for a Table's data. When more than 450 (approx.) MuDBApp.Products are added to the store (~200ms), the Netduino throws an out of memory exception. Invoking the Garbage Collector after insertion will roughly double both time and amount of objects.\n \nThere are two probable fixes at the cost of increased time:\n - Give the user the option between a fast but small mode of operation, or slow but larger mode of operation through an agressive garbage collection policy\n - If the database is Stream-backed (assuming file, not memory), de-serialize and re-serialize tables that are not being used. Currently, all tables added reside in system memory.",
    "LastUpdatedDate": "2013-02-12T16:37:56.723-08:00",
    "PlannedForRelease": "",
    "ReleaseVisibleToPublic": false,
    "Priority": {
      "Name": "Medium",
      "Severity": 100,
      "Id": 2
    },
    "ProjectName": "mu",
    "ReportedDate": "2011-03-05T04:03:06.17-08:00",
    "Status": {
      "Name": "Proposed",
      "Id": 1
    },
    "ReasonClosed": {
      "Name": "Unassigned"
    },
    "Summary": "Memory / Performance",
    "Type": {
      "Name": "Issue",
      "Id": 3
    },
    "VoteCount": 0,
    "Id": 113
  },
  "FileAttachments": [],
  "Comments": []
}