{
  "WorkItem": {
    "AffectedComponent": {
      "Name": "",
      "DisplayName": ""
    },
    "ClosedComment": "",
    "ClosedDate": null,
    "CommentCount": 0,
    "Custom": null,
    "Description": "There will be two column attributes you can apply to fields:\n - Primary Key: can be placed on any integral type in a class (limited to one field only)\n - Unique: can be placed on any field to ensure that all rows are unique",
    "LastUpdatedDate": "2013-02-12T16:37:56.373-08:00",
    "PlannedForRelease": "",
    "ReleaseVisibleToPublic": false,
    "Priority": {
      "Name": "Low",
      "Severity": 50,
      "Id": 1
    },
    "ProjectName": "mu",
    "ReportedDate": "2011-03-05T05:32:31.543-08:00",
    "Status": {
      "Name": "Proposed",
      "Id": 1
    },
    "ReasonClosed": {
      "Name": "Unassigned"
    },
    "Summary": "Column Attributes",
    "Type": {
      "Name": "Feature",
      "Id": 1
    },
    "VoteCount": 0,
    "Id": 116
  },
  "FileAttachments": [],
  "Comments": []
}