[
  {
    "Id": "0",
    "Name": "Alpha 0.1",
    "DevelopmentStatus": "Alpha",
    "Description": "!! Features\n* Insert, select and delete tables into/from database\n* Insert, select and delete rows into/from tables\n* Save / Load database to/from a Stream\n\n\n!! Dependencies\n* MicroLinq (microlinq.codeplex.com)",
    "ReleasedDatge": "0001-01-01T00:00:00",
    "ModifiedDate": "2011-03-08T22:49:18.43-08:00",
    "Files": [
      {
        "Id": "5393ce32-0bfc-4f82-ac53-643b4c4346f9",
        "FileName": "Alpha 0.1.zip",
        "Url": "./0/5393ce32-0bfc-4f82-ac53-643b4c4346f9",
        "Type": "Application",
        "UploadDate": "2011-03-08T22:48:04.85-08:00"
      }
    ]
  }
]