[
  {
    "Title": "Example Netduino Application",
    "Id": "391238",
    "ParentWikiTitle": "Documentation",
    "FileExtension": "codeplexwiki",
    "UpdatedDate": "2011-03-05T06:19:14.233-08:00",
    "FileAttachments": []
  },
  {
    "Title": "Schemas",
    "Id": "391237",
    "ParentWikiTitle": "Documentation",
    "FileExtension": "codeplexwiki",
    "UpdatedDate": "2011-03-05T06:17:20.837-08:00",
    "FileAttachments": []
  },
  {
    "Title": "Documentation",
    "Id": "391236",
    "ParentWikiTitle": "Documentation",
    "FileExtension": "codeplexwiki",
    "UpdatedDate": "2011-03-05T06:16:50.7-08:00",
    "FileAttachments": []
  },
  {
    "Title": "Home",
    "Id": "391209",
    "ParentWikiTitle": "Home",
    "FileExtension": "codeplexwiki",
    "UpdatedDate": "2011-03-05T04:14:05.697-08:00",
    "FileAttachments": []
  }
]
