<?xml version="1.0"?>
<ScatterFile xmlns="http://schemas.microsoft.com/netmf/ScatterfileSchema.xsd">

    <!-- ################################################################################ -->


    <Set Name="Heap_Begin"      Value="0x23000000"/>
    <Set Name="Heap_End"        Value="0x237FFFF8"/>
	<Set Name="Custom_Heap_Begin" Value="0x23800000"/>
    <Set Name="Custom_Heap_End"   Value="0x23EFFFF8"/>
    <Set Name="Stack_Bottom"    Value="0x0030E000"/>
    <Set Name="Stack_Top"       Value="0x0030FFF8"/>

    <NamedGroup Name="MEMORY">
      <LoadRegion Name="LR_%TARGETLOCATION%" Base="0x20000000" Size="0x00040000"/>
      <LoadRegion Name="HEAP" Base="%Heap_Begin%" Size="%Heap_End - Heap_Begin% + 1"/>
      <LoadRegion Name="STACK" Base="%Stack_Bottom%" Size="%Stack_Top - Stack_Bottom% + 1"/>
    </NamedGroup>

    <EntryPoint Name="EntryPoint"/>

    <NamedGroup Name="SECTIONS">
      <ExecRegion Name="ER_RAM_RO" Align="0x10" Options="&gt;LR_%TARGETLOCATION%">
        <FileMapping Name="*" Options="(VectorsTrampolines)" />
        <FileMapping Name="*" Options="(i.EntryPoint)" />
        <FileMapping Name="*" Options="(SectionForBootstrapOperations)" />
        <FileMapping Name="*" Options="(.text*)" />
        <FileMapping Name="*" Options="(i.*)" />
        <FileMapping Name="*" Options="(.rodata*)" />
        <FileMapping Name="*" Options="(rodata)" />
        <FileMapping Name="*" Options="(.constdata*)" />
        <FileMapping Name="*" Options="(.conststring*)" />
        <FileMapping Name="*" Options="(SectionForFlashOperations)" />
        <FileMapping Name="*" Options="(SectionForConfig)" />
        <FileMapping Name="*" Options="(.glue*)" />

        <!-- libc thinks that it needs these routines, but they are never called -->
        <Provide Name="_sbrk" />

        <Provide Name="_write" />

        <Provide Name="_close" />

        <Provide Name="_fstat" />

        <Provide Name="_lseek" />

        <Provide Name="_read" />

        <Provide Name="_exit" />

        <Provide Name="_getpid" />

        <Provide Name="_kill" />

        <Provide Name="abort" />

        <Provide Name="__errno" />

        <Provide Name="_read" />

        <Provide Name="isatty" />

        <Provide Name="_isatty" />

        <FileMapping Name="LONG(0xE12FFF1E);" />
      </ExecRegion>

      <ExecRegion Name="ER_RAM_RW" Align="0x10"  Options="&gt;LR_%TARGETLOCATION%">
        <FileMapping Name="*" Options="(rwdata)" />        
        <FileMapping Name="*" Options="(.data*)" />
        <FileMapping Name="*" Options="(g_PrimaryConfigManager)" />
      </ExecRegion>
      <ExecRegion Name=".bss" Align="0x10"  Options="&gt;LR_%TARGETLOCATION%">
        <FileMapping Name="*" Options="(.bss*)" />
        <FileMapping Name="*" Options="(.zidata*)" />
       
        <FileMapping Name="PROVIDE(__exidx_start = .);" />
        <FileMapping Name="PROVIDE(__exidx_end = .);" />
      </ExecRegion>
      <ExecRegion Name="/DISCARD/">
        <FileMapping Name="*" Options="(.ARM.exidx*)" />
        <FileMapping Name="*" Options="(.ARM.extab*)" />
      </ExecRegion>
      <ExecRegion Name="ER_HEAP_BEGIN" Base="%Heap_Begin%">
        <FileMapping Name="*" Options="(SectionForHeapBegin)" />
      </ExecRegion>
      <ExecRegion Name="ER_HEAP_END" Base="%Heap_End%">
        <FileMapping Name="*" Options="(SectionForHeapEnd)" />
      </ExecRegion>
      <ExecRegion Name="ER_CUSTOM_HEAP_BEGIN" Base="%Custom_Heap_Begin%">
        <FileMapping Name="*" Options="(SectionForCustomHeapBegin)" />
      </ExecRegion>
      <ExecRegion Name="ER_CUSTOM_HEAP_END" Base="%Custom_Heap_End%">
        <FileMapping Name="*" Options="(SectionForCustomHeapEnd)" />
      </ExecRegion>
      <ExecRegion Name="ER_STACK_BOTTOM" Base="%Stack_Bottom%">
        <FileMapping Name="*" Options="(SectionForStackBottom)" />
      </ExecRegion>
      <ExecRegion Name="ER_STACK_TOP" Base="%Stack_Top%">
        <FileMapping Name="*" Options="(SectionForStackTop)" />
      </ExecRegion>
    </NamedGroup>

    <!-- The following variables are used to simulate the ones autogenerated by RVDS -->
    <GlobalVariable Name="Load$$ER_%TARGETLOCATION%$$Base"          Value="ADDR(ER_RAM_RO)"/>
    <GlobalVariable Name="Image$$ER_%TARGETLOCATION%$$Length"       Value="SIZEOF(ER_RAM_RO)"/>
    <GlobalVariable Name="Image$$ER_RAM_RO$$Base"                   Value="ADDR(ER_RAM_RO)"/>
    <GlobalVariable Name="Image$$ER_RAM_RO$$Length"                 Value="SIZEOF(ER_RAM_RO)"/>
    <GlobalVariable Name="Load$$ER_RAM_RO$$Base"                    Value="LOADADDR(ER_RAM_RO)"/>

    <GlobalVariable Name="Image$$ER_RAM_RW$$Base"                   Value="ADDR(ER_RAM_RW)"/>
    <GlobalVariable Name="Image$$ER_RAM_RW$$Length"                 Value="SIZEOF(ER_RAM_RW)"/>
    <GlobalVariable Name="Load$$ER_RAM_RW$$Base"                    Value="LOADADDR(ER_RAM_RW)"/>

    <GlobalVariable Name="Image$$ER_RAM_RW$$ZI$$Base"               Value="ADDR(.bss)"/>
    <GlobalVariable Name="Image$$ER_RAM_RW$$ZI$$Length"             Value="SIZEOF(.bss)"/>
    <GlobalVariable Name="__use_no_semihosting_swi"                 Value="0"/>

</ScatterFile>
