[
  {
    "Title": "Sample project",
    "Id": "520090",
    "ParentWikiTitle": "Home",
    "FileExtension": "codeplexwiki",
    "UpdatedDate": "2012-01-14T14:11:25.72-08:00",
    "FileAttachments": [
      {
        "Id": "fd497eb3-2f06-4387-b0d2-c4c48e157713",
        "FileName": "WP_000275_small.jpg",
        "DownloadUri": "./520090/fd497eb3-2f06-4387-b0d2-c4c48e157713"
      },
      {
        "Id": "3c3faa75-ca45-4c25-8b0a-bf706108511e",
        "FileName": "WP_000277_small.jpg",
        "DownloadUri": "./520090/3c3faa75-ca45-4c25-8b0a-bf706108511e"
      },
      {
        "Id": "e68da87d-b7de-4a6c-8ddf-303ed2168ac8",
        "FileName": "WP_000279_small.jpg",
        "DownloadUri": "./520090/e68da87d-b7de-4a6c-8ddf-303ed2168ac8"
      }
    ]
  },
  {
    "Title": "Home",
    "Id": "520079",
    "ParentWikiTitle": "Home",
    "FileExtension": "codeplexwiki",
    "UpdatedDate": "2012-01-14T13:54:02.25-08:00",
    "FileAttachments": [
      {
        "Id": "b5c728e3-6e29-47af-aca9-a9ee558053e2",
        "FileName": "micro-framework.gif",
        "DownloadUri": "./520079/b5c728e3-6e29-47af-aca9-a9ee558053e2"
      }
    ]
  },
  {
    "Title": "Documentation",
    "Id": "515753",
    "ParentWikiTitle": "Documentation",
    "FileExtension": "codeplexwiki",
    "UpdatedDate": "2012-01-04T03:11:17.443-08:00",
    "FileAttachments": []
  }
]
