[
  {
    "Id": "25383",
    "Title": "Two Questions",
    "LatestDate": "2008-04-07T06:38:31.743-07:00"
  },
  {
    "Id": "33716",
    "Title": "How to connect to an existing database",
    "LatestDate": "2008-11-26T09:12:52.027-08:00"
  },
  {
    "Id": "222305",
    "Title": "any updates ?",
    "LatestDate": "2010-08-03T05:29:37.54-07:00"
  },
  {
    "Id": "225144",
    "Title": "Info on the two show stopper bugs?",
    "LatestDate": "2010-08-27T19:22:39.643-07:00"
  },
  {
    "Id": "570809",
    "Title": "hi, I tried to convert a result to object",
    "LatestDate": "2014-10-29T04:21:34.227-07:00"
  },
  {
    "Id": "578390",
    "Title": "LinqPad Driver",
    "LatestDate": "2015-01-22T13:28:59.273-08:00"
  },
  {
    "Id": "582042",
    "Title": "nuget package",
    "LatestDate": "2015-02-27T08:27:18.957-08:00"
  }
]