[
  {
    "Id": "1317305",
    "ThreadId": "570809",
    "Html": "hi, I tried to convert a result to object:<br />\n<pre><code>public dynamic fetch_object(Result rs)\n        {\n            dynamic x = new DynamicDictionary();\n            if (rs.Root != null)\n            {\n                // Get the first one\n                Record r = rs.Root;\n                for (int index = 0; index &lt; rs.Table.Length; index++)\n                {\n                    var column = rs.Table[index];\n                    for (int i = 0; i &lt; rs.ColumnCount; i++)\n                    {\n                        x[column] = r.Data[i];\n                    }\n                }\n            }\n            return x;\n        }</code></pre>\n\nbut it doesnt work correctly.\r<br />\ncould anyone help me?<br />\n",
    "PostedDate": "2014-10-29T04:21:34.227-07:00",
    "UserRole": null,
    "MarkedAsAnswerDate": null
  }
]