[
  {
    "Id": "485910",
    "ThreadId": "225144",
    "Html": "<p>Hi Andr&eacute;s,</p>\r\n<p>Its great to see this 9 yr old&nbsp;C# port is still accessible, thanks to you and Mark Tutt.</p>\r\n<p>Do you have the repro steps for the first bug: &quot;one related to the automatic checkpoint process&quot;?</p>\r\n<p>I'm guessing it will be pretty easy to reproduce the other related to data corruption after inserting a number of rows.</p>\r\n<p>Kind regards,</p>\r\n<p>Jeremy</p>\r\n<p>&nbsp;</p>",
    "PostedDate": "2010-08-27T19:22:39.643-07:00",
    "UserRole": null,
    "MarkedAsAnswerDate": null
  }
]