[
  {
    "Id": "85083",
    "ThreadId": "25383",
    "Html": "\r\nFirst let me say that I have used HSQL since the java days, and appreciate someone taking up the challenge to move the C# version forward.  Having said that, I have 2 questions.<br /><br />1.  You mentioned important bugs, with a warning.  If there are known major bugs, where are they documented?<br /><br />2.  Have you considered making a version for Microsoft's SilverLight?  This would be a sweet addition to that great platform.<br />",
    "PostedDate": "2008-04-04T12:31:54.583-07:00",
    "UserRole": null,
    "MarkedAsAnswerDate": null
  },
  {
    "Id": "85212",
    "ThreadId": "25383",
    "Html": "\r\nThanks for your time.<br /><br />There are two major bugs right now, one related to the automatic checkpoint process and the other related to data corruption after inserting a number of rows.<br />I guess there might be other bugs, but these are show-stoppers. I don't know if I have some more detail on those bugs, I will try to find the old emails and threads from GotDotNet.<br />Regarding the use of SharpHSQL inside a Silverlight application, I don't see any problems for just memory databases. For disk based databases we need to make some changes to support isolated storage, I think.<br /><br />Best regards,<br />Andrés.<br /><br /><div class=\"quote\" style=\"border: dotted .1em #aaa; border-left: none; border-right: none; font-style: italic; margin: 1em 0em 2.5em 3em;padding: .2em;\"><br />Dewey wrote:<br />First let me say that I have used HSQL since the java days, and appreciate someone taking up the challenge to move the C# version forward.  Having said that, I have 2 questions.<br /><br />1.  You mentioned important bugs, with a warning.  If there are known major bugs, where are they documented?<br /><br />2.  Have you considered making a version for Microsoft's SilverLight?  This would be a sweet addition to that great platform.<br /><br /></div>",
    "PostedDate": "2008-04-05T13:44:43.633-07:00",
    "UserRole": null,
    "MarkedAsAnswerDate": null
  },
  {
    "Id": "85260",
    "ThreadId": "25383",
    "Html": "\r\nJust for clarification, are you saying that the two problems described don't exist if the database is in memory, or just that once fixed, THEN memory databases would work fine in Silverlight?<br /><br /><div class=\"quote\" style=\"border: dotted .1em #aaa; border-left: none; border-right: none; font-style: italic; margin: 1em 0em 2.5em 3em;padding: .2em;\"><br />andresv wrote:<br />Thanks for your time.<br /><br />There are two major bugs right now, one related to the automatic checkpoint process and the other related to data corruption after inserting a number of rows.<br />I guess there might be other bugs, but these are show-stoppers. I don't know if I have some more detail on those bugs, I will try to find the old emails and threads from GotDotNet.<br />Regarding the use of SharpHSQL inside a Silverlight application, I don't see any problems for just memory databases. For disk based databases we need to make some changes to support isolated storage, I think.<br /><br />Best regards,<br />Andrés.<br /><br /><div class=\"quote\" style=\"border: dotted .1em #aaa; border-left: none; border-right: none; font-style: italic; margin: 1em 0em 2.5em 3em;padding: .2em;\"><br />Dewey wrote:<br />First let me say that I have used HSQL since the java days, and appreciate someone taking up the challenge to move the C# version forward.  Having said that, I have 2 questions.<br /><br />1.  You mentioned important bugs, with a warning.  If there are known major bugs, where are they documented?<br /><br />2.  Have you considered making a version for Microsoft's SilverLight?  This would be a sweet addition to that great platform.<br /><br /></div><br /></div>",
    "PostedDate": "2008-04-06T01:21:25.433-07:00",
    "UserRole": null,
    "MarkedAsAnswerDate": null
  },
  {
    "Id": "85364",
    "ThreadId": "25383",
    "Html": "\r\nI mean the second option: when those bugs are fixed, using just a memory DB in silverlight would require almost no changes to implement.<br />",
    "PostedDate": "2008-04-07T06:38:31.743-07:00",
    "UserRole": null,
    "MarkedAsAnswerDate": null
  }
]