[
  {
    "Id": "111730",
    "ThreadId": "33716",
    "Html": "Hello,<br>\r\nfirst of all thank you for your excellent work !<br>\r\n<br>\r\nI want to connect to an existing database and mody it with my C# application. I can connect to the database, but I can't access the tables. Each time I try a SELECT command it returns me the S0002 : Table not found. I'm sure that the table exists. I tried to execute the &quot;SHOW TABLES&quot; command but the Result object contains only one element &quot;TABLE&quot; in its Names collection.<br>\r\n<br>\r\nCan anybody help me ?<br>\r\n",
    "PostedDate": "2008-08-18T02:13:13.273-07:00",
    "UserRole": null,
    "MarkedAsAnswerDate": null
  },
  {
    "Id": "135621",
    "ThreadId": "33716",
    "Html": "By default newly created tables are persisted to disk only when a CHECKPOINT operation occurs.<br>\r\nif you are using the low level SharpHSql classes (Database) make sure you execute a CHECKPOINT command before your application finish.<br>\r\nI'm running the &quot;ProviderTest&quot; project and everything seems to be working as expected.<br>\r\nLet me know if you have any other problem.<br>\r\nAndrés.\r\n",
    "PostedDate": "2008-11-26T08:57:46.78-08:00",
    "UserRole": null,
    "MarkedAsAnswerDate": null
  },
  {
    "Id": "135624",
    "ThreadId": "33716",
    "Html": "Hello andresv,<br>\r\nthank you for your answer. In fact the database was not created by SharpHSQL, it was created by an application written in Java. I think this the reason because SharpHSQL can not open the database.<br>\r\n<br>\r\nI found a workaround by using a commercial JDBC-ODBC Bridge.<br>\r\n<br>\r\nBut let me know if you think that SharpHSQL is able to open a database created with another application.<br>\r\n<br>\r\nGreetings<br>\r\n<br>\r\nJ-D<br>\r\n",
    "PostedDate": "2008-11-26T09:12:52.027-08:00",
    "UserRole": null,
    "MarkedAsAnswerDate": null
  }
]