{
  "WorkItem": {
    "AffectedComponent": {
      "Name": "",
      "DisplayName": ""
    },
    "ClosedComment": "",
    "ClosedDate": "2008-04-07T07:53:01.53-07:00",
    "CommentCount": 0,
    "Custom": null,
    "Description": "Initial source code upload for version 1.0.3.3",
    "LastUpdatedDate": "2017-12-10T04:21:25.343-08:00",
    "PlannedForRelease": "",
    "ReleaseVisibleToPublic": false,
    "Priority": {
      "Name": "High",
      "Severity": 150,
      "Id": 3
    },
    "ProjectName": "sharphsql",
    "ReportedDate": "2008-04-07T07:52:16.183-07:00",
    "Status": {
      "Name": "Closed",
      "Id": 4
    },
    "ReasonClosed": {
      "Name": "Unassigned"
    },
    "Summary": "Initial Source code migration",
    "Type": {
      "Name": "Task",
      "Id": 2
    },
    "VoteCount": 0,
    "Id": 407
  },
  "FileAttachments": [],
  "Comments": [
    {
      "Message": "Resolved with changeset 2967.",
      "PostedDate": "2008-04-07T07:53:01.53-07:00",
      "Id": -2147483648
    },
    {
      "Message": "",
      "PostedDate": "2013-02-13T17:48:01.193-08:00",
      "Id": -2147483648
    },
    {
      "Message": "",
      "PostedDate": "2013-05-15T23:06:55.467-07:00",
      "Id": -2147483648
    },
    {
      "Message": "",
      "PostedDate": "2017-12-10T04:21:25.343-08:00",
      "Id": -2147483648
    }
  ]
}