{
  "WorkItem": {
    "AffectedComponent": {
      "Name": "",
      "DisplayName": ""
    },
    "ClosedComment": "",
    "ClosedDate": null,
    "CommentCount": 0,
    "Custom": null,
    "Description": "Anybody can help on this as \n\nSELECT ABS(-1)\n\nis not working...\n\nThanks,",
    "LastUpdatedDate": "2013-08-23T20:18:25.853-07:00",
    "PlannedForRelease": "",
    "ReleaseVisibleToPublic": false,
    "Priority": {
      "Name": "Unassigned",
      "Severity": 0,
      "Id": 0
    },
    "ProjectName": "sharphsql",
    "ReportedDate": "2013-06-26T23:48:49.433-07:00",
    "Status": {
      "Name": "Proposed",
      "Id": 1
    },
    "ReasonClosed": {
      "Name": "Unassigned"
    },
    "Summary": "SELECT ABS(-1)",
    "Type": {
      "Name": "Unassigned",
      "Id": 5
    },
    "VoteCount": 1,
    "Id": 11107
  },
  "FileAttachments": [],
  "Comments": [
    {
      "Message": "Select without from not working.\r\n\r\nTry this:\n-----------------\ncreate table A(Id int not null identity, B varchar(20));\ninsert into A(B) values ('Test');\r\n\r\nselect ABS(-1),* from A;\n------------------\r\n\r\nresult:\n1 rows returned, 0 rows affected.\r\n\r\n        ID      B\n1       1       test\n",
      "PostedDate": "2013-08-23T20:18:25.853-07:00",
      "Id": -2147483648
    }
  ]
}