{
  "WorkItem": {
    "AffectedComponent": {
      "Name": "",
      "DisplayName": ""
    },
    "ClosedComment": "",
    "ClosedDate": null,
    "CommentCount": 0,
    "Custom": null,
    "Description": "Anybody have idea to implement RIGHT JOIN in SharpHSQL engine.\n\nSELECT S.StudentID, C.ClassID, C.ClassName, S.StudentName, SC.SchoolID, SC.SchoolName \nFROM Student S\nLEFT OUTER JOIN Class C\nON S.ClassID = C.ClassID \nRIGHT OUTER JOIN School SC\nON SC.SchoolID = C.SchoolID\n\nThanks,",
    "LastUpdatedDate": "2015-10-06T22:06:56.47-07:00",
    "PlannedForRelease": "",
    "ReleaseVisibleToPublic": false,
    "Priority": {
      "Name": "Unassigned",
      "Severity": 0,
      "Id": 0
    },
    "ProjectName": "sharphsql",
    "ReportedDate": "2013-09-12T07:15:30.227-07:00",
    "Status": {
      "Name": "Proposed",
      "Id": 1
    },
    "ReasonClosed": {
      "Name": "Unassigned"
    },
    "Summary": "RIGHT JOIN???",
    "Type": {
      "Name": "Unassigned",
      "Id": 5
    },
    "VoteCount": 2,
    "Id": 11269
  },
  "FileAttachments": [],
  "Comments": []
}