[
  {
    "Id": "0",
    "Name": "2.0",
    "DevelopmentStatus": "Planning",
    "Description": "Main focus on producing a stable version of the library that (above all) ensures data files are never corrupted and works in a reliable way.\nAfter achieving that we could focus on producing different \"flavors\" of the library, likely a PCL (Portable) for WinRT applications.",
    "ReleasedDatge": "0001-01-01T00:00:00",
    "ModifiedDate": "2015-04-30T14:19:38.767-07:00",
    "Files": []
  },
  {
    "Id": "1",
    "Name": "SharpHSQL v1.0.3.3",
    "DevelopmentStatus": "Alpha",
    "Description": "! Release Date: 4/12/2005\nSources for VS.NET 2002 and binaries compiled for .NET 1.1 & Compact Framework.\n\n! WARNING\nThis version is not ready for production grade applications. More testing is needed and some important bugs has to be fixed before that. You are warned.",
    "ReleasedDatge": "0001-01-01T00:00:00",
    "ModifiedDate": "2013-02-14T05:13:48.06-08:00",
    "Files": [
      {
        "Id": "c71f3bf0-aeac-4f3c-82ef-f6f41dbccf0f",
        "FileName": "SharpHSQL_1_0_3_3_help.zip",
        "Url": "./1/c71f3bf0-aeac-4f3c-82ef-f6f41dbccf0f",
        "Type": "Documentation",
        "UploadDate": "2008-04-04T08:07:25.273-07:00"
      },
      {
        "Id": "83b9c448-d379-46af-8f08-4736a19d4704",
        "FileName": "SharpHSQL_1_0_3_3_src.zip",
        "Url": "./1/83b9c448-d379-46af-8f08-4736a19d4704",
        "Type": "Source Code",
        "UploadDate": "2008-04-04T08:07:25.227-07:00"
      },
      {
        "Id": "bb8abf12-e6fc-4561-a5a6-7df29357a57c",
        "FileName": "SharpHSQL_1_0_3_3_bin.zip",
        "Url": "./1/bb8abf12-e6fc-4561-a5a6-7df29357a57c",
        "Type": "Application",
        "UploadDate": "2008-04-04T08:07:25.257-07:00"
      },
      {
        "Id": "f910df3f-9bf5-4b09-9aaf-efee98acafcc",
        "FileName": "PocketSample_1_0_3_3_cab.zip",
        "Url": "./1/f910df3f-9bf5-4b09-9aaf-efee98acafcc",
        "Type": "Application",
        "UploadDate": "2008-04-04T08:07:25.303-07:00"
      },
      {
        "Id": "96ba9a8f-a049-4836-9193-a8a85f58f5eb",
        "FileName": "PocketSharpHSQL_1_0_3_3_cab.zip",
        "Url": "./1/96ba9a8f-a049-4836-9193-a8a85f58f5eb",
        "Type": "Application",
        "UploadDate": "2008-04-04T08:07:25.337-07:00"
      }
    ]
  }
]