[
  {
    "Id": "0",
    "Name": "Netduino library 1.0",
    "DevelopmentStatus": "Stable",
    "Description": "First compiled version of library.",
    "ReleasedDatge": "0001-01-01T00:00:00",
    "ModifiedDate": "2010-12-19T23:09:22.203-08:00",
    "Files": [
      {
        "Id": "c0eccf0d-bdf7-4dee-9ec6-67b1dc03c77f",
        "FileName": "Netduino Library 1_0.rar",
        "Url": "./0/c0eccf0d-bdf7-4dee-9ec6-67b1dc03c77f",
        "Type": "Application",
        "UploadDate": "2010-12-19T06:15:13.5-08:00"
      },
      {
        "Id": "b542da7d-d0db-44c3-b721-5827a9ce75ca",
        "FileName": "NetduinoLibrary_1_0.zip",
        "Url": "./0/b542da7d-d0db-44c3-b721-5827a9ce75ca",
        "Type": "Application",
        "UploadDate": "2010-12-19T23:09:22.11-08:00"
      }
    ]
  }
]