[
  {
    "Id": "932338",
    "ThreadId": "400775",
    "Html": "\r\n<p>Hi,<br>\r\n<br>\r\nIf I understand correctly - if you used your &quot;Other&quot; overload when calling Adapter.Start - would you be able to link an ENC28J60 chip directly provided you set/wired the correct SPI and interrupt GPIO? (I'd like to use the chip directly with a Netduino mini\r\n - is this going to be feasible or is there a huge hole that I've overlooked somewhere??) :)<br>\r\n<br>\r\nThanks!<br>\r\nJames.</p>\r\n",
    "PostedDate": "2012-10-25T05:13:27.25-07:00",
    "UserRole": null,
    "MarkedAsAnswerDate": null
  },
  {
    "Id": "941227",
    "ThreadId": "400775",
    "Html": "\r\n<p>James,</p>\r\n<p>I have just used mip exactly as you have described to connect a STM32F4 discovery board loaded with the Oberon firmware.</p>\r\n<p>I was able to use the other overload using SPI2 directly:</p>\r\n<p>Networking.Adapter.Start(new byte[] { 0x5c, 0x86, 0x4a, 0x00, 0x00, 0xdd }, &quot;mip&quot;, SPI.SPI_module.SPI2, (Cpu.Pin)49, (Cpu.Pin)48);</p>\r\n<p>Works perfectly. Had problems with SPI1, not sure why, perhaps conflict with on board parts.</p>\r\n<p>Regards</p>\r\n<p>Stephen</p>\r\n",
    "PostedDate": "2012-11-13T14:03:30.923-08:00",
    "UserRole": null,
    "MarkedAsAnswerDate": null
  },
  {
    "Id": "1213160",
    "ThreadId": "400775",
    "Html": "Hi sbishop61;\r<br />\n<br />\nHow did you pass this error; &quot;Device not found or cannot be opened - USB:Gadgeteer&quot;\r<br />\ni'm using stm32f429IDiscovery board. And ST gives binary images. So i used that.\r<br />\nNow  i'm trying to use this mIP library but when i compile webserver example there's no error. then it gives error during loading.\r<br />\ni think there is a loading limitaion. How could i exceed this problem. What should i do to change target to STM32F4.\r<br />\n<br />\nThanks<br />\n",
    "PostedDate": "2014-02-23T12:30:55.783-08:00",
    "UserRole": null,
    "MarkedAsAnswerDate": null
  }
]