[
  {
    "Id": "400775",
    "Title": "Compatibility query",
    "LatestDate": "2014-02-23T12:30:55.783-08:00"
  },
  {
    "Id": "404146",
    "Title": "Multiple Nics",
    "LatestDate": "2012-11-21T12:55:08.633-08:00"
  },
  {
    "Id": "404379",
    "Title": "What about using with .NET Gadgeteer FEZ Cerberus?",
    "LatestDate": "2013-12-07T11:45:22.843-08:00"
  },
  {
    "Id": "430202",
    "Title": "Get query string from server request?",
    "LatestDate": "2013-01-20T11:22:40.663-08:00"
  },
  {
    "Id": "430209",
    "Title": "NTP Client?",
    "LatestDate": "2013-01-20T12:57:21.33-08:00"
  },
  {
    "Id": "430309",
    "Title": "Porting to other .NET Platform and different hardware",
    "LatestDate": "2013-01-21T08:06:19.007-08:00"
  },
  {
    "Id": "430515",
    "Title": "SMTP Client in mIP?",
    "LatestDate": "2013-01-22T16:31:48.587-08:00"
  },
  {
    "Id": "438294",
    "Title": "Communication with electronic device using TCP/IP in ASP.Net",
    "LatestDate": "2013-12-07T11:55:26.953-08:00"
  },
  {
    "Id": "545827",
    "Title": "Does the libarary suppor UPNP host devices?",
    "LatestDate": "2014-05-19T07:52:29.663-07:00"
  },
  {
    "Id": "549092",
    "Title": "Can this replace the firmware stack in Netduino Plus2?",
    "LatestDate": "2014-06-18T20:22:27.93-07:00"
  },
  {
    "Id": "660352",
    "Title": "mIP over RS485 bus?",
    "LatestDate": "2016-12-27T05:55:32.84-08:00"
  }
]