[
  {
    "Id": "946179",
    "ThreadId": "404379",
    "Html": "\r\n<p>ehy there is a chance to setup Visual Studio to use in a easy way the ENC28 GHI Module attacched to a FEZ Cerberus?</p>\r\n<p>&nbsp;</p>\r\n<p>There is any step by step instructions?</p>\r\n",
    "PostedDate": "2012-11-23T08:57:24.543-08:00",
    "UserRole": null,
    "MarkedAsAnswerDate": null
  },
  {
    "Id": "989390",
    "ThreadId": "404379",
    "Html": "\r\n<p>You can do it, you just don't add it to the designer. &nbsp;Plug it into Socket 6 and it works. &nbsp;If it is a Gadgeteer project remove the infinite wait since Gadgeteer doesn't need the infinite wait.</p>\r\n",
    "PostedDate": "2013-01-20T11:18:21.633-08:00",
    "UserRole": null,
    "MarkedAsAnswerDate": null
  },
  {
    "Id": "1131610",
    "ThreadId": "404379",
    "Html": "Also, I think you need to make sure that you DON'T have the ethernet firmware installed on the Cerberus, as this is being handled for you by mIP.<br />\n",
    "PostedDate": "2013-12-04T02:29:09.01-08:00",
    "UserRole": null,
    "MarkedAsAnswerDate": null
  },
  {
    "Id": "1132816",
    "ThreadId": "404379",
    "Html": "I have a Cerberus board running with this managed Network stack using the following steps:<br />\n<ul>\n<li>Installed the non Ethernet Cerberus firmware</li>\n<li>connected components making sure the ENC28 is connected to port 6</li>\n<li>use the designer to assign all components except the Ethernet module</li>\n<li>used code from the samples to setup the connection.</li>\n<li>make sure to adjust the code to contect  with the correct hardware enum value</li>\n</ul>\n",
    "PostedDate": "2013-12-07T11:45:22.843-08:00",
    "UserRole": null,
    "MarkedAsAnswerDate": null
  }
]