[
  {
    "Id": "1257741",
    "ThreadId": "549092",
    "Html": "I'm having some timing issues with the lwip stack built into the Netduino firmware (basically it seems to block for a long time that causes timer driven tasks to pause noticeably).\r<br />\n<br />\nSince this stack is in managed code, I may have the option to run it in a thread and therefore get it to share resources more fairly.\r<br />\n<br />\nIs this possible? Can I use this code to replace/override the lwip stack from the firmware?\r<br />\n<br />\n--Tim Long<br />\n",
    "PostedDate": "2014-06-18T20:22:27.93-07:00",
    "UserRole": null,
    "MarkedAsAnswerDate": null
  }
]