[
  {
    "Id": "1022303",
    "ThreadId": "438294",
    "Html": "Hi All,\r<br />\n<br />\nI have created a window service that listen to a PORT using TCP/IP. There are numerous devices that sends XML to the server, my service listen to the PORT and accepts stream of bytes which is actually XML. Till here every thing is running fine;  now my next requirement is that I want to send message to the clients (electronic devices) through ASP.Net website so that user can control device from web interface. For E.g Switch Off/ON some sensors on the device. I'm not able to find a why from where I should start with this. Can you please let me know if some one have gone  through the same Issue?\r<br />\n<br />\nThanks in advance<br />\n",
    "PostedDate": "2013-03-28T03:06:03.617-07:00",
    "UserRole": null,
    "MarkedAsAnswerDate": null
  },
  {
    "Id": "1022775",
    "ThreadId": "438294",
    "Html": "No response from anyone, Not sure if i'm explaining the whole concept clearly? Please let me know!!<br />\n",
    "PostedDate": "2013-03-28T22:00:50.91-07:00",
    "UserRole": null,
    "MarkedAsAnswerDate": null
  },
  {
    "Id": "1132819",
    "ThreadId": "438294",
    "Html": "If you are interested in this subject you check out this series of channel 9 videos: \r<br />\n<a href=\"http://channel9.msdn.com/Blogs/Subscribe/Device-to-Cloud-Hands-On-Part-1-Prototyping-Platforms\" rel=\"nofollow\">http://channel9.msdn.com/Blogs/Subscribe/Device-to-Cloud-Hands-On-Part-1-Prototyping-Platforms</a><br />\n",
    "PostedDate": "2013-12-07T11:55:26.953-08:00",
    "UserRole": null,
    "MarkedAsAnswerDate": null
  }
]