{
  "WorkItem": {
    "AffectedComponent": {
      "Name": "",
      "DisplayName": ""
    },
    "ClosedComment": "",
    "ClosedDate": null,
    "CommentCount": 0,
    "Custom": null,
    "Description": "hello. your mip stack is great! it inspired my to do my own one (for a different uC, avr)\r\nand from time to time i look at yours how you do things.\r\n\r\nso i found out your ping packet is wrong. it works for windows machines, but like when my router sends a ping, data data (abcd...) is different, and it has to be the same that is sent by the request.\r\n\r\ni handle it this way: just use the original packet, change the needed stuff (source, destination mac, ip and such) and than send it back, same lenght\r\n\r\n\r\ngreetings",
    "LastUpdatedDate": "2013-09-14T02:23:01.887-07:00",
    "PlannedForRelease": "",
    "ReleaseVisibleToPublic": false,
    "Priority": {
      "Name": "Unassigned",
      "Severity": 0,
      "Id": 0
    },
    "ProjectName": "mip",
    "ReportedDate": "2013-09-14T02:23:01.887-07:00",
    "Status": {
      "Name": "Proposed",
      "Id": 1
    },
    "ReasonClosed": {
      "Name": "Unassigned"
    },
    "Summary": "ping packet (icmp)",
    "Type": {
      "Name": "Unassigned",
      "Id": 5
    },
    "VoteCount": 1,
    "Id": 2
  },
  "FileAttachments": [],
  "Comments": []
}