{
  "WorkItem": {
    "AffectedComponent": {
      "Name": "",
      "DisplayName": ""
    },
    "ClosedComment": "",
    "ClosedDate": null,
    "CommentCount": 0,
    "Custom": null,
    "Description": "I get compilation errors in TCP.cs relating to a missing overload in Encoding.UTF8.GetChars method. I see in one of the releases that you fixed compilation errors for 4.1. Figured you would want to know that the latest release not compiling in 4.1.",
    "LastUpdatedDate": "2013-08-16T05:34:07.377-07:00",
    "PlannedForRelease": "",
    "ReleaseVisibleToPublic": false,
    "Priority": {
      "Name": "Unassigned",
      "Severity": 0,
      "Id": 0
    },
    "ProjectName": "mip",
    "ReportedDate": "2013-08-16T05:34:07.377-07:00",
    "Status": {
      "Name": "Proposed",
      "Id": 1
    },
    "ReasonClosed": {
      "Name": "Unassigned"
    },
    "Summary": "Error compiling for .Net MF 4.1",
    "Type": {
      "Name": "Unassigned",
      "Id": 5
    },
    "VoteCount": 1,
    "Id": 1
  },
  "FileAttachments": [],
  "Comments": []
}