[
  {
    "Id": "0",
    "Name": "Second Release",
    "DevelopmentStatus": "Alpha",
    "Description": "This is an Alpha build.  The simple examples work, but I'm sure we'll find a lot of bugs to fix.  Being fully managed in C#, it should be easier to resolve issues than if they occur in the firmware.  Post issues in the Issue Tracker!  Thanks!",
    "ReleasedDatge": "0001-01-01T00:00:00",
    "ModifiedDate": "2012-07-12T22:33:43.237-07:00",
    "Files": [
      {
        "Id": "5e64156b-4e3c-4f52-94d8-62faefb15661",
        "FileName": "mip_0.2.zip",
        "Url": "./0/5e64156b-4e3c-4f52-94d8-62faefb15661",
        "Type": "Source Code",
        "UploadDate": "2012-07-12T22:32:48.01-07:00"
      }
    ]
  },
  {
    "Id": "1",
    "Name": "Third Release",
    "DevelopmentStatus": "Beta",
    "Description": "This release should be far more durable than any previous release.  Ultimately, mIP will work best serving up small 50 to 100 kb of files and making requests that return single packet responses.  \n\n* Fixed Static address support (no need for any Thread.Sleeps anymore, the Start method blocks until the connections is ready to use (about 200 milliseconds))\n* Added a Adapter.ConnectedToInternet Property that checks for Internet Connectivity just like a Windows PC using \n* Added automatic driver recovery when bad bytes are encountered over SPI\n* Added Throttling to skip packets that are not directly addressed during heavy traffic\n* Added DNS caching\n* Added Support for Secondary DNS server\n* Better handles TCP retransmission requests\n* Using MultiSPI library to share the SPI bus\n* Added method for synchronous DNS Lookup with timeout\n* Added method for HttpRequest support GET and POST (Synchronous and Asynchronous)\n* Fixed response to TCP RESET messages\n* And a variety of smaller bugs fixes",
    "ReleasedDatge": "0001-01-01T00:00:00",
    "ModifiedDate": "2012-12-01T20:27:53.143-08:00",
    "Files": [
      {
        "Id": "8e44ab25-9b2a-4cf8-a355-639832a91241",
        "FileName": "mip_v0.3.zip",
        "Url": "./1/8e44ab25-9b2a-4cf8-a355-639832a91241",
        "Type": "Source Code",
        "UploadDate": "2012-12-01T20:27:52.66-08:00"
      }
    ]
  }
]