[
  {
    "Title": "Documentation",
    "Id": "619439",
    "ParentWikiTitle": "Documentation",
    "FileExtension": "codeplexwiki",
    "UpdatedDate": "2012-08-26T20:35:00.51-07:00",
    "FileAttachments": []
  },
  {
    "Title": "Home",
    "Id": "619427",
    "ParentWikiTitle": "Home",
    "FileExtension": "html",
    "UpdatedDate": "2012-08-26T20:14:37.81-07:00",
    "FileAttachments": [
      {
        "Id": "527eabad-e4cc-4712-86b7-fb34c282dbd9",
        "FileName": "pitch.png",
        "DownloadUri": "./619427/527eabad-e4cc-4712-86b7-fb34c282dbd9"
      }
    ]
  },
  {
    "Title": "Setting up your hardware",
    "Id": "596502",
    "ParentWikiTitle": "Documentation",
    "FileExtension": "codeplexwiki",
    "UpdatedDate": "2012-06-30T16:55:57.063-07:00",
    "FileAttachments": [
      {
        "Id": "322f54e4-2aaa-4542-b8c4-2163341e2054",
        "FileName": "DSC03693L.JPG",
        "DownloadUri": "./596502/322f54e4-2aaa-4542-b8c4-2163341e2054"
      },
      {
        "Id": "c6612b79-7418-4081-ad96-9325a88221a7",
        "FileName": "DSC03695L.JPG",
        "DownloadUri": "./596502/c6612b79-7418-4081-ad96-9325a88221a7"
      }
    ]
  },
  {
    "Title": "Configuring the NetworkingExample Project",
    "Id": "596499",
    "ParentWikiTitle": "Documentation",
    "FileExtension": "codeplexwiki",
    "UpdatedDate": "2012-06-30T16:47:56.35-07:00",
    "FileAttachments": [
      {
        "Id": "017af1e7-8175-47f3-8969-2d8a0005676c",
        "FileName": "ExampleConfig.png",
        "DownloadUri": "./596499/017af1e7-8175-47f3-8969-2d8a0005676c"
      },
      {
        "Id": "84322b1d-6321-4310-914b-8b9041eceb8d",
        "FileName": "ProfileConfig.png",
        "DownloadUri": "./596499/84322b1d-6321-4310-914b-8b9041eceb8d"
      }
    ]
  }
]
