{
  "WorkItem": {
    "AffectedComponent": {
      "Name": "MicroLinq",
      "DisplayName": "MicroLinq"
    },
    "ClosedComment": "Exception fixed in commit 6016.Added code to help with the feature request to allow simple value types to be sorted in the OrderBy just like IComparable objects.",
    "ClosedDate": "2011-03-05T22:46:19.5-08:00",
    "CommentCount": 0,
    "Custom": null,
    "Description": "A NullReferenceException is thrown when attempting to order an ArrayList. \n \nExample:\nvar a = from b in MyClassInstance.Data\n            where ((MyClass)b).Id < 5\n            orderby ((MyClass)b).Id\n            select b;",
    "LastUpdatedDate": "2013-05-15T21:58:56.38-07:00",
    "PlannedForRelease": "",
    "ReleaseVisibleToPublic": false,
    "Priority": {
      "Name": "Medium",
      "Severity": 100,
      "Id": 2
    },
    "ProjectName": "MicroLinq",
    "ReportedDate": "2011-03-04T07:35:51.44-08:00",
    "Status": {
      "Name": "Closed",
      "Id": 4
    },
    "ReasonClosed": {
      "Name": "Unassigned"
    },
    "Summary": "OrderBy() NullReferenceException",
    "Type": {
      "Name": "Issue",
      "Id": 3
    },
    "VoteCount": 1,
    "Id": 590
  },
  "FileAttachments": [],
  "Comments": [
    {
      "Message": "Thanks for reporting this. What type is Id? If it is a value type (int, short, long, uint) I can see why this would happen. If no Comparer delegate is provided for OrderBy call the code tries to fall back on either casting the object to IComparable or find a CompareTo method. Neither of these will work for value types. In the MicroLinq.PrebuiltDelegates project there are some Comparers you can use if this is the case or you can specify your own. Given the platform and lack of generics, it's probably a good idea to specify your own Comparer delegate in general. It will usually be better than relying on the fall-back behavior.\r\n\r\nIf this doesn't fit you (Id is some other type) then this might not be the problem. Let me know the type and I'll try to replicate the problem and find where the issue lives. For my own internal testing I've only been using method chaining rather than SQL-like syntax since it's just my preference. In that case it wouldn't be something like:\r\n\r\nvar a = MyClassInstance.Data.Where(b => ((MyClass).b).Id < 5).OrderBy(b => ((MyClass)b).Id, PrebuiltDelagates.Compareres.IntCompare); // if Id is int type",
      "PostedDate": "2011-03-04T11:18:12.31-08:00",
      "Id": -2147483648
    },
    {
      "Message": "Hi Erik,\r\n\r\nYes the Id type was int. I had a look inside your code after I reported the error and saw what I did, so I guess this feature request. Pretend I'm a dev who grew up on the full framework and expected near-parity usage.\r\n\r\nI haven't benchmarked Reflection's speed (yet ... I'm using Reflection for a netmf/netduino OODB which is why I came across this error), but couldn't you infer the type? Probably a bunch slower though, but perhaps there's a better way?",
      "PostedDate": "2011-03-04T19:53:30.747-08:00",
      "Id": -2147483648
    },
    {
      "Message": "I interpret the NullReferenceException as an issue and I fixed it in checkin 6016. A check was added to ensure we're not assuming a passed object implements a compare method. This Compare method should really not be used and is only included as backward compat with a previous version of MicroLinq. Still I went ahead and added some checks for ValueTypes and try to compare them. If there's no simple way to compare the objects, a new NotSupportedException is thrown. I still strongly encourage the use of an explicit Comparer delegate (some are available in the PrebuiltDelegates project).\r\n\r\nPlease let me know if this satisfies your request or if more changes are needed. Thanks again for the report!",
      "PostedDate": "2011-03-05T22:44:38.92-08:00",
      "Id": -2147483648
    },
    {
      "Message": "",
      "PostedDate": "2011-03-05T22:46:19.5-08:00",
      "Id": -2147483648
    },
    {
      "Message": "",
      "PostedDate": "2013-02-13T15:55:59.497-08:00",
      "Id": -2147483648
    },
    {
      "Message": "",
      "PostedDate": "2013-05-15T21:58:56.38-07:00",
      "Id": -2147483648
    }
  ]
}