{
  "WorkItem": {
    "AffectedComponent": {
      "Name": "MicroLinq",
      "DisplayName": "MicroLinq"
    },
    "ClosedComment": "Aggregate and Select are implemented in changeset 5604. A release download was also created for that build.",
    "ClosedDate": "2011-02-17T21:41:30.11-08:00",
    "CommentCount": 0,
    "Custom": null,
    "Description": "Hi,\nthanks for your great work first of all. I'd like to request two features which are very usefull - a Map function which transforms each element in an IEnumerable and foldLeft/foldRight functions. I am new to C#, but i can try to help out with the implementation.\n \nThank you,\nLukas Beyer",
    "LastUpdatedDate": "2013-05-15T21:58:56.857-07:00",
    "PlannedForRelease": "ChangeSet-5604",
    "ReleaseVisibleToPublic": true,
    "Priority": {
      "Name": "Low",
      "Severity": 50,
      "Id": 1
    },
    "ProjectName": "MicroLinq",
    "ReportedDate": "2011-02-17T17:36:42.013-08:00",
    "Status": {
      "Name": "Closed",
      "Id": 4
    },
    "ReasonClosed": {
      "Name": "Unassigned"
    },
    "Summary": "Feature Request: Map and foldLeft/foldRight",
    "Type": {
      "Name": "Feature",
      "Id": 1
    },
    "VoteCount": 1,
    "Id": 575
  },
  "FileAttachments": [],
  "Comments": [
    {
      "Message": "Hi Lukas,\r\n\r\nI've never encountered FoldLeft and FoldRight before. Doing some quick searching I think the existing LINQ equivalent is Aggregator. Is this correct? http://msdn.microsoft.com/en-us/library/system.linq.enumerable.aggregate.aspx\r\nAs for map this StackOverflow comment seems to suggest the existing LINQ equivalent is Select. Is this correct? http://stackoverflow.com/questions/702123/linq-map-or-collect\r\n\r\nIf these LINQ extensions meet the need you have I can get started on implementing them. I haven't looked too hard at how they are implemented now to see how to fit them into NETMF so I might have later questions. I just wanted to establish a starting point where I understand what you're asking for.\r\n\r\nThanks!\r\n-Erik",
      "PostedDate": "2011-02-17T18:31:26.963-08:00",
      "Id": -2147483648
    },
    {
      "Message": "Based on the assumption that map is the same as select I've implemented the Select extension. I've added a blurb on how to use it in the documentation tab. I will take a look at doing the Aggregate next.\r\n\r\nThe change is in the source code. I didn't rebuild and package the DLLs up in a new release yet. Let me know if you need me to do this for you. Otherwise I plan to do this when I've completed the Aggregate extension.",
      "PostedDate": "2011-02-17T20:24:41.103-08:00",
      "Id": -2147483648
    },
    {
      "Message": "",
      "PostedDate": "2011-02-17T21:40:35.96-08:00",
      "Id": -2147483648
    },
    {
      "Message": "",
      "PostedDate": "2011-02-17T21:41:30.11-08:00",
      "Id": -2147483648
    },
    {
      "Message": "Hi Erik,\r\nthank you very much! Yes, FoldLeft is equivalent to LINQ Aggregate and Map is equivalent to Select. I come from a java/scala background, which use different names for the same constructs.\r\n\r\nThanks for your great project! Lukas",
      "PostedDate": "2011-02-18T02:22:51.263-08:00",
      "Id": -2147483648
    },
    {
      "Message": "I would appreciate any feedback on how the project works for you. I'd be interested to know which platform you're using (all my testing is done on a Netduino Plus) and any issues or ideas you have.\r\nThanks for this request, by the way. I had been considering how to implement the Select extension but wasn't sure how I was going to do it so I just put it off. With your request I was forced to think about it and it turned out to be easier than I was making it...assuming it works correctly!\r\n-Erik",
      "PostedDate": "2011-02-18T07:15:47.877-08:00",
      "Id": -2147483648
    },
    {
      "Message": "",
      "PostedDate": "2013-02-13T15:56:00.057-08:00",
      "Id": -2147483648
    },
    {
      "Message": "",
      "PostedDate": "2013-05-15T21:58:56.857-07:00",
      "Id": -2147483648
    }
  ]
}