[
  {
    "Id": "0",
    "Name": "Release 0.2.5",
    "DevelopmentStatus": "Beta",
    "Description": "I made a quick blog post to demonstrate the new NotifyingCollection class listed below.\n[url:http://vikingerik.wordpress.com/2011/04/06/microlinq-notifyingcollection-published/]\n\nIf you have Nuget Package Manager v1.3 or higher, you can install MicroLinq and the PrebuildDelegates with one-click.\n[url:http://nuget.org/List/Packages/MicroLinq/]\n\n*Collections:*\nFixed bug in ValueTypeArrayList that prevented inserting at position 0. This was previously available through source but this is the first release package containing this class.\nAdded new NotifyingCollection! This is just a small implementation of the hotness that is ObservableCollections. It's almost entirely the same code as ValueTypeArrayList but it doesn't enforce any restrictions - the storage type is Object[]. So conceptually it should be the same as ArrayList but with a handy event that fires to let you know when an item is added or removed or the entire collection is reset (cleared).\nNearlyGenericArrayList.Sort is removed. The OrderBy extension is much more efficient now.\n\n*MicroLinq:*\nDefault Comparer method was expanded to try to support value types. It now throws a NotSupportedException if it can't figure out what to do. It's still much better to provide your own sort delegate (or use a prebuilt one from the PrebuiltDelegates namespace) for maximum efficiency.\n\n*ParallelExtensions:*\nNo changes.\n\n*MicroLinq.PrebuiltDelegates:*\nNo changes.",
    "ReleasedDatge": "0001-01-01T00:00:00",
    "ModifiedDate": "2011-04-13T16:40:54.457-07:00",
    "Files": [
      {
        "Id": "0ad28fb8-32c3-4c6a-b43f-b9dfb2b1234c",
        "FileName": "Changeset-6714.zip",
        "Url": "./0/0ad28fb8-32c3-4c6a-b43f-b9dfb2b1234c",
        "Type": "Application",
        "UploadDate": "2011-04-06T18:27:47.347-07:00"
      }
    ]
  },
  {
    "Id": "1",
    "Name": "Changeset 5763",
    "DevelopmentStatus": "Beta",
    "Description": "*Collections:*\nNo changes in this release.\n\n*MicroLinq:*\nModified some overloads to use less code by relying on the full version classes.\nNew OrderBy implementation. Doesn't modify source and only iterates source once to copy the values. Uses MergeSort now.\n\n*ParallelExtensions:*\nRemoved project dependency on MicroLinq which wasn't needed.\nFixed bug that could have passed the wrong object to the action delegate while enumerating.\nRemoved Countdown and Countup classes and replaced with in-place ManualResetEvent.\nAdded optional timeout parameter to specify how long to wait. The success/failure is still not bubbled up though.\nLibrary is a bit smaller now.\n\nAnd...\n*MicroLinq.PrebuiltDelegates:*\nNew project. Provides commonly-used delegates for Aggregate and Compare delegates. Could be expanded if others suggest helpful versions. Inspired by comments from Corey Kosak.\nBuilds to its own library to conserve program space if not wanted/used in a project.",
    "ReleasedDatge": "0001-01-01T00:00:00",
    "ModifiedDate": "2011-02-25T20:18:04.96-08:00",
    "Files": [
      {
        "Id": "deb9749f-226c-43ed-a938-07c9c3f97acb",
        "FileName": "Changeset-5763.zip",
        "Url": "./1/deb9749f-226c-43ed-a938-07c9c3f97acb",
        "Type": "Application",
        "UploadDate": "2011-02-25T20:18:04.787-08:00"
      }
    ]
  },
  {
    "Id": "2",
    "Name": "Changeset-5704",
    "DevelopmentStatus": "Beta",
    "Description": "Release Candidate 1? Looking for more feedback!\n\nMany fixes and enhancements suggested by Corey Kosak on the Netduino forums.\n\nThis release should perform better and act more like LINQ does on the fully framework.\n\nThe side projects NearlyGenericArrayList and ParallelForEach are just for experimentation and are in their own libraries to keep the MicroLinq project trim. The NGAL is looking likely to get dropped from the project now that the OrderBy extension has matured and reached a point where it can outperform NGAL's Sort function.\n\nCheck the commit logs on the Source Code tab to see what else has changed since the last release.",
    "ReleasedDatge": "0001-01-01T00:00:00",
    "ModifiedDate": "2011-02-22T16:21:54.713-08:00",
    "Files": [
      {
        "Id": "311f6be5-e787-4765-bcef-dee7ead2659f",
        "FileName": "Changeset-5704.zip",
        "Url": "./2/311f6be5-e787-4765-bcef-dee7ead2659f",
        "Type": "Application",
        "UploadDate": "2011-02-22T16:21:54.557-08:00"
      }
    ]
  },
  {
    "Id": "3",
    "Name": "ChangeSet-5604",
    "DevelopmentStatus": "Beta",
    "Description": "Includes Select and Aggregate extensions.\nExamples of use have been added to Documentation.",
    "ReleasedDatge": "0001-01-01T00:00:00",
    "ModifiedDate": "2011-02-17T21:38:36.76-08:00",
    "Files": [
      {
        "Id": "815a7540-8395-4437-8dde-b94a777c8565",
        "FileName": "ChangeSet-5604.zip",
        "Url": "./3/815a7540-8395-4437-8dde-b94a777c8565",
        "Type": "Application",
        "UploadDate": "2011-02-17T21:38:36.637-08:00"
      }
    ]
  },
  {
    "Id": "4",
    "Name": "ChangeSet-5434",
    "DevelopmentStatus": "Beta",
    "Description": "Added new OrderBy extension.\nAdded new Selector delegate to support OrderBy extension.\nUpdated code in NearlyGenericArrayList to throw an ArgumentException if an object of the wrong type is trying to be added.\nUpdated code in NearlyGenericArrayList to handle specialty case objects which implement void CompareTo(object) but aren't marked IComparable (System.String)\nDocumented more functions.",
    "ReleasedDatge": "0001-01-01T00:00:00",
    "ModifiedDate": "2011-02-10T16:53:31.047-08:00",
    "Files": [
      {
        "Id": "881cd31d-27ab-4489-92ea-a7cac26a2cd8",
        "FileName": "Changeset-5434.zip",
        "Url": "./4/881cd31d-27ab-4489-92ea-a7cac26a2cd8",
        "Type": "Application",
        "UploadDate": "2011-02-10T16:53:30.89-08:00"
      }
    ]
  },
  {
    "Id": "5",
    "Name": "Changeset-5422",
    "DevelopmentStatus": "Beta",
    "Description": "This download contains the debug and release builds of all three projects as separate DLLs in both Big Endian and Little Endian formats.\nI have used this version of the libraries in my own proof of concept project and verified it all compiles and what I've tested works.",
    "ReleasedDatge": "0001-01-01T00:00:00",
    "ModifiedDate": "2011-02-09T16:49:42.573-08:00",
    "Files": [
      {
        "Id": "ec6fc1b4-38ac-40ea-8f1c-8691a4a0a93f",
        "FileName": "Changeset-5422.zip",
        "Url": "./5/ec6fc1b4-38ac-40ea-8f1c-8691a4a0a93f",
        "Type": "Application",
        "UploadDate": "2011-02-09T16:49:42.387-08:00"
      }
    ]
  },
  {
    "Id": "6",
    "Name": "Release 0.3.0",
    "DevelopmentStatus": "Beta",
    "Description": "I don't really know what I'm going to do about the version numbering now. NuGet needs per-package, this is a single solution. The MicroLinq project has no updates since the 0.2.5 release but I made a lot of changes to the Collections project. They are both on NuGet now but I'm still making these downloads for people without NuGet 1.3+ or haven't figured out the joy of NuGet.\n\n*Collections:*\nValueTypeArrayList:\nRemoved type check. It wasn't really useful and just made the initialization confusing. It also didn't do any restricting of values to a particular ValueType.\nRemoved the static constructor helpers as they were no longer useful.\nAdded new constructors for initial data.\nAdded two new implicit operators for data work. VTAL is now assignable to and from ValueType[]. For preinitializing a large array of data, it's much more efficient to populate a ValueType[] and then create a new VTAL using that data than it is to repeatedly call Add on a VTAL.\n\nNotifyingCollection:\nImplemented a couple new constructors to allow the storage to be initialized with some data.\nAdded bounds checking for some operations.\nAdded size limit to CopyTo to ensure we don't try to write past target array size or our own data length.\nAdded two new implicit operators to help with data work. NC is assignable to an Object[] and an Object[] to a NC.\n\nNearlyGenericArrayList:\nImplemented a Clear method which calls the internal ArrayList's Clear method.\nImplemented two implicit operator calls to help with marshalling data. You can assign a NGAL to a vanilla ArrayList and the implicit operator will clone and supply the internal ArrayList.\n\n*MicroLinq:*\nNo changes.\n\n*ParallelExtensions:*\nNo changes.\n\n*MicroLinq.PrebuiltDelegates:*\nNo changes.",
    "ReleasedDatge": "0001-01-01T00:00:00",
    "ModifiedDate": "2011-04-19T18:09:21.263-07:00",
    "Files": [
      {
        "Id": "14893b0a-3a5c-4ed7-8689-99a4110fa3fd",
        "FileName": "Changeset-7061.zip",
        "Url": "./6/14893b0a-3a5c-4ed7-8689-99a4110fa3fd",
        "Type": "Application",
        "UploadDate": "2011-04-19T18:09:21.077-07:00"
      }
    ]
  }
]