[
  {
    "Title": "Home",
    "Id": "415561",
    "ParentWikiTitle": "Home",
    "FileExtension": "html",
    "UpdatedDate": "2011-04-26T11:11:08.937-07:00",
    "FileAttachments": []
  },
  {
    "Title": "Documentation",
    "Id": "384408",
    "ParentWikiTitle": "Documentation",
    "FileExtension": "html",
    "UpdatedDate": "2011-02-18T11:29:53.323-08:00",
    "FileAttachments": []
  },
  {
    "Title": "中国语言",
    "Id": "384406",
    "ParentWikiTitle": "Documentation",
    "FileExtension": "html",
    "UpdatedDate": "2011-02-18T11:28:38.187-08:00",
    "FileAttachments": []
  },
  {
    "Title": "Example Usage",
    "Id": "384152",
    "ParentWikiTitle": "Documentation",
    "FileExtension": "html",
    "UpdatedDate": "2011-02-17T21:24:51.373-08:00",
    "FileAttachments": []
  },
  {
    "Title": "日本語ドキュメント",
    "Id": "384082",
    "ParentWikiTitle": "Documentation",
    "FileExtension": "html",
    "UpdatedDate": "2011-02-17T18:08:11.083-08:00",
    "FileAttachments": []
  },
  {
    "Title": "Example Program Output",
    "Id": "384057",
    "ParentWikiTitle": "Documentation",
    "FileExtension": "html",
    "UpdatedDate": "2011-02-17T17:00:46.47-08:00",
    "FileAttachments": []
  },
  {
    "Title": "MicroLinq Usage",
    "Id": "380837",
    "ParentWikiTitle": "Documentation",
    "FileExtension": "html",
    "UpdatedDate": "2011-02-10T19:46:26.753-08:00",
    "FileAttachments": []
  }
]
