[
  {
    "Id": "0",
    "Name": "Valuable documents",
    "DevelopmentStatus": "Stable",
    "Description": "You may found this documents useful. Datasheets for different types of micro controllers (HD44780-compatible) and really simple and useful article.\n\nAlso take a look at [url:HD44780_Character_LCD Wiki|http://en.wikipedia.org/wiki/HD44780_Character_LCD].\n[url:Online LCD simulator|http://www.dinceraydin.com/djlcdsim/djlcdsim.html] might also be useful.",
    "ReleasedDatge": "0001-01-01T00:00:00",
    "ModifiedDate": "2011-02-08T02:01:20.83-08:00",
    "Files": [
      {
        "Id": "1681fa73-8902-4958-a619-d4350349fac7",
        "FileName": "hd44780u.pdf",
        "Url": "./0/1681fa73-8902-4958-a619-d4350349fac7",
        "Type": "Documentation",
        "UploadDate": "2011-02-08T01:43:06.677-08:00"
      },
      {
        "Id": "f664c7f7-0244-4787-8c26-6aed73f37fff",
        "FileName": "PC2402LRS-ANH-H.PDF",
        "Url": "./0/f664c7f7-0244-4787-8c26-6aed73f37fff",
        "Type": "Documentation",
        "UploadDate": "2011-02-08T01:43:40.687-08:00"
      },
      {
        "Id": "76636d51-8aa2-4ff6-9b36-00056208f372",
        "FileName": "CFAH1602BYYHJT_v1.0.pdf",
        "Url": "./0/76636d51-8aa2-4ff6-9b36-00056208f372",
        "Type": "Documentation",
        "UploadDate": "2011-02-08T01:46:04.9-08:00"
      },
      {
        "Id": "db788bc7-7947-4fc1-becc-0c151d44326c",
        "FileName": "How_to_use_intelligent_LCDs.zip",
        "Url": "./0/db788bc7-7947-4fc1-becc-0c151d44326c",
        "Type": "Documentation",
        "UploadDate": "2011-02-08T01:48:29.687-08:00"
      },
      {
        "Id": "ab6ed78d-0a44-453f-91c9-935fb4d994e2",
        "FileName": "ST7066Uv22.pdf",
        "Url": "./0/ab6ed78d-0a44-453f-91c9-935fb4d994e2",
        "Type": "Documentation",
        "UploadDate": "2011-02-08T01:50:46.623-08:00"
      }
    ]
  }
]