[
  {
    "Id": "703655",
    "ThreadId": "280908",
    "Html": "\r\n<p>Hi all,</p>\r\n<p>Sorry for my English, I'm Spanish.</p>\r\n<p>This porject is very interesting and is a big work.</p>\r\n<p>I'm interesting in program in .NET Micro, and I have a MINI2440 (64MB).</p>\r\n<p>My cuestion is how I can load the tinyclr.bin in the MINI2440. I have the U-Boot loaded. What is the next step?</p>\r\n<p>&nbsp;</p>\r\n<p>Thank you.</p>\r\n<p>&nbsp;</p>\r\n",
    "PostedDate": "2011-11-26T08:34:42.247-08:00",
    "UserRole": null,
    "MarkedAsAnswerDate": null
  },
  {
    "Id": "703709",
    "ThreadId": "280908",
    "Html": "<p>Hi</p>\n<p>I have board with 256 MB, but it looks like you are lucky. tinyclr.bin is configured to use RAM address space from 0x30000000 to 0x34000000 (64 MB). You can look it from file Trunk\\Solutions\\Micro2440SDK\\TinyCLR\\scatterfile_tinyclr_gcc.xml&nbsp;(http://s3c2440mfport.codeplex.com/SourceControl/changeset/view/8229#108497).  I think that MINI2440 has just that address space available in RAM.</p>\n<p>I think you should be able to deploy tinyclr.bin to RAM and run it there.</p>\n<p>I deploy tinyclr.bin using these U-Boot environment variables:</p>\n<pre>bootcmd=dhcp;run boottftp;go 0x30000000\nboottftp=tftpboot 0x30000000 tinyclr.bin</pre>\n<p>bootcmd is&nbsp;automatically&nbsp;executed when count down is not interrupted. You can look all the variables from <a href=\"http://www.denx.de/wiki/DULG/UBootEnvVariables\">http://www.denx.de/wiki/DULG/UBootEnvVariables</a>.</p>\n<p>I use TFTP to transfer tinyclr to FriendlyARM. You can use any transfer method. It's important that you deploy the file to address 0x30000000 and run it from the same address using \"go 0x30000000\"-command.&nbsp;</p>",
    "PostedDate": "2011-11-26T13:20:26.943-08:00",
    "UserRole": "Owner",
    "MarkedAsAnswerDate": null
  },
  {
    "Id": "703790",
    "ThreadId": "280908",
    "Html": "<p><span style=\"color: black; font-size: 10pt;\">Thank you,</span></p>\r\n<p><span style=\"color: black; font-size: 10pt;\">I'm trying to load u-Boot into MINI2440, please see below the step (I'm not sure if is the correct for):</span></p>\r\n<p>##### FriendlyARM BIOS for 2440 #####</p>\r\n<p>[x] bon part 0 320k 2368k</p>\r\n<p>[v] Download vivi</p>\r\n<p>[k] Download linux kernel</p>\r\n<p>[y] Download root_yaffs image</p>\r\n<p>[a] Absolute User Application</p>\r\n<p>[n] Download Nboot</p>\r\n<p>[l] Download WinCE boot-logo</p>\r\n<p>[w] Download WinCE NK.bin</p>\r\n<p>[d] Download &amp; Run</p>\r\n<p>[z] Download zImage into RAM</p>\r\n<p>[g] Boot linux from RAM</p>\r\n<p>[f] Format the nand flash</p>\r\n<p>[b] Boot the system</p>\r\n<p>[s] Set the boot parameters</p>\r\n<p>[u] Backup NAND Flash to HOST through USB(upload)</p>\r\n<p>[r] Restore NAND Flash from HOST through USB</p>\r\n<p>[q] Goto shell of vivi</p>\r\n<p>[i] Version: 1026-12</p>\r\n<p>Enter your selection: <span style=\"color: #ff0000;\">q</span></p>\r\n<p>&nbsp;</p>\r\n<p><span style=\"color: #ff0000;\">Supervivi&gt; load ram 0x32000000 246164 u-boot</span></p>\r\n<p>USB host is connected. Waiting a download.</p>\r\n<p>Now, Downloading [ADDRESS:32000000h,TOTAL:246174]</p>\r\n<p>RECEIVED FILE SIZE: 246174 (240KB/S, 1S)</p>\r\n<p>Downloaded file at 0x32000000, size = 246164 bytes</p>\r\n<p>&nbsp;</p>\r\n<p><span style=\"color: #ff0000;\">Supervivi&gt; go 0x32000000</span></p>\r\n<p>go to 0x32000000</p>\r\n<p>argument 0 = 0x00000000</p>\r\n<p>argument 1 = 0x00000000</p>\r\n<p>argu&aacute;</p>\r\n<p>U-Boot 1.3.2-mini2440 (May 25 2010 - 19:15:21)</p>\r\n<p>I2C:&nbsp;&nbsp; ready</p>\r\n<p>DRAM: 64 MB</p>\r\n<p>Flash: 2 MB</p>\r\n<p>NAND: 64 MiB</p>\r\n<p>*** Warning - bad CRC or NAND, using default environment</p>\r\n<p>USB:&nbsp;&nbsp; S3C2410 USB Deviced</p>\r\n<p>In:&nbsp;&nbsp; serial</p>\r\n<p>Out:&nbsp;&nbsp; serial</p>\r\n<p>Err:&nbsp;&nbsp; serial</p>\r\n<p>MAC: 08:08:11:18:12:27</p>\r\n<p>Hit any key to stop autoboot: 0</p>\r\n<p>&nbsp;</p>\r\n<p><span style=\"color: #ff0000;\">MINI2440 # nand scrub</span></p>\r\n<p>NAND scrub: device 0 whole chip</p>\r\n<p>Warning: scrub option will erase all factory set bad blocks!</p>\r\n<p>&nbsp;&nbsp;&nbsp;&nbsp;&nbsp;&nbsp;&nbsp;&nbsp; There is no reliable way to recover them.</p>\r\n<p>&nbsp;&nbsp;&nbsp;&nbsp;&nbsp;&nbsp;&nbsp;&nbsp; Use this command only for testing purposes if you</p>\r\n<p>&nbsp;&nbsp;&nbsp;&nbsp;&nbsp;&nbsp;&nbsp;&nbsp; are sure of what you are doing!</p>\r\n<p>Really scrub this NAND flash? &lt;y/N&gt;</p>\r\n<p>Erasing at 0x3ffc000 -- 100% complete.</p>\r\n<p>Bad block table not found for chip 0</p>\r\n<p>Bad block table not found for chip 0</p>\r\n<p>OK</p>\r\n<p>&nbsp;</p>\r\n<p><span style=\"color: #ff0000;\">MINI2440 # nand createbbt</span></p>\r\n<p>Create BBT and erase everything ? &lt;y/N&gt;</p>\r\n<p>Skipping bad block at 0x03ff0000</p>\r\n<p>Skipping bad block at 0x03ff4000</p>\r\n<p>Skipping bad block at 0x03ff8000</p>\r\n<p>Skipping bad block at 0x03ffc000</p>\r\n<p>Creating BBT. Please wait ...Bad block table not found for chip 0</p>\r\n<p>Bad block table not found for chip 0</p>\r\n<p>Bad block table written to 0x03ffc000, version 0x01</p>\r\n<p>Bad block table written to 0x03ff8000, version 0x01</p>\r\n<p>&nbsp;</p>\r\n<p><span style=\"color: #ff0000;\">MINI2440 # nand write.e 0x32000000 0x0 0x3c194</span></p>\r\n<p>NAND write: device 0 offset 0x0, size 0x3c194</p>\r\n<p>Writing data at 0x3c000 -- 100% complete.</p>\r\n<p>246164 bytes written: OK</p>\r\n<p>&nbsp;</p>\r\n<p><span style=\"color: #ff0000;\">Reset the MINI2440</span></p>\r\n<p>&nbsp;</p>\r\n<p>U-Boot 1.3.2-mini2440 (May 25 2010 - 19:15:21)</p>\r\n<p>I2C:&nbsp;&nbsp; ready</p>\r\n<p>DRAM: 64 MB</p>\r\n<p>Flash: 2 MB</p>\r\n<p>NAND: 64 MiB</p>\r\n<p>*** Warning - bad CRC or NAND, using default environment</p>\r\n<p>USB:&nbsp;&nbsp; S3C2410 USB Deviced</p>\r\n<p>In:&nbsp;&nbsp; serial</p>\r\n<p>Out:&nbsp;&nbsp; serial</p>\r\n<p>Err:&nbsp;&nbsp; serial</p>\r\n<p>MAC: 08:08:11:18:12:27</p>\r\n<p>Hit any key to stop autoboot: 0</p>\r\n<p>&nbsp;</p>\r\n<p><span style=\"color: #ff0000;\">MINI2440 # mmcinit</span></p>\r\n<p>mmc: Probing for SDHC ...</p>\r\n<p>===============&gt; MMC CMD Timeout</p>\r\n<p>mmc: No answer to CMD8 trying SD</p>\r\n<p>trying to detect SD Card...</p>\r\n<p>Manufacturer:&nbsp;&nbsp;&nbsp;&nbsp;&nbsp;&nbsp; 0x02, OEM \"TM\"</p>\r\n<p>Product name:&nbsp;&nbsp;&nbsp;&nbsp;&nbsp;&nbsp; \"SD256\", revision 0.7</p>\r\n<p>Serial number:&nbsp;&nbsp;&nbsp;&nbsp; 1899884907</p>\r\n<p>Manufacturing date: 11/2004</p>\r\n<p>CRC:&nbsp;&nbsp;&nbsp;&nbsp;&nbsp;&nbsp;&nbsp;&nbsp;&nbsp;&nbsp;&nbsp;&nbsp;&nbsp;&nbsp; 0x0c, b0 = 1</p>\r\n<p>READ_BL_LEN=15, C_SIZE_MULT=7, C_SIZE=77</p>\r\n<p>size = 4292870144</p>\r\n<p>SD Card detected RCA: 0xfb8f type: SD</p>\r\n<p>&nbsp;</p>\r\n<p><span style=\"color: #ff0000;\">MINI2440 # fatload mmc 0:1 0x30000000 tinyclr.bin</span></p>\r\n<p>reading tinyclr.bin</p>\r\n<p>635696 bytes read</p>\r\n<p>&nbsp;</p>\r\n<p><span style=\"color: #ff0000;\">MINI2440 # go 0x30000000</span></p>\r\n<p>## Starting application at 0x30000000 ...</p>\r\n<p>Bootstrap - CPU_IsMMUEnabled: 0</p>\r\n<p>Bootstrap - CPU_IsMMUEnabled: 1</p>\r\n<p>S3C2440_AIC_Driver::Initialize</p>\r\n<p>STUB_ISR 25</p>\r\n<p>ERROR: ABORT Dataver::Initialize COM0</p>\r\n<p>cpsr=0x6000005f</p>\r\n<p>pc =0x3005f22c</p>\r\n<p>lr =0x3005f300</p>\r\n<p>r0=0x63fc238e</p>\r\n<p>r1=0x3008c18c</p>\r\n<p>r2=0x00000000</p>\r\n<p>r3=0x63fc238e</p>\r\n<p>r4=0x30000000</p>\r\n<p>r5=0x33d5fc68</p>\r\n<p>r6=0x00000001</p>\r\n<p>r7=0x33d5fdf5</p>\r\n<p>r8=0x33d5ffdc</p>\r\n<p>r9=0x00000000</p>\r\n<p>r10=0x33d5fcf5</p>\r\n<p>r11=0x33d5fdf5</p>\r\n<p>r12=0x3005f3b4</p>\r\n<p>sp =0x33eff600</p>\r\n<p>ERROR: ABORT Data</p>\r\n<p>cpsr=0x6000005f</p>\r\n<p>pc =0x3005f22c</p>\r\n<p>lr =0x3005f300</p>\r\n<p>r0=0x63fc238e</p>\r\n<p>r1=0x3008c18c</p>\r\n<p>r2=0x00000000</p>\r\n<p>r3=0x63fc238e</p>\r\n<p>r4=0x30000000</p>\r\n<p>r5=0x33d5fc68</p>\r\n<p>r6=0x00000001</p>\r\n<p>r7=0x33d5fdf5</p>\r\n<p>r8=0x33d5ffdc</p>\r\n<p>r9=0x00000000</p>\r\n<p>r10=0x33d5fcf5</p>\r\n<p>r11=0x33d5fdf5</p>\r\n<p>r12=0x3005f3b4</p>\r\n<p>sp =0x33eff600</p>\r\n<p>[0x33eff600] : 00 00 00 00 8e 23 fc 63 08 00 00 00 70 f6 ef 33 ....Ž#&uuml;c....p&ouml;&iuml;3</p>\r\n<p>[0x33eff610] : 00 00 30 30 00 f3 05 30 00 40 00 00 8e 23 fc 63 ..00.&oacute;.0.@..Ž#&uuml;c</p>\r\n<p>[0x33eff620] : 30 00 00 00 a4 f4 05 30 00 00 00 00 01 00 00 00 0...&curren;&ocirc;.0........</p>\r\n<p>[0x33eff630] : 30 00 00 00 dc 1f 00 00 00 00 00 00 00 00 00 00 0...&Uuml;...........</p>\r\n<p>[0x33eff640] : 8c c1 08 30 8e 23 fc 63 ac 00 00 00 8e 23 fc 63 &OElig;&Aacute;.0Ž#&uuml;c&not;...Ž#&uuml;c</p>\r\n<p>[0x33eff650] : 08 00 00 00 38 f6 05 30 00 00 00 00 8c f6 ef 33 ....8&ouml;.0....&OElig;&ouml;&iuml;3</p>\r\n<p>[0x33eff660] : 00 00 00 00 34 00 00 00 50 00 00 00 8c c1 08 30 ....4...P...&OElig;&Aacute;.0</p>\r\n<p>[0x33eff670] : 00 00 30 30 00 40 00 00 01 00 00 00 dc 1f 00 00 ..00.@......&Uuml;...</p>\r\n<p>[0x33eff680] : 00 00 00 00 8e 23 fc 63 00 00 00 30 b4 f7 05 30 ....Ž#&uuml;c...0&acute;&divide;.0</p>\r\n<p>[0x33eff690] : 00 00 00 00 34 00 00 00 50 00 00 00 8c c1 08 30 ....4...P...&OElig;&Aacute;.0</p>\r\n<p>[0x33eff6a0] : 01 00 00 00 c0 03 06 30 08 00 00 00 00 00 00 00 ....&Agrave;..0........</p>\r\n<p>[0x33eff6b0] : 50 00 00 00 00 00 00 00 00 00 00 00 a8 e7 05 30 P...........&uml;&ccedil;.0</p>\r\n<p>[0x33eff6c0] : 01 00 00 00 d0 04 06 30 00 00 00 30 20 30 06 30 ....&ETH;..0...0 0.0</p>\r\n<p>[0x33eff6d0] : 00 00 00 30 1c 36 06 30 0d f0 ad ba 0d f0 ad ba ...0.6.0.&eth;&shy;&ordm;.&eth;&shy;&ordm;</p>\r\n<p>[0x33eff6e0] : 0d f0 ad ba 00 00 00 00 00 00 00 00 00 00 00 00 .&eth;&shy;&ordm;............</p>\r\n<p>[0x33eff6f0] : fc ff ff 32 00 00 00 33 00 00 00 00 44 00 00 30 &uuml; 2...3....D..0</p>",
    "PostedDate": "2011-11-27T01:51:41.653-08:00",
    "UserRole": null,
    "MarkedAsAnswerDate": null
  },
  {
    "Id": "703815",
    "ThreadId": "280908",
    "Html": "<p>It looks like you loaded tinyclr.bin correctly and it started, but then crashed in or just after function S3C2440_USART_Driver::Initialize (file DeviceCode\\Targets\\Native\\S3C2440\\DeviceCode\\S3C2440_USART\\S3C2440__USART.cpp).&nbsp;</p>\r\n<p>\r\n<div style=\"color: black; background-color: white;\">\r\n<pre>BOOL S3C2440_USART_Driver::Initialize( <span style=\"color: blue;\">int</span> comPort, <span style=\"color: blue;\">int</span> BaudRate, <span style=\"color: blue;\">int</span> Parity, <span style=\"color: blue;\">int</span> DataBits, <span style=\"color: blue;\">int</span> StopBits, <span style=\"color: blue;\">int</span> FlowValue )\r\n{\r\n\tS3C2440::Debug_printf(<span style=\"color: #a31515;\">\"S3C2440_USART_Driver::Initialize COM%d\\r\\n\"</span>, comPort);\r\n\tS3C2440_USART &amp;usart = S3C2440::USART(comPort);\r\n      \r\n...\r\n</pre>\r\n</div>\r\n</p>\r\n<p>Then the execution maybe jumped to micro framework function \"ABORTD_Handler\" in file&nbsp;DeviceCode\\cores\\arm\\Diagnostics\\Aborts.cpp.</p>\r\n<p>Can you try to compile own binary file and debug where it crashes?</p>",
    "PostedDate": "2011-11-27T03:46:46.677-08:00",
    "UserRole": "Owner",
    "MarkedAsAnswerDate": null
  },
  {
    "Id": "760448",
    "ThreadId": "280908",
    "Html": "<p>Hi Matti,</p>\r\n<p>I replied a few times to a post at Friendly Arm but I guess you'd not visited the page in a long while so I thought I'd post here instead. I've managed to get my system (pc) up and going with the correct version of gcc and v4.1 of the micro framework. The Micro2440SDK solution builds but when I deploy this to adress 0x30000000 (the correct one for my board which is a knock off called a GT2440), I get the first line \"Bootstrap - CPU_IsMMUEnabled: 0\" but then nothing else! I also can't seem to get any debug information out of the comm port, I'll try another port later after I make an adaptor board up (the other UART is on a pin header).</p>\r\n<p>Do you have any suggestions as to where to look and also what needs to be done? I've noticed that the interrupt handler isn't complete and so are the time / timer drivers which the framework documentation says are required to get the basics running, have there been any updates to your code?</p>\r\n<p>Many thanks and hopefully sometime soon I can get on with having a go at developing the rest of the drivers (most likely with some help).</p>\r\n<p>Dan</p>",
    "PostedDate": "2012-02-13T04:49:35.02-08:00",
    "UserRole": null,
    "MarkedAsAnswerDate": null
  },
  {
    "Id": "768230",
    "ThreadId": "280908",
    "Html": "Hi Dan\r\n<div><br>\r\n</div>\r\n<div>You right, I haven't followed the Friendly Arm forum, but I get email notification from the codeplex project so you can always get in touch with me from there.</div>\r\n<div><br>\r\n</div>\r\n<div>There's a lot of things that i skipped when implementing the drivers. I only implemented everything that I needed to get a managed program running in my board.</div>\r\n<div><br>\r\n<div>Here are some points you can check:</div>\r\n<div><br>\r\n</div>\r\n<div><br>\r\n</div>\r\n<div>\r\n<div>Have you build the framework for RAM deployment? Only RAM deployment is implemented. I use following build commands in Eclipse.</div>\r\n<div><br>\r\n</div>\r\n<div>Eclipse project properties</div>\r\n<div>C/C&#43;&#43; Build:</div>\r\n<div>Builder Settings:</div>\r\n<div>Build command: C:\\WINDOWS\\Microsoft.NET\\Framework\\v4.0.30319\\MSBuild.exe dotNetMF.proj /p:flavor=${ConfigName};memory=ram</div>\r\n<div>Behaviour:</div>\r\n<div>Build (Incremental build): /t:deploy</div>\r\n<div>Clean: /t:clean</div>\r\n<div><br>\r\n</div>\r\n<div><br>\r\n</div>\r\n<div><br>\r\n</div>\r\n<div>If that doesn't help:</div>\r\n<div><br>\r\n</div>\r\n<div>The error might be somewhere in the bootstrap Memory Management Unit initialization. When I start framework, I get following output:</div>\r\n<div>Bootstrap - CPU_IsMMUEnabled: 0</div>\r\n<div>Bootstrap - CPU_IsMMUEnabled: 1</div>\r\n<div><br>\r\n</div>\r\n<div>The output is written in boostrap function &quot;BootstrapCode_MMU&quot;. The first line is written when function is entered and second line is written when function exits.</div>\r\n<div><br>\r\n</div>\r\n<div>Bootstrap code is in MicroFrameworkPK_v4_1\\DeviceCode\\Targets\\Native\\S3C2440\\DeviceCode\\S3C2440_Bootstrap\\S3C2440_Bootstrap.cpp</div>\r\n<div><br>\r\n</div>\r\n<div><br>\r\n</div>\r\n<div>MMU is initialized, because framework needs to write data to memory starting at virtual address 0x00000000. MMU maps physical address 0x33F00000 ~ 0x33FFFFFF to 0x0 ~ 0xFFFFF.</div>\r\n<div><br>\r\n</div>\r\n<div>In scatterfile this region is defined like this:</div>\r\n<div>&lt;LoadRegion Name=&quot;RELOC_RAM&quot; Base=&quot;0x00000000&quot; Size=&quot;0x000FC000&quot;/&gt;</div>\r\n</div>\r\n<div>Scatter file is in:</div>\r\n<div>MicroFrameworkPK_v4_1\\Solutions\\Micro2440SDK\\TinyCLR\\scatterfile_tinyclr_gcc.xml</div>\r\n<div><br>\r\n</div>\r\n<div><br>\r\n</div>\r\n<div><br>\r\n</div>\r\n<div><br>\r\n<div>2012/2/13 DanRiches <span dir=\"ltr\">&lt;<a href=\"mailto:notifications@codeplex.com\">notifications@codeplex.com</a>&gt;</span><br>\r\n<blockquote style=\"margin:0 0 0 .8ex; border-left:1px #ccc solid; padding-left:1ex\">\r\n<div>\r\n<p>From: DanRiches</p>\r\n<div>\r\n<p>Hi Matti,</p>\r\n<p>I replied a few times to a post at Friendly Arm but I guess you'd not visited the page in a long while so I thought I'd post here instead. I've managed to get my system (pc) up and going with the correct version of gcc and v4.1 of the micro framework. The\r\n Micro2440SDK solution builds but when I deploy this to adress 0x30000000 (the correct one for my board which is a knock off called a GT2440), I get the first line &quot;Bootstrap - CPU_IsMMUEnabled: 0&quot; but then nothing else! I also can't seem to get any debug information\r\n out of the comm port, I'll try another port later after I make an adaptor board up (the other UART is on a pin header).</p>\r\n<p>Do you have any suggestions as to where to look and also what needs to be done? I've noticed that the interrupt handler isn't complete and so are the time / timer drivers which the framework documentation says are required to get the basics running, have\r\n there been any updates to your code?</p>\r\n<p>Many thanks and hopefully sometime soon I can get on with having a go at developing the rest of the drivers (most likely with some help).</p>\r\n<p>Dan</p>\r\n</div>\r\n<div>\r\n<p>Read the <a href=\"http://s3c2440mfport.codeplex.com/discussions/280908#post760448\" target=\"_blank\">\r\nfull discussion online</a>.</p>\r\n<p>To add a post to this discussion, reply to this email (<a href=\"mailto:S3C2440mfport@discussions.codeplex.com?subject=[S3C2440mfport:280908]\" target=\"_blank\">S3C2440mfport@discussions.codeplex.com</a>)</p>\r\n<p>To start a new discussion for this project, email <a href=\"mailto:S3C2440mfport@discussions.codeplex.com\" target=\"_blank\">\r\nS3C2440mfport@discussions.codeplex.com</a></p>\r\n<p>You are receiving this email because you subscribed to this discussion on CodePlex. You can\r\n<a href=\"https://s3c2440mfport.codeplex.com/subscriptions/thread/project/edit\" target=\"_blank\">\r\nunsubscribe or change your settings</a> on codePlex.com.</p>\r\n<p>Please note: Images and attachments will be removed from emails. Any posts to this discussion will also be available online at\r\n<a href=\"http://codeplex.com\" target=\"_blank\">codeplex.com</a></p>\r\n</div>\r\n</div>\r\n</blockquote>\r\n</div>\r\n<br>\r\n</div>\r\n</div>\r\n",
    "PostedDate": "2012-02-15T12:49:51.097-08:00",
    "UserRole": "Owner",
    "MarkedAsAnswerDate": null
  },
  {
    "Id": "773653",
    "ThreadId": "280908",
    "Html": "<p>Hi Matti,</p>\r\n<p>I'll try your suggestions this weekend and let you know what I come up with. I currently build using either the msbuild command from the command prompt or use pkstudio which is a tool two Russians built which is a GUI front end for the build process. It's very useful and so far has provided decent builds. However I havent tried from Eclipse so I'll give that a go.</p>\r\n<p>Many Thanks,</p>\r\n<p>Dan</p>",
    "PostedDate": "2012-02-17T00:34:00.953-08:00",
    "UserRole": null,
    "MarkedAsAnswerDate": null
  },
  {
    "Id": "794828",
    "ThreadId": "280908",
    "Html": "<p>Hi Matti,</p>\r\n<p>Well rather than just jump straight into eclipse which is just an ide I've decided to stay with PKStudio for the moment. I've made a few changes so I can locate the fault and so far I've found that the CPU_EnableMMU method is where it all falls over. I must admit I wasn't expecting any assembly language in here so I'll have to go digging around some more to find out why it's crashing at this point... Thanks for your help so far, hopefully soon I can get the basics up and running :)</p>\r\n<p>Regards,</p>\r\n<p>Dan</p>",
    "PostedDate": "2012-02-22T06:12:42.147-08:00",
    "UserRole": null,
    "MarkedAsAnswerDate": null
  },
  {
    "Id": "796091",
    "ThreadId": "280908",
    "Html": "<p>Ok. Have you tried to print out values of&nbsp;c_Bootstrap_SDRAM_Begin,&nbsp;c_Bootstrap_SDRAM_End,&nbsp;c_Bootstrap_FLASH_Begin,&nbsp;c_Bootstrap_FLASH_End and&nbsp;c_Bootstrap_BaseOfTTBs from file S3C2440_Bootstrap.cpp? Maybe&nbsp;CPU_EnableMMU crashes, because address mappings are wrong?</p>",
    "PostedDate": "2012-02-22T11:56:56.39-08:00",
    "UserRole": "Owner",
    "MarkedAsAnswerDate": null
  }
]