[
  {
    "Id": "607185",
    "ThreadId": "256331",
    "Html": "\r\n<div id=\"x__mcePaste\" style=\"width:1px; height:1px; overflow:hidden; top:0px; left:-10000px\">\r\n&#65279;</div>\r\n<p>The output from NativeSample is now:</p>\r\n<pre>Bootstrap - CPU_IsMMUEnabled: 0\r\nBootstrap - CPU_IsMMUEnabled: 1\r\nS3C2440_AIC_Driver::Initialize\r\nSTUB_ISR 25\r\n.NetMF v4.1.2821.0\r\nMicro2440SDK, Build Date:\r\n        May  4 2011 17:59:31\r\nGNU Compiler version 4\r\n\r\nTEST: TimedEvent, Wrong order, Fail\r\n\r\nTEST: USART,SUCCESS\r\nPQRSTUVWvalidate failed, Fail\r\n\r\nTEST: GPIO,pin unavailable, Fail</pre>\r\n<p><span lang=\"EN-US\" style=\"line-height:115%; font-family:&quot;Segoe UI&quot;,&quot;sans-serif&quot;; color:black; font-size:10pt\">Basically\r\n</span>there's some debug text and then NativeSample informs that all tests failed :D</p>\r\n",
    "PostedDate": "2011-05-04T08:13:19.847-07:00",
    "UserRole": "Owner",
    "MarkedAsAnswerDate": null
  },
  {
    "Id": "620024",
    "ThreadId": "256331",
    "Html": "<p>I made some quick hacks to TIME driver and got TimedEvent to pass. Now the output is:</p>\r\n<pre>.NetMF v4.1.2821.0\r\nMicro2440SDK, Build Date:\r\n        May  4 2011 17:59:31\r\nGNU Compiler version 4\r\n\r\nTEST: TimedEvent, 1 callbacks, Pass\r\n\r\nTEST: USART,SUCCESS\r\nPQRSTUVW            , Pass\r\n\r\nTEST: GPIO,pin unavailable, Fail</pre>",
    "PostedDate": "2011-05-29T13:08:25.59-07:00",
    "UserRole": "Owner",
    "MarkedAsAnswerDate": null
  },
  {
    "Id": "625956",
    "ThreadId": "256331",
    "Html": "<p>I committed initial GPIO driver. There is still a lot to do, but now all the tests in NativeSample pass:</p>\r\n<pre>U-Boot 1.3.2-mini2440 (Feb 24 2010 - 13:04:49)\r\n...\r\nBytes transferred = 93656 (16dd8 hex)\r\n## Starting application at 0x30000000 ...\r\n...\r\n\r\n\r\n.NetMF v4.1.2821.0\r\nMicro2440SDK, Build Date:\r\n        Jun 10 2011 15:59:54\r\nGNU Compiler version 4\r\n\r\nTEST: TimedEvent, 1 callbacks, Pass\r\n\r\nTEST: USART,SUCCESS\r\nPQRSTUVW            , Pass\r\n\r\nTEST: GPIO,\r\nAll tests passed!</pre>\r\n<p>&nbsp;</p>\r\n<div id=\"_mcePaste\" class=\"mcePaste\" style=\"position: absolute; width: 1px; height: 1px; overflow: hidden; top: 0px; left: -10000px;\">﻿</div>",
    "PostedDate": "2011-06-10T06:35:29.493-07:00",
    "UserRole": "Owner",
    "MarkedAsAnswerDate": null
  },
  {
    "Id": "629448",
    "ThreadId": "256331",
    "Html": "<p>Now the TinyCLR works somehow. I created planned release. <span id=\"WikiLinkValue\">You can download binaries from there.</span></p>",
    "PostedDate": "2011-06-17T15:56:53.147-07:00",
    "UserRole": "Owner",
    "MarkedAsAnswerDate": null
  },
  {
    "Id": "782762",
    "ThreadId": "256331",
    "Html": "<p>How to build bin file (tinyclr.bin)???</p>",
    "PostedDate": "2012-02-19T19:59:39.53-08:00",
    "UserRole": null,
    "MarkedAsAnswerDate": null
  },
  {
    "Id": "785117",
    "ThreadId": "256331",
    "Html": "<p>From command line:</p>\n<ul>\n<li>Go to directory {PORTING KIT ROOT} </li>\n<li>Run setenv_gcc.cmd {tool chain path} </li>\n<li>Go to directory {PORTING KIT ROOT}\\Solutions\\Micro2440SDK </li>\n<li>Run MSBuild.exe dotNetMF.proj /p:flavor=debug;memory=ram /t:build </li>\n</ul>\n<p>You should find tinyclr.bin from {PORTING KIT ROOT}\\BuildOutput\\ARM\\GCC4.2\\le\\RAM\\debug\\Micro2440SDK\\bin</p>",
    "PostedDate": "2012-02-20T11:25:49.09-08:00",
    "UserRole": "Owner",
    "MarkedAsAnswerDate": null
  },
  {
    "Id": "786717",
    "ThreadId": "256331",
    "Html": "<p>thank you very much!</p>\r\n<p>Build Success! but it have 17 warnings.</p>",
    "PostedDate": "2012-02-20T17:56:47.167-08:00",
    "UserRole": null,
    "MarkedAsAnswerDate": null
  },
  {
    "Id": "787018",
    "ThreadId": "256331",
    "Html": "<p>HI!</p>\n<p>Can you tell about driver's speed, please?</p>\n<p>I'm newbie. I have a Micro2440SDK board.</p>\n<p>i'm interesting in .NET MF and i want to learn driver programming in it.</p>\n<p>thanks in advance!</p>",
    "PostedDate": "2012-02-20T19:07:27.27-08:00",
    "UserRole": null,
    "MarkedAsAnswerDate": null
  },
  {
    "Id": "796064",
    "ThreadId": "256331",
    "Html": "<p>Hi</p>\r\n<p>If you are testing for example GPIO driver from managed program, you might see poor performance, because TIME driver is implemented using real time clock tick. Real time clock tick is&nbsp;64 Hz.</p>\r\n<p>What driver are you interested in? And how are you testing/using the driver?</p>\r\n<p>&nbsp;</p>\r\n<p>&nbsp;</p>\r\n<p>Here is some information about TIME driver:</p>\r\n<p>TIME driver is in&nbsp;{PORTING KIT ROOT}\\DeviceCode\\Targets\\Native\\S3C2440\\DeviceCode\\S3C2440_TIME\\&nbsp;</p>\r\n<p>Time driver should be implemented with timers (chapter 10 from S2C2440 user's manual).&nbsp;</p>\r\n<p>Example on good implementation can be found here:&nbsp;{PORTING KIT ROOT}\\DeviceCode\\Targets\\Native\\LPC24XX\\DeviceCode\\TIME\\LPC24XX__TIME.cpp</p>",
    "PostedDate": "2012-02-22T11:37:45.827-08:00",
    "UserRole": "Owner",
    "MarkedAsAnswerDate": null
  },
  {
    "Id": "796733",
    "ThreadId": "256331",
    "Html": "<p>Thanks for reply!</p>\r\n<p>I'm interested in GPIO, PWM driver. i tested on GPIO Driver by toggle on/off pin. if i modify real time clock tick, what problem is occured?</p>\r\n<p>Can your GPIO Driver's speed up 20MHz?</p>\r\n<p>Thanks in advance!</p>",
    "PostedDate": "2012-02-22T19:47:10.357-08:00",
    "UserRole": null,
    "MarkedAsAnswerDate": null
  },
  {
    "Id": "798161",
    "ThreadId": "256331",
    "Html": "<p>Hmm.. TIME driver might not have very much effect on&nbsp;program that just toggles pin on/off..</p>\r\n<p>You can't get 20 MHz speed with managed program toggling pin on/off using GPIO driver.</p>\r\n<p>To get 20 Mhz speed you must implement PWM driver so that managed program can tell hardware to toggle pin on/off. S3C2440 has four timers that can be used for PWM. You can get PWM signal from GPB0-GPB3.</p>\r\n<p>Implementing PWM driver won't be easy. There isn't interface for PWM in .NET microframework. You have to implement the managed code interface and native code logic. To implement PWM driver:</p>\r\n<p>study S3C2440 user's manual chapter 9 and 10,&nbsp;<a href=\"http://www.friendlyarm.net/dl.php?file=S3C2440.pdf\">http://www.friendlyarm.net/dl.php?file=S3C2440.pdf</a></p>\r\n<p>study managed code and native code interoperability&nbsp;<a href=\"http://blogs.msdn.com/b/smaillet/archive/2009/04/27/using-interop-in-the-net-micro-framework-v3-0.aspx\">http://blogs.msdn.com/b/smaillet/archive/2009/04/27/using-interop-in-the-net-micro-framework-v3-0.aspx</a></p>\r\n<p>look for example from Netduino project PWM driver</p>\r\n<ul>\r\n<li>You can get netduino managed driver sources from&nbsp;<a href=\"http://netduino.com/downloads/netduinosdk/NetduinoSDKSource.zip\">http://netduino.com/downloads/netduinosdk/NetduinoSDKSource.zip</a>.&nbsp;\r\n<ul>\r\n<li>Look&nbsp;NetduinoSDKSource.zip\\SecretLabs.NETMF.Hardware\\PWM.cs. It contains the PWM interface for managed code. Actual logic is in netduino firmware.&nbsp;</li>\r\n</ul>\r\n</li>\r\n<li>You can get netduino firmware sources from&nbsp;<a href=\"http://netduino.com/downloads/netduinofirmware/netduinofirmware.zip\">http://netduino.com/downloads/netduinofirmware/netduinofirmware.zip</a>\r\n<ul>\r\n<li>Look&nbsp;netduinofirmware\\Solutions\\Netduino\\DeviceCode\\SecretLabs_NETMF_Hardware\\ and search for \"PWM\". These files contains native code stubs that are generated by Visual Studio.&nbsp;</li>\r\n<li>I can't find actual PWM logic for netduino. Maybe it is not released yet.</li>\r\n</ul>\r\n</li>\r\n</ul>\r\n<p>&nbsp;</p>\r\n<p>PS. If you are interested in playing with TIME driver, maximum&nbsp;frequency of real time clock tick is 64 Hz. You can make it even slower if you are interested :) change S3C2440_TIME_Driver::Initialize. You will have to change&nbsp;/Solutions/Micro2440SDK/platform_selector.h&nbsp;SLOW_CLOCKS_PER_SECOND-constant&nbsp;accordingly. There should not be any problems.</p>\r\n<p>&nbsp;</p>\r\n<p>&nbsp;</p>",
    "PostedDate": "2012-02-23T12:26:54.483-08:00",
    "UserRole": "Owner",
    "MarkedAsAnswerDate": null
  },
  {
    "Id": "798179",
    "ThreadId": "256331",
    "Html": "<p>It looks like .NET micro framework 4.2 has interface for PWM (<a href=\"http://netmf.codeplex.com/wikipage?title=.NET%20MF%204.2%20Roadmap\">http://netmf.codeplex.com/wikipage?title=.NET%20MF%204.2%20Roadmap</a>). It might be much easier/elegant to switch  this project to 4.2 version and then implement PWM driver.</p>\n<p>You can just try dropping files from this project to&nbsp;.NET micro framework 4.2 porting kit. It might work.. :)</p>\n<p>4.2 version contains at least one PWM example driver:&nbsp;<br />\\DeviceCode\\Targets\\Native\\LPC24XX\\DeviceCode\\PWM\\LPC24XX__PWM.cpp&nbsp;</p>",
    "PostedDate": "2012-02-23T12:38:57.22-08:00",
    "UserRole": "Owner",
    "MarkedAsAnswerDate": null
  },
  {
    "Id": "798597",
    "ThreadId": "256331",
    "Html": "<p>Thank you very much for your help!</p>\n<p>i will try to do it. But if i using SPI driver, will SPI driver implementation be more easy than PWM driver?</p>\n<p>Do you have a windows application run on .Net MF? how to show GUI on LCD?</p>",
    "PostedDate": "2012-02-23T17:33:36.647-08:00",
    "UserRole": null,
    "MarkedAsAnswerDate": null
  }
]