[
  {
    "Id": 360,
    "Title": "NativeSample: USART driver"
  },
  {
    "Id": 361,
    "Title": "NativeSample: Boot from NAND (probably easy)"
  },
  {
    "Id": 362,
    "Title": "NativeSample: Events"
  },
  {
    "Id": 363,
    "Title": "NativeSample: GPIO"
  },
  {
    "Id": 364,
    "Title": "CPU LCD driver and driver for some LCD"
  },
  {
    "Id": 365,
    "Title": "USB Device drivers"
  },
  {
    "Id": 366,
    "Title": "Socket (networking) drivers"
  },
  {
    "Id": 367,
    "Title": "Boot without bootloader"
  }
]