{
  "WorkItem": {
    "AffectedComponent": {
      "Name": "",
      "DisplayName": ""
    },
    "ClosedComment": "",
    "ClosedDate": null,
    "CommentCount": 0,
    "Custom": null,
    "Description": "Might be hard and do we want this?\n \nDeviceCode\\Targets\\Native\\S3C2440\\DeviceCode\\S3C2440_Bootstrap",
    "LastUpdatedDate": "2013-02-13T12:55:19.633-08:00",
    "PlannedForRelease": "",
    "ReleaseVisibleToPublic": false,
    "Priority": {
      "Name": "Medium",
      "Severity": 100,
      "Id": 2
    },
    "ProjectName": "S3C2440mfport",
    "ReportedDate": "2011-05-05T09:56:36.85-07:00",
    "Status": {
      "Name": "Proposed",
      "Id": 1
    },
    "ReasonClosed": {
      "Name": "Unassigned"
    },
    "Summary": "Boot without bootloader",
    "Type": {
      "Name": "Feature",
      "Id": 1
    },
    "VoteCount": 1,
    "Id": 367
  },
  "FileAttachments": [],
  "Comments": []
}