{
  "WorkItem": {
    "AffectedComponent": {
      "Name": "S3C2440_LCD",
      "DisplayName": "S3C2440_LCD"
    },
    "ClosedComment": "",
    "ClosedDate": null,
    "CommentCount": 0,
    "Custom": null,
    "Description": "- Not mandatory to get managed code running, but very nice feature\n- Implement DeviceCode\\Targets\\Native\\S3C2440\\DeviceCode\\S3C2440_LCD and change NativeSample.proj reference from cpu_LCD_stubs to your implementation.\n- Implement DeviceCode\\Drivers\\Display\\YOUR_LCD and change NativeSample.proj reference from lcd_hal_stubs to your implementation.",
    "LastUpdatedDate": "2013-02-13T12:55:20.427-08:00",
    "PlannedForRelease": "",
    "ReleaseVisibleToPublic": false,
    "Priority": {
      "Name": "Medium",
      "Severity": 100,
      "Id": 2
    },
    "ProjectName": "S3C2440mfport",
    "ReportedDate": "2011-05-05T09:46:34.05-07:00",
    "Status": {
      "Name": "Proposed",
      "Id": 1
    },
    "ReasonClosed": {
      "Name": "Unassigned"
    },
    "Summary": "CPU LCD driver and driver for some LCD",
    "Type": {
      "Name": "Feature",
      "Id": 1
    },
    "VoteCount": 1,
    "Id": 364
  },
  "FileAttachments": [],
  "Comments": []
}