{
  "WorkItem": {
    "AffectedComponent": {
      "Name": "S3C2440_TIME",
      "DisplayName": "S3C2440_TIME"
    },
    "ClosedComment": "",
    "ClosedDate": null,
    "CommentCount": 0,
    "Custom": null,
    "Description": "- Change NativeSample output from “TEST: TimedEvent, Wrong order, Fail” to “TEST: TimedEvent, Pass”\n- You must get Events_WaitForEvents working. Look the dependencies from .NET Micro Framework Porting Kit Help file page “Implementing NativeSample”. \n- Implement DeviceCode\\Targets\\Native\\S3C2440\\DeviceCode\\S3C2440_TIME and change NativeSample.proj reference from cpu_time_stubs to your implementation.",
    "LastUpdatedDate": "2013-02-13T12:55:20.71-08:00",
    "PlannedForRelease": "",
    "ReleaseVisibleToPublic": false,
    "Priority": {
      "Name": "High",
      "Severity": 150,
      "Id": 3
    },
    "ProjectName": "S3C2440mfport",
    "ReportedDate": "2011-05-05T09:43:28.54-07:00",
    "Status": {
      "Name": "Proposed",
      "Id": 1
    },
    "ReasonClosed": {
      "Name": "Unassigned"
    },
    "Summary": "NativeSample: Events",
    "Type": {
      "Name": "Feature",
      "Id": 1
    },
    "VoteCount": 1,
    "Id": 362
  },
  "FileAttachments": [],
  "Comments": []
}