{
  "WorkItem": {
    "AffectedComponent": {
      "Name": "S3C2440_USART",
      "DisplayName": "S3C2440_USART"
    },
    "ClosedComment": "",
    "ClosedDate": null,
    "CommentCount": 0,
    "Custom": null,
    "Description": "- DeviceCode\\Targets\\Native\\S3C2440\\DeviceCode\\S3C2440_USART\n- Initialization, better transmission with interrupts, etc.\n- Make NativeSample USART test pass",
    "LastUpdatedDate": "2013-02-13T12:55:21.08-08:00",
    "PlannedForRelease": "",
    "ReleaseVisibleToPublic": false,
    "Priority": {
      "Name": "High",
      "Severity": 150,
      "Id": 3
    },
    "ProjectName": "S3C2440mfport",
    "ReportedDate": "2011-05-05T09:37:50.197-07:00",
    "Status": {
      "Name": "Proposed",
      "Id": 1
    },
    "ReasonClosed": {
      "Name": "Unassigned"
    },
    "Summary": "NativeSample: USART driver",
    "Type": {
      "Name": "Feature",
      "Id": 1
    },
    "VoteCount": 1,
    "Id": 360
  },
  "FileAttachments": [],
  "Comments": []
}