{
  "WorkItem": {
    "AffectedComponent": {
      "Name": "S3C2440_GPIO",
      "DisplayName": "S3C2440_GPIO"
    },
    "ClosedComment": "",
    "ClosedDate": null,
    "CommentCount": 0,
    "Custom": null,
    "Description": "- Change NativeSample output from “TEST: GPIO,pin unavailable, Fail” to “TEST: GPIO, Pass”\n- Implement DeviceCode\\Targets\\Native\\S3C2440\\DeviceCode\\S3C2440_GPIO and change NativeSample.proj reference from cpu_gpio_stubs to your implementation.",
    "LastUpdatedDate": "2013-02-13T12:55:20.573-08:00",
    "PlannedForRelease": "",
    "ReleaseVisibleToPublic": false,
    "Priority": {
      "Name": "High",
      "Severity": 150,
      "Id": 3
    },
    "ProjectName": "S3C2440mfport",
    "ReportedDate": "2011-05-05T09:45:26.483-07:00",
    "Status": {
      "Name": "Proposed",
      "Id": 1
    },
    "ReasonClosed": {
      "Name": "Unassigned"
    },
    "Summary": "NativeSample: GPIO",
    "Type": {
      "Name": "Feature",
      "Id": 1
    },
    "VoteCount": 1,
    "Id": 363
  },
  "FileAttachments": [],
  "Comments": []
}