{
  "WorkItem": {
    "AffectedComponent": {
      "Name": "Micro2440SDK_NativeSample",
      "DisplayName": "Micro2440SDK_NativeSample"
    },
    "ClosedComment": "",
    "ClosedDate": null,
    "CommentCount": 0,
    "Custom": null,
    "Description": "- I’m not sure if just editing scatter file is enough. We’ll see.\n- Solutions\\Micro2440SDK\\NativeSample\\scatterfile_tools_gcc.xml",
    "LastUpdatedDate": "2013-02-13T12:55:20.887-08:00",
    "PlannedForRelease": "",
    "ReleaseVisibleToPublic": false,
    "Priority": {
      "Name": "High",
      "Severity": 150,
      "Id": 3
    },
    "ProjectName": "S3C2440mfport",
    "ReportedDate": "2011-05-05T09:40:23.94-07:00",
    "Status": {
      "Name": "Proposed",
      "Id": 1
    },
    "ReasonClosed": {
      "Name": "Unassigned"
    },
    "Summary": "NativeSample: Boot from NAND (probably easy)",
    "Type": {
      "Name": "Feature",
      "Id": 1
    },
    "VoteCount": 1,
    "Id": 361
  },
  "FileAttachments": [],
  "Comments": []
}