[
  {
    "Id": "0",
    "Name": "First version of TinyCLR",
    "DevelopmentStatus": "Planning",
    "Description": "First version of TinyCLR in S3C2440 microcontroller. You need bootloader to run this binary. I have tested it with U-Boot 1.3.2-mini2440. Deploy binary to start of RAM (0x30000000) and execute it from there. Then you should be able to ping TinyCLR with MFDeploy. Use serial port (COM0 in the Micro2440SDK) to communicate with TinyCLR. \n\nDeploy managed code using the Visual Studio Deploy-command. Debug-command doesn't work. After deploying reboot CLR using MFDeploy. Here is a video how a managed application is deployed: [url:http://www.youtube.com/watch?v=zIUQpe-Sp6Y]",
    "ReleasedDatge": "0001-01-01T00:00:00",
    "ModifiedDate": "2011-06-17T15:50:42.683-07:00",
    "Files": [
      {
        "Id": "de6656bc-8b11-43a0-b852-6b774d09b940",
        "FileName": "tinyclr.bin",
        "Url": "./0/de6656bc-8b11-43a0-b852-6b774d09b940",
        "Type": "Application",
        "UploadDate": "2011-06-17T12:24:19.247-07:00"
      }
    ]
  }
]