[
  {
    "Title": "Documentation",
    "Id": "501763",
    "ParentWikiTitle": "Documentation",
    "FileExtension": "codeplexwiki",
    "UpdatedDate": "2011-11-26T13:29:31.94-08:00",
    "FileAttachments": []
  },
  {
    "Title": "Used RAM",
    "Id": "501762",
    "ParentWikiTitle": "Documentation",
    "FileExtension": "codeplexwiki",
    "UpdatedDate": "2011-11-26T13:28:57.41-08:00",
    "FileAttachments": []
  },
  {
    "Title": "Home",
    "Id": "439217",
    "ParentWikiTitle": "Home",
    "FileExtension": "codeplexwiki",
    "UpdatedDate": "2011-06-17T15:59:42.337-07:00",
    "FileAttachments": []
  },
  {
    "Title": "Developing with Eclipse",
    "Id": "418371",
    "ParentWikiTitle": "Documentation",
    "FileExtension": "codeplexwiki",
    "UpdatedDate": "2011-05-03T12:03:30.03-07:00",
    "FileAttachments": []
  }
]
