[
  {
    "Id": "0",
    "Name": "Network Dispatcher Example",
    "DevelopmentStatus": "Planning",
    "Description": "Here I created a Network Dispatcher, which can help you not to worry about the TCP protocol. just create the NetworkDispatcher and a StateMachineEngine to handle the Process that you send using the TCPSender to has many N+ are connected to the same network...",
    "ReleasedDatge": "0001-01-01T00:00:00",
    "ModifiedDate": "2012-06-05T06:18:40.37-07:00",
    "Files": [
      {
        "Id": "894cf981-01ec-462c-9734-260c1fe2c7bb",
        "FileName": "MultipleNetduinos.rar",
        "Url": "./0/894cf981-01ec-462c-9734-260c1fe2c7bb",
        "Type": "Example",
        "UploadDate": "2012-06-05T06:18:40.277-07:00"
      }
    ]
  },
  {
    "Id": "1",
    "Name": "State Machine Example",
    "DevelopmentStatus": "Alpha",
    "Description": "First release....\n\nContains 3 state machines running on separate threads.\nEvent driven button to change the states.\nStateMachineEngine to support the Machines\nMessage class with the type of data to send between states",
    "ReleasedDatge": "0001-01-01T00:00:00",
    "ModifiedDate": "2012-05-19T21:10:55.28-07:00",
    "Files": [
      {
        "Id": "548ac0ab-823c-41b8-af0f-6877f621aa1b",
        "FileName": "StateMachineExample.rar",
        "Url": "./1/548ac0ab-823c-41b8-af0f-6877f621aa1b",
        "Type": "Source Code",
        "UploadDate": "2012-05-19T21:10:55.263-07:00"
      }
    ]
  }
]