[
  {
    "Title": "Home",
    "Id": "337755",
    "ParentWikiTitle": "Home",
    "FileExtension": "codeplexwiki",
    "UpdatedDate": "2010-10-30T06:30:48.337-07:00",
    "FileAttachments": []
  },
  {
    "Title": "Using binary output",
    "Id": "337752",
    "ParentWikiTitle": "Documentation",
    "FileExtension": "codeplexwiki",
    "UpdatedDate": "2010-10-30T06:26:19.167-07:00",
    "FileAttachments": []
  },
  {
    "Title": "Documentation",
    "Id": "337750",
    "ParentWikiTitle": "Documentation",
    "FileExtension": "codeplexwiki",
    "UpdatedDate": "2010-10-30T06:25:56.643-07:00",
    "FileAttachments": []
  },
  {
    "Title": "Using the original Razor firmware",
    "Id": "337746",
    "ParentWikiTitle": "Documentation",
    "FileExtension": "codeplexwiki",
    "UpdatedDate": "2010-10-30T06:22:39.94-07:00",
    "FileAttachments": []
  }
]
