[
  {
    "Id": "1005935",
    "ThreadId": "434323",
    "Html": "HI,\r<br />\nI have installed NETMF SDK and the porting kit adding to it the porting from Mountaineer\r<br />\n<a href=\"http://www.mountaineer.org/netmf-for-stm32/\" rel=\"nofollow\">http://www.mountaineer.org/netmf-for-stm32/</a>\r<br />\n<br />\nI make my first working deploy on STM32F4-Discovery with C# importing in the project the file CPU.cs (from ...\\MicroFrameworkPK_v4_2\\DeviceCode\\Targets\\Native\\STM32\\ManagedCode\\Hardware\\CPU.cs)\r<br />\n<br />\nOk: 2 leds are blinking (look the code at the bottom)\r<br />\nbut now I would use all other available devices: could you explain to me how to do this ?\r<br />\n<br />\nIn ...\\MicroFrameworkPK_v4_2\\DeviceCode\\Targets\\Native\\STM32F4\\DeviceCode I found a lot of code for (maybe) all the devices but it's in cpp language.\r<br />\nI have to import it in my  c# project ?\r<br />\nI have to compile it ?\r<br />\nprobably there is a precompiled assembly but I haven't found it ?<br />\n<h2>Thanks</h2>\nusing System;\r<br />\nusing System.Threading;\r<br />\nusing Microsoft.SPOT;\r<br />\nusing Microsoft.SPOT.Hardware;\r<br />\nusing Microsoft.SPOT.Hardware.STM32F4;\r<br />\n<br />\n<br />\nnamespace STM32F_Test\r<br />\n{<br />\n<pre><code>public class Program\n{        \n    public static void Main()\n    {\n        // create a thread handler\n        Thread MyThreadHandler;\n        // create a new thread object and assign to my handler\n        MyThreadHandler = new Thread(MyThread);\n\n        OutputPort gled = new OutputPort(Microsoft.SPOT.Hardware.STM32F4.Pins.GPIO_PIN_D_12, false);\n\n        Debug.Print(&quot;Start Main&quot;);\n\n        // start my new thread\n        MyThreadHandler.Start();\n        Debug.Print(&quot;Start Thread&quot;);\n\n        while (true)\n        {\n            gled.Write(true);\n            Thread.Sleep(50);\n\n            gled.Write(false);\n            Thread.Sleep(50);\n        }\n    }\n\n    public static void MyThread()\n    {\n        OutputPort rled = new OutputPort(Microsoft.SPOT.Hardware.STM32F4.Pins.GPIO_PIN_D_13, false);\n\n        while (true)\n        {\n            rled.Write(true);\n            Thread.Sleep(200);\n            rled.Write(false);\n            Thread.Sleep(200);\n        }\n    }\n\n}</code></pre>\n\n}<br />\n",
    "PostedDate": "2013-02-24T09:57:17.74-08:00",
    "UserRole": null,
    "MarkedAsAnswerDate": null
  },
  {
    "Id": "1005945",
    "ThreadId": "434323",
    "Html": "devices?<br />\nyou mean the onboard peripherals?<br />\ni dont think you can use em, i havent really checked.<br />\n<br />\nyou can use adc,dac (it has 2 of em), pwm, spi (is buggy &lt;1.6mhz or so), i2c (one channel, netmf doesent support more i2c ports atm), serial<br />\n",
    "PostedDate": "2013-02-24T10:31:30.6-08:00",
    "UserRole": null,
    "MarkedAsAnswerDate": null
  },
  {
    "Id": "1005996",
    "ThreadId": "434323",
    "Html": "Exactly !!\r<br />\nHow can use the peripherals that you listed ?\r<br />\n<br />\nI'm watching inside Microsoft.SPOT.Hardware reference and I find see SPI, I2C, GPIO (InputPort and OutputPort), ADC (AnalogInput), DAC (AnalogOutput) and WatchDog\r<br />\nFurthermore I found others references like Microsoft.SPOT.Hardware.PWM, Microsoft.SPOT.Hardware.USB and Microsoft.SPOT.SerialPort\r<br />\n<br />\nI have to add these references for using these peripherals ?\r<br />\nI have to modify CPU.cs adding the configuration about I2C, ADC, DAC ecc... ? Because inside CPU.cs I can see only references about COM, GPIO and SPI\r<br />\n<br />\nThanks<br />\n",
    "PostedDate": "2013-02-24T12:39:07.847-08:00",
    "UserRole": null,
    "MarkedAsAnswerDate": null
  },
  {
    "Id": "1006164",
    "ThreadId": "434323",
    "Html": "i suggest buying anohter netmf board before playing with this. other boards are way more documented, and there are communities to help you getting started.  (netduino or ghi)<br />\n",
    "PostedDate": "2013-02-25T01:19:59.527-08:00",
    "UserRole": null,
    "MarkedAsAnswerDate": null
  },
  {
    "Id": "1006374",
    "ThreadId": "434323",
    "Html": "nobody else can you help me ?<br />\n",
    "PostedDate": "2013-02-25T08:11:37.597-08:00",
    "UserRole": null,
    "MarkedAsAnswerDate": null
  },
  {
    "Id": "1008069",
    "ThreadId": "434323",
    "Html": "Common peripherials such as SPI, AnalogInput, AnalogOutput, PWM etc. are common to all solutions (boards).\r<br />\nJust add reference for specified assemblies, as you say.\r<br />\n<br />\nHow to use this peripherials:\r<br />\n<a href=\"http://www.ghielectronics.com/support/dotnet-micro-framework\" rel=\"nofollow\">http://www.ghielectronics.com/support/dotnet-micro-framework</a> (see Tutorials tab)\r<br />\n<a href=\"http://www.tinyclr.com/codeshare\" rel=\"nofollow\">http://www.tinyclr.com/codeshare</a>\r<br />\n<br />\nFor STM32F4Discovery check blog: <a href=\"http://kodfilemon.blogspot.com\" rel=\"nofollow\">http://kodfilemon.blogspot.com</a>.\r<br />\nIt is not in English but maybe google translate will help.\r<br />\n<br />\nAPI refrence:\r<br />\n<a href=\"http://msdn.microsoft.com/en-us/library/hh401281.aspx\" rel=\"nofollow\">http://msdn.microsoft.com/en-us/library/hh401281.aspx</a>\r<br />\n<br />\nFor beginners how to start with. NET Micro Framework:\r<br />\n<a href=\"http://www.ghielectronics.com/support/dotnet-micro-framework\" rel=\"nofollow\">http://www.ghielectronics.com/support/dotnet-micro-framework</a> (especially see free ebooks)<br />\n",
    "PostedDate": "2013-02-28T01:42:07.32-08:00",
    "UserRole": null,
    "MarkedAsAnswerDate": null
  }
]