[
  {
    "Id": "871401",
    "ThreadId": "371705",
    "Html": "\r\n<p>Hi,</p>\r\n<p>&nbsp;</p>\r\n<p>I'm having problem with InterruptPort. For example I declared:</p>\r\n<p>int0 = new InterruptPort((Cpu.Pin)38, false, Port.ResistorMode.PullUp, Port.InterruptMode.InterruptEdgeLow);</p>\r\n<p>And the interrupt never occurs. I tried different resistor mode.</p>\r\n<p>regards,</p>\r\n<p>Sylvester</p>\r\n",
    "PostedDate": "2012-07-17T15:22:52.003-07:00",
    "UserRole": null,
    "MarkedAsAnswerDate": null
  },
  {
    "Id": "879293",
    "ThreadId": "371705",
    "Html": "<p>I assume that this is now solved (the same problem as reported on the issue tracker as <a href=\"http://netmf4stm32.codeplex.com/workitem/3\">http://netmf4stm32.codeplex.com/workitem/3</a>).</p>",
    "PostedDate": "2012-07-20T02:08:21.303-07:00",
    "UserRole": null,
    "MarkedAsAnswerDate": null
  },
  {
    "Id": "884034",
    "ThreadId": "371705",
    "Html": "<p>yes, It's solved now. Thank you.</p>",
    "PostedDate": "2012-07-21T14:50:11.523-07:00",
    "UserRole": null,
    "MarkedAsAnswerDate": null
  }
]