[
  {
    "Id": "1342540",
    "ThreadId": "577854",
    "Html": "I saw on the mountaineer homepage, that there is already a 4.3 binary version available. I hope for the release of the source code. Any news about this?<br />\n",
    "PostedDate": "2015-01-16T01:53:26.49-08:00",
    "UserRole": null,
    "MarkedAsAnswerDate": null
  },
  {
    "Id": "1348945",
    "ThreadId": "577854",
    "Html": "See <a href=\"https://www.ghielectronics.com/community/forum/topic?id=15350&amp;page=4#msg181099\" rel=\"nofollow\">https://www.ghielectronics.com/community/forum/topic?id=15350&page=4#msg181099</a> for more information.<br />\n",
    "PostedDate": "2015-02-04T06:48:40.373-08:00",
    "UserRole": null,
    "MarkedAsAnswerDate": null
  }
]