[
  {
    "Id": "1206182",
    "ThreadId": "531108",
    "Html": "i erase the chip and sectors an program chip with tinybooter.hex through STM32 ST-link utility.\r<br />\nthen i deploy ER_CONFIG.hex and ER_FLASH.hex to my STM32F407. after that i could program my micro controller with c#(MsVS 2010).\r<br />\nbut now i want to program my micro with c++ and c through Keil and IAR compiler.\r<br />\ni have done this and program micro with IAR but my code which worked well before erasing chip now doesn't work and i can not debug and compile my code line by line.\r<br />\n<br />\nis there something special to do for programming again with IAR or Keil means compiling c and c++ code and run it ??\r<br />\n<br />\nis there any bootloader that i have to install ??\r<br />\n<br />\n<br />\nthanks alot<br />\n",
    "PostedDate": "2014-02-10T00:18:34.577-08:00",
    "UserRole": null,
    "MarkedAsAnswerDate": null
  }
]