[
  {
    "Id": "935524",
    "ThreadId": "401621",
    "Html": "\r\n<p>Where will output a debug message, e.g. Debug.Print(&quot;Waiting to connect to PC...&quot;); ?<br>\r\n<br>\r\n</p>\r\n",
    "PostedDate": "2012-11-01T19:18:25.687-07:00",
    "UserRole": null,
    "MarkedAsAnswerDate": null
  },
  {
    "Id": "937522",
    "ThreadId": "401621",
    "Html": "<p>Output from debug is shown in the Debug + Windows + Output window when running in the IDE.&nbsp;</p>\r\n<p>Or if running detached from the IDE, the debug output can be seen by running the MFDeploy tool&nbsp;and using Target + Connect; if you need to see the initial debug output, try MFDeploy's&nbsp;Target + Connect, verify Connected message, then Plug-in + Debug + Reboot CLR.</p>\r\n<p>&nbsp;</p>",
    "PostedDate": "2012-11-06T13:25:49.543-08:00",
    "UserRole": null,
    "MarkedAsAnswerDate": null
  },
  {
    "Id": "937732",
    "ThreadId": "401621",
    "Html": "<p>10x, I found it. You are the best</p>",
    "PostedDate": "2012-11-07T00:33:03.09-08:00",
    "UserRole": null,
    "MarkedAsAnswerDate": null
  }
]