[
  {
    "Id": "982609",
    "ThreadId": "428366",
    "Html": "\r\n<p>Test on SPI2 ( IO PB12, PB13,PB4, PB15) &nbsp;Signal go out on NSS (PB12) and SCK (PB13) but no signal &nbsp;go out on MOSI ? ,&nbsp;</p>\r\n",
    "PostedDate": "2013-01-03T02:50:44.753-08:00",
    "UserRole": null,
    "MarkedAsAnswerDate": null
  },
  {
    "Id": "997482",
    "ThreadId": "428366",
    "Html": "PB4 pin is wrong!\r<br />\n<br />\n//SPI_module1: (msk, miso, mosi)=(PA5, PA6, PA7)\r<br />\n//SPI_module2: (msk, miso, mosi)=(PB13, PB14, PB15)\r<br />\n//SPI_module3: (msk, miso, mosi)=(PC10, PC11, PC12)\r<br />\n<br />\nI use SPI2 without problems.<br />\n",
    "PostedDate": "2013-02-06T11:50:48.66-08:00",
    "UserRole": null,
    "MarkedAsAnswerDate": null
  }
]