[
  {
    "Id": "929268",
    "ThreadId": "400022",
    "Html": "\r\n<p>I built a MFConsoleApplication1, e.g.</p>\r\n<div style=\"color:black; background-color:white\">\r\n<pre><span style=\"color:blue\">public</span> <span style=\"color:blue\">static</span> <span style=\"color:blue\">class</span> Program\n{\n    <span style=\"color:blue\">static</span> OutputPort _led1 = <span style=\"color:blue\">new</span> OutputPort(Cpu.Pin.GPIO_Pin12, <span style=\"color:blue\">false</span>);\n    <span style=\"color:blue\">public</span> <span style=\"color:blue\">static</span> <span style=\"color:blue\">void</span> Main()\n    {\n        _led1.Write(!_led1.Read()); <span style=\"color:blue\">while</span> (<span style=\"color:blue\">true</span>) ;\n    }\n}\n\n</pre>\r\n</div>\r\n<p>but I can`t deploy it into flash (stm32f4 discovery) because MFDeploy requires hex or nmf format. Pls, advise a converter or something else. All other already work properly.</p>\r\n",
    "PostedDate": "2012-10-19T02:25:14.13-07:00",
    "UserRole": null,
    "MarkedAsAnswerDate": null
  },
  {
    "Id": "929531",
    "ThreadId": "400022",
    "Html": "\r\n<p>So, I deployed my app using VS. Now, how to run the app, perhaps to click Clear bootloader flag ? But I not see any reaction, all leds still off.</p>\r\n",
    "PostedDate": "2012-10-19T10:16:44.527-07:00",
    "UserRole": null,
    "MarkedAsAnswerDate": null
  },
  {
    "Id": "929612",
    "ThreadId": "400022",
    "Html": "<p>it starts automatically when you deploy it.</p>\r\n<p>but i am sure your using the wrong pins.</p>\r\n<p>the leds are:</p>\r\n<p>OutputPort green = new OutputPort((Cpu.Pin)60, false);<br />OutputPort orange = new OutputPort((Cpu.Pin)61, false);<br />OutputPort red = new OutputPort((Cpu.Pin)62, false);<br />OutputPort blue = new OutputPort((Cpu.Pin)63, false);</p>\r\n<p>also turning led on/off is not in the loop. use:</p>\r\n<p>while(true)</p>\r\n<p>{</p>\r\n<pre>blue.Write(!blue.Read())<br />System.Threading.Thread.Sleep(500); // 500 msec</pre>\r\n<p>}</p>",
    "PostedDate": "2012-10-19T13:30:17.057-07:00",
    "UserRole": null,
    "MarkedAsAnswerDate": null
  },
  {
    "Id": "930251",
    "ThreadId": "400022",
    "Html": "\r\n<p>Thank you very much, you are right. I tried to blindly use all pins from 0 to 40&#43;.</p>\r\n",
    "PostedDate": "2012-10-21T21:59:41.83-07:00",
    "UserRole": null,
    "MarkedAsAnswerDate": null
  },
  {
    "Id": "931514",
    "ThreadId": "400022",
    "Html": "<blockquote style=\"padding-bottom: 0px; font-style: italic; margin: 0.25em 1em 0px; padding-left: 0.25em; padding-right: 0.25em; padding-top: 0px; border: #ccc 0.1em solid;\"><strong>VShaclein wrote:</strong><br />\r\n<p>Thank you very much, you are right. I tried to blindly use all pins from 0 to 40+.</p>\r\n</blockquote>\r\n<p><br />You should also use the CPU.cs and HardwareProvider.cs that is provide with the STM32 package in NETMF 4.2 porting KIT. Using this class will make you stay far from errors because it directly override and inherit the standard NETMF HardwareProvider implementation !</p>\r\n<p>For example, instead of using CPU.Pin.xxx, you will use STM32.Pins.P_A_0 and so on....</p>\r\n<p>Those files are normally here : C:\\MicroFrameworkPK_v4_2\\DeviceCode\\Targets\\Native\\STM32\\ManagedCode\\Hardware</p>\r\n<p>&nbsp;</p>",
    "PostedDate": "2012-10-24T01:33:09.027-07:00",
    "UserRole": null,
    "MarkedAsAnswerDate": null
  }
]