[
  {
    "Id": "1036018",
    "ThreadId": "441659",
    "Html": "Hello, All<br />\n<br />\nI have updated my stm32f4discovery board to netmf 4.2 successfully and even ran a test program, which blinking led, like this:<br />\n<pre><code>OutputPort led = new OutputPort(Cpu.Pin.GPIO_Pin1, false); //PA1 on discovery board\n\nwhile (true) {\n  led.Write(true);\n  Thread.Sleep(500);\n  led.Write(false);\n  Thread.Sleep(500);\n}</code></pre>\n\nBut after changing output port to Cpu.Pin.GPIO_Pin12 my board become not responsive to mfdeploy and Windows doesn't recognize my board as proper usb-device.<br />\n<br />\nAfter reading of stm32f4discovery datasheet, I learned that GPIO_Pin12 is PA12 that connected to CN5 usb on DP signal.<br />\n<br />\nI think that this is a problem. My program corrupts the legal usb data signals and computer usb-host can't understand it.<br />\n<br />\nAlso, after upload a Tinybooter.hex to the board a ST-Link doesn't see the device on CN1 usb-port and I can't erase board firmware and starting over.<br />\n<br />\nPlease, help!<br />\n<br />\np.s. sorry for my english.<br />\n",
    "PostedDate": "2013-04-26T04:08:24.72-07:00",
    "UserRole": null,
    "MarkedAsAnswerDate": null
  },
  {
    "Id": "1036110",
    "ThreadId": "441659",
    "Html": "I found the solution.\r<br />\n<br />\nThe problem is that after uploading Tinybooter.hex, this firmware changes SWD pins and ST-LINK software can't connect to ST-LINK on hardware board, because it can't understand the protocol. To solve this problem ST-LINK software must connect to board while firmware not yet initialized.\r<br />\n<br />\nFor that we need to press the Reset button on board, start &quot;Erase chip&quot; in menu &quot;Target&quot; and quickly release Reset button.\r<br />\n<br />\nI hope this solution help anyone like me. :)<br />\n",
    "PostedDate": "2013-04-26T07:37:21.303-07:00",
    "UserRole": null,
    "MarkedAsAnswerDate": null
  }
]