[
  {
    "Id": "930394",
    "ThreadId": "400293",
    "Html": "\r\n<p>Hi All,</p>\r\n<p>After many searches and clicked URLs, I finally succeeded in installing NETMF4.2 QFE2 on my STM32F4DISCOVERY board. To help you to do that more quickly than I did, here's a step by step tutorial that made me finally run my first Microframework console App\r\n successfully..</p>\r\n<p>I hope this will help !</p>\r\n<p>STEP 1 : Make you in conditions to success</p>\r\n<ol>\r\n<li>Create a Directory on your computer where to store all you need, </li><li>From CodePlex : <a href=\"http://netmf4stm32.codeplex.com/\">http://netmf4stm32.codeplex.com/</a>, download the following :\r\n<ol>\r\n<li>the binary image stm32fdiscovery.zip (then unzip it in a sub directory &quot;binaries&quot;),\r\n</li><li>the st-link utility (then unzip it in a sub directory &quot;utilities&quot;), </li><li>the <a href=\"http://www.codeplex.com/Download?ProjectName=netmf4stm32&DownloadId=471395\">\r\nSTM32_WinUSB_drivers_(for_evaluation_purposes_only).zip</a>&nbsp;driver (then unzip it in a subdirectory &quot;Test driver&quot;),\r\n</li></ol>\r\n</li><li>From ST web site <a href=\"http://www.st.com/internet/evalboard/product/251168.jsp\">\r\nhttp://www.st.com/internet/evalboard/product/251168.jsp</a>, download the following :\r\n<ol>\r\n<li>The ST-LINK V2 Driver for Windows 7, vista and XP in the SW DRIVERS part (then unzip in &quot;ST driver&quot;),\r\n</li><li>The ST-Link V2 last Firmware upgrade (then unzip in Utilities), </li></ol>\r\n</li><li>From Microsoft Codeplex, download NETMF 4.2 SDF QFE2, and if you need, also the Porting Kit,\r\n</li></ol>\r\n<p>STEP 2 : Make your board compliant to MFDeploy !</p>\r\n<ol>\r\n<li>Install the NETMF 4.2 QFE2 SDK and PK on your computer, </li><li>Install ST-LINKV2 Utility and last USB Driver, </li><li>Plug your STM32F4D board, using the mini USB plug, to the computer, </li><li>After a while, STM32 STLink peripheral should appear. If it has an exclamation on the icon, retry to update the driver, and check you effectively installed the V2 USB Driver !\r\n</li><li>When all is ok with the USB driver, launch ST-LINKV2, and click on &quot;CONNECT DEVICE&quot;. It will then show the memory map for the board,\r\n</li><li>Start by a global Erase of the Chip, and also the Sectors (see Target Menu). It will erase all the default programs that you received in the package, and then do a Blank Check for sure.\r\n</li><li>Using the File-&gt;Open File menu, search for the tinybooter.hex file provided on codeplex and stored in the binaries sub directory. When opened, improve a &quot;Program and Verify&quot; task in the Target menu. This will write the tinybooter to the board flash,\r\n normally starting at the address 0x08000000, </li><li>When done, reboot the board by extracting the USB powered cord, and putting it again after a while.\r\n</li></ol>\r\n<p>A this step, your board has a valid tinybooter that is enumerated and loaded at boot time. Let's go the the pure NETMF part of the thing !</p>\r\n<p>STEP 3 : Checking MFDeploy part and first Application !</p>\r\n<ol>\r\n<li>After the board is up, plug a second USB cable in the Micro USB this time ! </li><li>After a while, a new USB Peripheral is installed named STM32 TEST, and should appear with and exclamation point meaning you must upgrade the driver using the STM32 URSB Driver for evaluation purpose. Do a manual upgrade using the driver files in TEST Driver.\r\n After the upgrade, the exclamaion shoud left, </li><li>At this step, both STM32 STLink and STM32 TEST should be clean. Launch MFDeploy and observer that selecting USB as the communication way, you can see the STM32 port. If not, you did something wrong regarding to this procedure ! If yes, you can now Browse\r\n for the 2 other files needed to make your board complian with Microframework, that are ER_CONFIG and ER_FLASH. You can select them in any order, it does not chang anything.\r\n</li><li>When selected, click on &quot;Deploy&quot; to write them on the board. When done, reboot again the board and plug both USB cables. Now the mini USB is only used for power, and micro USB has the Program/Debug interface for Visual Studio.\r\n</li><li>Open Visual Studio, and create a new project from MicrosoFramework Console Application. In the target, select the STM32 TEST, and launch your Apps in step by step mode. You'll see that VS reboot the board after copying the program on it, and the start debugging.....\r\n</li></ol>\r\n<p>Here's ! you can now play your own !</p>\r\n<p>&nbsp;</p>\r\n<p>&nbsp;</p>\r\n<p>&nbsp;</p>\r\n",
    "PostedDate": "2012-10-22T04:43:34.17-07:00",
    "UserRole": null,
    "MarkedAsAnswerDate": null
  },
  {
    "Id": "930796",
    "ThreadId": "400293",
    "Html": "<p>Thanks&nbsp;<a class=\"UserProfileLink\" href=\"http://www.codeplex.com/site/users/view/LouisCPro\">LouisCPro</a>. I made a blog of your steps with screen shot.</p>\r\n<p>&nbsp;</p>\r\n<p>--&gt;&nbsp;<a href=\"http://singularengineer.wordpress.com/2012/10/23/stm32f4-discovery-board-running-net-microframework/\">http://singularengineer.wordpress.com/2012/10/23/stm32f4-discovery-board-running-net-microframework/</a></p>\r\n<p>&nbsp;</p>\r\n<p>Thanks a lot!!!!!!!!!!!!!!!!!!</p>\r\n<p>&nbsp;</p>",
    "PostedDate": "2012-10-22T20:33:42.967-07:00",
    "UserRole": null,
    "MarkedAsAnswerDate": null
  },
  {
    "Id": "931059",
    "ThreadId": "400293",
    "Html": "<blockquote style=\"padding-bottom: 0px; font-style: italic; margin: 0.25em 1em 0px; padding-left: 0.25em; padding-right: 0.25em; padding-top: 0px; border: #ccc 0.1em solid;\"><strong>singularengineer wrote:</strong><br />\r\n<p>Thanks&nbsp;<a href=\"http://www.codeplex.com/site/users/view/LouisCPro\">LouisCPro</a>. I made a blog of your steps with screen shot.</p>\r\n<p>&nbsp;</p>\r\n<p>--&gt;&nbsp;<a href=\"http://singularengineer.wordpress.com/2012/10/23/stm32f4-discovery-board-running-net-microframework/\">http://singularengineer.wordpress.com/2012/10/23/stm32f4-discovery-board-running-net-microframework/</a></p>\r\n<p>&nbsp;</p>\r\n<p>Thanks a lot!!!!!!!!!!!!!!!!!!</p>\r\n<p>&nbsp;</p>\r\n</blockquote>\r\n<p><br />A link back to this page for source will be appreciated !</p>",
    "PostedDate": "2012-10-23T06:33:35.497-07:00",
    "UserRole": null,
    "MarkedAsAnswerDate": null
  },
  {
    "Id": "931415",
    "ThreadId": "400293",
    "Html": "\r\n<p>That was so bad of me for not doing it. I fixed it. I acknowledge this page and your post as the source of the work. I'll make sure that&nbsp;sources are acknlowdged properly in the upcoming posts. Sorry and thanks.</p>\r\n",
    "PostedDate": "2012-10-23T19:01:28.383-07:00",
    "UserRole": null,
    "MarkedAsAnswerDate": null
  },
  {
    "Id": "931510",
    "ThreadId": "400293",
    "Html": "<blockquote style=\"padding-bottom: 0px; font-style: italic; margin: 0.25em 1em 0px; padding-left: 0.25em; padding-right: 0.25em; padding-top: 0px; border: #ccc 0.1em solid;\"><strong>singularengineer wrote:</strong><br />\r\n<p>That was so bad of me for not doing it. I fixed it. I acknowledge this page and your post as the source of the work. I'll make sure that&nbsp;sources are acknlowdged properly in the upcoming posts. Sorry and thanks.</p>\r\n</blockquote>\r\n<p><br />No problem on that ! It was a great job to take some time to add the screenshots to the procedure !</p>",
    "PostedDate": "2012-10-24T01:26:27.027-07:00",
    "UserRole": null,
    "MarkedAsAnswerDate": null
  },
  {
    "Id": "1062218",
    "ThreadId": "400293",
    "Html": "Hi,\r<br />\n<br />\nIs there anyone about who can help me with this. I have followed the instructions above, and those of singularengineer, and I have everything up an running.\r<br />\n<br />\nMy problem is that I can only access the PORT A pins. I want to access the PORT D pins as the 4 LEDs on the F4 discovery are on Port D[12:15].\r<br />\n<br />\nSo I don't know what to do to make these pins accessible.\r<br />\n<br />\nSorry if that's stupid but I'm a hardware person and haven't done any coding in about 10 years.\r<br />\n<br />\nThanks, Cranford.<br />\n",
    "PostedDate": "2013-06-27T16:14:31.297-07:00",
    "UserRole": null,
    "MarkedAsAnswerDate": null
  },
  {
    "Id": "1062370",
    "ThreadId": "400293",
    "Html": "@Cranford68,\r<br />\n<br />\nTo use all the Pins, you need the CPU.cs and HardwaProvider.cs that contains all the Pins enumerations, ADC channels, Serials, and so on ....\r<br />\n<br />\nGive me you email and I will send them to you.....<br />\n",
    "PostedDate": "2013-06-28T02:44:04.643-07:00",
    "UserRole": null,
    "MarkedAsAnswerDate": null
  },
  {
    "Id": "1062463",
    "ThreadId": "400293",
    "Html": "<strong>LouisCPro wrote:</strong><br />\n<blockquote>\n@Cranford68,<br />\n<br />\nTo use all the Pins, you need the CPU.cs and HardwaProvider.cs that contains all the Pins enumerations, ADC channels, Serials, and so on ....<br />\n<br />\nGive me you email and I will send them to you.....<br />\n</blockquote>\nHi Louis, thanks for that. I found the two files you mentioned in the PK at C:\\MicroFrameworkPK_v4_2\\DeviceCode\\Targets\\Native\\STM32\\ManagedCode\\Hardware so now I'm up and running with a flashing LED. \r<br />\n<br />\nSo now I'm going to play around to get used to the framework and C#. Next step will be to get the ADCs working as I want to measure some temperatures.\r<br />\n<br />\nThanks again. Cranford.<br />\n",
    "PostedDate": "2013-06-28T07:06:27.957-07:00",
    "UserRole": null,
    "MarkedAsAnswerDate": null
  },
  {
    "Id": "1062484",
    "ThreadId": "400293",
    "Html": "Yes Effectively they are there !\r<br />\n<br />\nI encourage you to go on GHI Electronics Web Site which contains many tutorials and code samples that can be used Under NETMF with an type of CPU that comply to NETMF until v4.1. Create an account on the Forum and Ask when you need.....<br />\n",
    "PostedDate": "2013-06-28T07:48:48.997-07:00",
    "UserRole": null,
    "MarkedAsAnswerDate": null
  },
  {
    "Id": "1064182",
    "ThreadId": "400293",
    "Html": "Hi LouisCPro!\r<br />\n<br />\nI have a board STM32F4DISCOVERY, I followed the procedure, but I can not install the MicroFramework Porting Kit 4.2\r<br />\n<br />\nI have downloaded the porting kit 4.2 from the following link: <a href=\"http://netmf.codeplex.com/releases/view/91594\" rel=\"nofollow\"><strong>Porting Kit 4.2 (RTM QFE2)</strong></a>\r<br />\n<br />\nbut during the installation I have a problem with the following file:\r<br />\n<em>&quot;MFPK2.cab&quot;</em> that it can not find.\r<br />\n<br />\n<br />\nNot being able to install the PK, I took the file CPU.cs and HardwareProvider.cs, I have included these in my project to use all of the pins.\r<br />\n<br />\ninclude files is the correct way?\r<br />\n<br />\nAnother question, can I use the new SDK version 4.3 and the Porting Kit 4.3 with the board STM32F4DISCOVERY?\r<br />\n<br />\n<br />\nThanks for your Deployment Tutorial,  very very good! :)<br />\n",
    "PostedDate": "2013-07-03T09:28:20.13-07:00",
    "UserRole": null,
    "MarkedAsAnswerDate": null
  },
  {
    "Id": "1064187",
    "ThreadId": "400293",
    "Html": "@Epta,\r<br />\n<br />\nThanks !\r<br />\n<br />\nRegarding your questions :\r<br />\n<br />\nThe PK is only there to enable to get the 2 files that you mention, so If you succeeed in getting them right in your project, you're OK !\r<br />\n<br />\nRegarding to the NETMF4.3, It is not released yet for the STM32 (see Codeplex link on my first post) so that the answer would be no ! Now considering using NETMF4.3 is only interesting if some implemntations you're requiring are not in the 4.2....Instead of that, 4.2 has been improved for long and is very stable, that is maybe the case for the 4.3....\r<br />\n<br />\nIf you really want to be sure on that, just ask Zach on Codeplex : <a href=\"https://netmf.codeplex.com/releases/view/81000\" rel=\"nofollow\">https://netmf.codeplex.com/releases/view/81000</a>\r<br />\n<br />\nRegards,<br />\n",
    "PostedDate": "2013-07-03T09:46:54.757-07:00",
    "UserRole": null,
    "MarkedAsAnswerDate": null
  },
  {
    "Id": "1069725",
    "ThreadId": "400293",
    "Html": "@LouisCPro, \r<br />\n<br />\nThanks for your reply! <br />\n",
    "PostedDate": "2013-07-17T14:08:32.703-07:00",
    "UserRole": null,
    "MarkedAsAnswerDate": null
  },
  {
    "Id": "1140593",
    "ThreadId": "400293",
    "Html": "3.From ST web site  <a href=\"http://www.st.com/internet/evalboard/product/251168.jsp\" rel=\"nofollow\">http://www.st.com/internet/evalboard/product/251168.jsp</a>, download the following : <br />\n<pre><code>  1.The ST-LINK V2 Driver for Windows 7, vista and XP in the SW DRIVERS part (then unzip in &quot;ST driver&quot;), \n  2.The ST-Link V2 last Firmware upgrade (then unzip in Utilities), \n</code></pre>\n\nI tried to download these files and ended up at a broken link.  Is there another way to get them?<br />\n",
    "PostedDate": "2013-12-21T16:06:49.583-08:00",
    "UserRole": null,
    "MarkedAsAnswerDate": null
  },
  {
    "Id": "1140698",
    "ThreadId": "400293",
    "Html": "Hi eo7942,\r<br />\n<br />\nI've just tried and the link is OK for me.....Try again...<br />\n",
    "PostedDate": "2013-12-22T11:24:49.52-08:00",
    "UserRole": null,
    "MarkedAsAnswerDate": null
  },
  {
    "Id": "1144105",
    "ThreadId": "400293",
    "Html": "<strong>LouisCPro wrote:</strong><br />\n<blockquote>\nHi eo7942,<br />\n<br />\nI've just tried and the link is OK for me.....Try again...<br />\n</blockquote>\nIt worked for me the next time I tried it.  Thanks.<br />\n",
    "PostedDate": "2013-12-30T20:08:26.333-08:00",
    "UserRole": null,
    "MarkedAsAnswerDate": null
  },
  {
    "Id": "1144107",
    "ThreadId": "400293",
    "Html": "Do you have any ideas on how I can get my STM32FDiscovery set back to the original settings?\r<br />\n<br />\nI was not able to fully make this work in C#, and I'm not sure I want to use a method that isn't well documented (I'm not sure yet).  So, I tried to go back to a previous method, using VisualGDB.  It had worked before I tried the approach in this blog.  Afterwards it didn't. \r<br />\n<br />\nThis is the answer I got from VisualGDB support regarding a log I capture from OpenOCD debug mode:\r<br />\n<br />\n&quot;Based on the following line at the end of the log, the STLink device is in mode STLINK_DEV_DFU_MODE (device firmware upgrade)\r<br />\nDebut: 161 631 stlink_usb.c:601 stlink_usb_init_mod() : MODE: 0x00&quot;\r<br />\n<br />\n&quot;Normally the device is in mode 0x02 (STLINK_DCV_DEBUG_MODE). Then OpenOCD changes the mode to 0x01 and back to 0x02.  In your log it changes the mode to 0x01, but never manages to change to 0x02.  That fact that it starts in device firmware upgrade mode could be related.&quot; \r<br />\n<br />\nI've tried several things with STLink Utility, but I just get a message that no target is connected.\r<br />\n<br />\nAny leads I could get would be greatly appreciated.<br />\n",
    "PostedDate": "2013-12-30T20:26:20.32-08:00",
    "UserRole": null,
    "MarkedAsAnswerDate": null
  },
  {
    "Id": "1144529",
    "ThreadId": "400293",
    "Html": "Hi eo7942,\r<br />\n<br />\nIf ST LINK Utility does not recognize the Module, and as GDB said, you're in DFU Mode. Try to use DFUSE Tool to see if it targets the module correctly, and have a look at this documentation to upgrade your firmware :\r<br />\n<br />\n<a href=\"http://www.st.com/st-web-ui/static/active/en/resource/technical/document/application_note/DM00039672.pdf\" rel=\"nofollow\">http://www.st.com/st-web-ui/static/active/en/resource/technical/document/application_note/DM00039672.pdf</a>\r<br />\n<br />\nand\r<br />\n<br />\n<a href=\"http://www.st.com/st-web-ui/static/active/en/resource/technical/document/user_manual/DM00037368.pdf\" rel=\"nofollow\">http://www.st.com/st-web-ui/static/active/en/resource/technical/document/user_manual/DM00037368.pdf</a> (page 9 and over...)\r<br />\n<br />\nIn DFU MOde, the use of an USB Device containing the software is preferable....<br />\n",
    "PostedDate": "2014-01-02T00:51:52.573-08:00",
    "UserRole": null,
    "MarkedAsAnswerDate": null
  }
]