[
  {
    "Id": "1007705",
    "ThreadId": "434720",
    "Html": "I have still trouble with using the I2C bus. ( STM32F407 VGT6 Z ) rev. Z model.\r<br />\n( STM32F4 Discovery )\r<br />\n<br />\nin the platform_selector.h file it says<br />\n<h1>define STM32F4_I2C_PORT     1</h1>\n<h1>define STM32F4_I2C_SCL_PIN  22 // PB6</h1>\n<h1>define STM32F4_I2C_SDA_PIN  25 // PB9</h1>\nAccording to the data of the document DM00037051.pdf\r<br />\nFor the LQFP100 chip.\r<br />\n<strong>I2C(1)\r<br />\nIt should be :\r<br />\nPB6 ( pin92 ) SCL\r<br />\nPB7 ( pin93 ) SDA</strong>\r<br />\n<br />\nI2C(2)\r<br />\nIt should be :\r<br />\nPB10 ( pin47 ) SCL\r<br />\nPB11 ( pin48 ) SDA\r<br />\n<br />\nI2C(3)\r<br />\nIt should be :\r<br />\nPA8 ( pin67 ) SCL\r<br />\nPC9 ( pin66 ) SDA\r<br />\n<br />\n<br />\nCould any one confirm this ?\r<br />\nor am i missing something ?<br />\n",
    "PostedDate": "2013-02-27T08:55:51.63-08:00",
    "UserRole": null,
    "MarkedAsAnswerDate": null
  },
  {
    "Id": "1009361",
    "ThreadId": "434720",
    "Html": "it works fine for me on the discovery board. pins:\r<br />\n<br />\nsda: 25 scl: 22\r<br />\n<br />\nCpu.Pin GPIO_PIN_B_9 = (Cpu.Pin)25;\r<br />\nCpu.Pin GPIO_PIN_B_6 = (Cpu.Pin)22;\r<br />\n<br />\nbtw: netmf only supports one i2c bus atm.\r<br />\n<br />\nalso: iam sure the datasheet shows more pins for i2c, many pins have multiple features\r<br />\n<br />\ndont forget pullups.<br />\n",
    "PostedDate": "2013-03-02T16:45:05.427-08:00",
    "UserRole": null,
    "MarkedAsAnswerDate": null
  },
  {
    "Id": "1009553",
    "ThreadId": "434720",
    "Html": "Hello Michim,\r<br />\n<br />\ni finaly got it solved the B_9 and B_6 Pins are indeed correct.\r<br />\nmy board was running with some difficulties.\r<br />\n<br />\ni read it before on a different forum, that the labtob +5Volt could be  the problem.\r<br />\nI changed the USB, both USB connectors are now with 1 connector connected with a hub,\r<br />\nand things are running smooth now.\r<br />\n<br />\nyes i tried many pullups before. and have 4,7 K now.\r<br />\n<br />\nalso in the source of this project i have seen it's possible to choose 3 possible I2C connections, \r<br />\n<br />\nI'm real happy my board is running now. and finaly can try some things.\r<br />\n<br />\nthanks<br />\n",
    "PostedDate": "2013-03-03T14:02:21.21-08:00",
    "UserRole": null,
    "MarkedAsAnswerDate": null
  },
  {
    "Id": "1009845",
    "ThreadId": "434720",
    "Html": "i havent looked at the source, i did:\r<br />\n<br />\nint analogChannels = HardwareProvider.HwProvider.GetAnalogOutputChannelsCount();\r<br />\nDebug.Print(&quot;analog output channels: &quot; + analogChannels);\r<br />\n<br />\nDebug.Print(&quot;analog output channel 0 pin: &quot; + \r<br />\nHardwareProvider.HwProvider.GetAnalogOutputPinForChannel(Cpu.AnalogOutputChannel.ANALOG_OUTPUT_0).ToString());\r<br />\n Debug.Print(&quot;analog output channel 1 pin: &quot; + HardwareProvider.HwProvider.GetAnalogOutputPinForChannel(Cpu.AnalogOutputChannel.ANALOG_OUTPUT_1).ToString());\r<br />\n<br />\nfor all the busses/ports\r<br />\n<br />\ni only copied the pin enums (so i can use GPIO_PIN_x_X ) to a file wich i just add into my projects<br />\n",
    "PostedDate": "2013-03-04T03:20:43.897-08:00",
    "UserRole": null,
    "MarkedAsAnswerDate": null
  },
  {
    "Id": "1010065",
    "ThreadId": "434720",
    "Html": "Yes i know you can use this for analog channels digital I/O and PWM the way you described.\r<br />\nbut for the I2C you havo to rebuild the NETMF source to get an other I2C bus ?<br />\n",
    "PostedDate": "2013-03-04T09:29:27.287-08:00",
    "UserRole": null,
    "MarkedAsAnswerDate": null
  },
  {
    "Id": "1010216",
    "ThreadId": "434720",
    "Html": "but for the I2C you havo to rebuild the NETMF source to get an other I2C bus -\r<br />\nnot the netmf, just this project here (firmware)<br />\n",
    "PostedDate": "2013-03-04T14:59:49.15-08:00",
    "UserRole": null,
    "MarkedAsAnswerDate": null
  },
  {
    "Id": "1028022",
    "ThreadId": "434720",
    "Html": "I had some similar trouble.  I'm using the 100 pin STM32F4 on a custom board.  The pins in code don't match the schematic or STM excel spreadsheet.  I look at the CPU.cs file to determine the actual pin numbers based on their name.<br />\n<br />\nSo instead of &quot;PA8 ( pin67 ) SCL,  PC9 ( pin66 ) SDA&quot; it's actually PA8 (pin 8) SCL, PC9 (pin 41).<br />\n<br />\nI changed my platform_selector.h to use Port 3 (I also wish this was changed to read Channel instead of Port)...<br />\n<pre><code>#define STM32F4_I2C_PORT     3\n#define STM32F4_I2C_SCL_PIN  {8} // PA8\n#define STM32F4_I2C_SDA_PIN  {41} // PC9\n</code></pre>\n\nReading in &quot;STM32F4_i2c_functions.cpp&quot; I noticed I should be using PC9 and PA8...<br />\n<pre><code>#elsif STM32F4_I2C_PORT == 3\n    #define I2Cx                   I2C3 \n    #define I2Cx_EV_IRQn           I2C3_EV_IRQn\n    #define I2Cx_ER_IRQn           I2C3_ER_IRQn\n    #define RCC_APB1ENR_I2CxEN     RCC_APB1ENR_I2C3EN\n    #define RCC_APB1RSTR_I2CxRST   RCC_APB1RSTR_I2C3RST\n    #if !defined(STM32F4_I2C_SCL_PIN)\n        #define STM32F4_I2C_SCL_PIN  8 // PA8\n    #endif\n    #if !defined(STM32F4_I2C_SDA_PIN)\n        #define STM32F4_I2C_SDA_PIN  41 // PC9\n    #endif\n</code></pre>\n\nI have a scope connected to SDA/SCL and I'm not seeing anything when I execute my I2C code.  Any thoughts?<br />\n",
    "PostedDate": "2013-04-09T11:47:25.48-07:00",
    "UserRole": null,
    "MarkedAsAnswerDate": null
  },
  {
    "Id": "1028080",
    "ThreadId": "434720",
    "Html": "Worth mentioning, this triggers my scope all day long...<br />\n<pre><code>SoftwareI2C s = new SoftwareI2C(CPU.Pins.GPIO_PIN_A_8_AKA_SCL, CPU.Pins.GPIO_PIN_C_9_AKA_SDA, 50);\nwhile (true)\n{\n       s.Transmit(true, true, (byte)0x50);\n       Thread.Sleep(100);\n}</code></pre>\n\nBut I want to use the hardware class (I2CDevice). So far I haven't done any bit-banging and I don't want to start now.<br />\n",
    "PostedDate": "2013-04-09T13:59:47.003-07:00",
    "UserRole": null,
    "MarkedAsAnswerDate": null
  },
  {
    "Id": "1028326",
    "ThreadId": "434720",
    "Html": "\r\n<div>Hi,<br>\r\n<br>\r\nI got it working finaly,<br>\r\nalso including my scope to test things.<br>\r\n<br>\r\nHere is the trick ?<br>\r\nscl = Pins.GPIO_PIN_B_6;<br>\r\nsda = Pins.GPIO_PIN_B_7;<br>\r\n<br>\r\nlet me know if it works.<br>\r\n<br>\r\nI use this hardware provider class, because i want to keep things compatible <br>\r\nwith NetDuino Netduino plus1 and NetDuino Plus2 or Plus 2.<br>\r\n<br>\r\nhere is the STM32HardwareProvider class <br>\r\nand <br>\r\nCPU.cs ( STM32F4 Discovery ? )<br>\r\n<br>\r\n<br>\r\nnamespace Microsoft.SPOT.Hardware.STM32F4<br>\r\n{<br>\r\ninternal class STM32F4HardwareProvider : HardwareProvider<br>\r\n{<br>\r\nstatic STM32F4HardwareProvider()<br>\r\n{<br>\r\nMicrosoft.SPOT.Hardware.HardwareProvider.Register(new STM32F4HardwareProvider());<br>\r\n}<br>\r\n}<br>\r\n}<br>\r\n<br>\r\nusing Microsoft.SPOT.Hardware.STM32F4;<br>\r\n<br>\r\nnamespace Microsoft.SPOT.Hardware.STM32<br>\r\n{<br>\r\ninternal class STM32HardwareProvider : HardwareProvider<br>\r\n{<br>\r\nstatic STM32HardwareProvider()<br>\r\n{<br>\r\nMicrosoft.SPOT.Hardware.HardwareProvider.Register(new STM32HardwareProvider());<br>\r\n}<br>\r\n<br>\r\n<br>\r\noverride public void GetSerialPins(string comPort, out Cpu.Pin rxPin, out Cpu.Pin txPin, out Cpu.Pin ctsPin, out Cpu.Pin rtsPin)<br>\r\n{<br>\r\nswitch (comPort)<br>\r\n{<br>\r\ncase &quot;COM1&quot;:<br>\r\nrxPin = Pins.GPIO_PIN_A_10;<br>\r\ntxPin = Pins.GPIO_PIN_A_9;<br>\r\nctsPin = Pins.GPIO_PIN_A_11;<br>\r\nrtsPin = Pins.GPIO_PIN_A_12;<br>\r\nbreak;<br>\r\ncase &quot;COM2&quot;:<br>\r\nrxPin = Pins.GPIO_PIN_A_3;<br>\r\ntxPin = Pins.GPIO_PIN_A_2;<br>\r\nctsPin = Pins.GPIO_PIN_A_0;<br>\r\nrtsPin = Pins.GPIO_PIN_A_1;<br>\r\nbreak;<br>\r\ncase &quot;COM3&quot;:<br>\r\nrxPin = Pins.GPIO_PIN_B_11;<br>\r\ntxPin = Pins.GPIO_PIN_B_10;<br>\r\nctsPin = Pins.GPIO_PIN_B_13;<br>\r\nrtsPin = Pins.GPIO_PIN_B_14;<br>\r\nbreak;<br>\r\ndefault:<br>\r\nthrow new NotSupportedException();<br>\r\n}<br>\r\n}<br>\r\n<br>\r\noverride public void GetI2CPins(out Cpu.Pin scl, out Cpu.Pin sda)<br>\r\n{<br>\r\nscl = Pins.GPIO_PIN_B_6;<br>\r\nsda = Pins.GPIO_PIN_B_7;<br>\r\n}<br>\r\n<br>\r\noverride public void GetSpiPins(SPI.SPI_module spi_mod, out Cpu.Pin msk, out Cpu.Pin miso, out Cpu.Pin mosi)<br>\r\n{<br>\r\nswitch (spi_mod)<br>\r\n{<br>\r\ncase SPI.SPI_module.SPI1:<br>\r\nmsk = Pins.GPIO_PIN_A_5;<br>\r\nmiso = Pins.GPIO_PIN_A_6;<br>\r\nmosi = Pins.GPIO_PIN_A_7;<br>\r\nbreak;<br>\r\ncase SPI.SPI_module.SPI2:<br>\r\nmsk = Pins.GPIO_PIN_B_13;<br>\r\nmiso = Pins.GPIO_PIN_B_14;<br>\r\nmosi = Pins.GPIO_PIN_B_15;<br>\r\nbreak;<br>\r\ncase SPI.SPI_module.SPI3:<br>\r\nmsk = Pins.GPIO_PIN_B_3;<br>\r\nmiso = Pins.GPIO_PIN_B_4;<br>\r\nmosi = Pins.GPIO_PIN_B_5;<br>\r\nbreak;<br>\r\ndefault:<br>\r\nthrow new NotSupportedException();<br>\r\n}<br>\r\n}<br>\r\n}<br>\r\n}<br>\r\n<br>\r\n<br>\r\n<br>\r\nnamespace Microsoft.SPOT.Hardware.STM32F4<br>\r\n{<br>\r\n<br>\r\n/// &lt;summary&gt;<br>\r\n/// Specifies identifiers for hardware I/O pins.<br>\r\n/// &lt;/summary&gt;<br>\r\npublic static class Pins<br>\r\n{<br>\r\n/// &lt;summary&gt;<br>\r\n/// GPIO port A bit 0<br>\r\n/// &lt;/summary&gt;<br>\r\npublic const Cpu.Pin GPIO_PIN_A_0 = (Cpu.Pin)0;<br>\r\n/// &lt;summary&gt;<br>\r\n/// GPIO port A bit 1<br>\r\n/// &lt;/summary&gt;<br>\r\npublic const Cpu.Pin GPIO_PIN_A_1 = (Cpu.Pin)1;<br>\r\n/// &lt;summary&gt;<br>\r\n/// GPIO port A bit 2<br>\r\n/// &lt;/summary&gt;<br>\r\npublic const Cpu.Pin GPIO_PIN_A_2 = (Cpu.Pin)2;<br>\r\n/// &lt;summary&gt;<br>\r\n/// GPIO port A bit 3<br>\r\n/// &lt;/summary&gt;<br>\r\npublic const Cpu.Pin GPIO_PIN_A_3 = (Cpu.Pin)3;<br>\r\n/// &lt;summary&gt;<br>\r\n/// GPIO port A bit 4<br>\r\n/// &lt;/summary&gt;<br>\r\npublic const Cpu.Pin GPIO_PIN_A_4 = (Cpu.Pin)4;<br>\r\n/// &lt;summary&gt;<br>\r\n/// GPIO port A bit 5<br>\r\n/// &lt;/summary&gt;<br>\r\npublic const Cpu.Pin GPIO_PIN_A_5 = (Cpu.Pin)5;<br>\r\n/// &lt;summary&gt;<br>\r\n/// GPIO port A bit 6<br>\r\n/// &lt;/summary&gt;<br>\r\npublic const Cpu.Pin GPIO_PIN_A_6 = (Cpu.Pin)6;<br>\r\n/// &lt;summary&gt;<br>\r\n/// GPIO port A bit 7<br>\r\n/// &lt;/summary&gt;<br>\r\npublic const Cpu.Pin GPIO_PIN_A_7 = (Cpu.Pin)7;<br>\r\n/// &lt;summary&gt;<br>\r\n/// GPIO port A bit 8<br>\r\n/// &lt;/summary&gt;<br>\r\npublic const Cpu.Pin GPIO_PIN_A_8 = (Cpu.Pin)8;<br>\r\n/// &lt;summary&gt;<br>\r\n/// GPIO port A bit 9<br>\r\n/// &lt;/summary&gt;<br>\r\npublic const Cpu.Pin GPIO_PIN_A_9 = (Cpu.Pin)9;<br>\r\n/// &lt;summary&gt;<br>\r\n/// GPIO port A bit 10<br>\r\n/// &lt;/summary&gt;<br>\r\npublic const Cpu.Pin GPIO_PIN_A_10 = (Cpu.Pin)10;<br>\r\n/// &lt;summary&gt;<br>\r\n/// GPIO port A bit 11<br>\r\n/// &lt;/summary&gt;<br>\r\npublic const Cpu.Pin GPIO_PIN_A_11 = (Cpu.Pin)11;<br>\r\n/// &lt;summary&gt;<br>\r\n/// GPIO port A bit 12<br>\r\n/// &lt;/summary&gt;<br>\r\npublic const Cpu.Pin GPIO_PIN_A_12 = (Cpu.Pin)12;<br>\r\n/// &lt;summary&gt;<br>\r\n/// GPIO port A bit 13<br>\r\n/// &lt;/summary&gt;<br>\r\npublic const Cpu.Pin GPIO_PIN_A_13 = (Cpu.Pin)13;<br>\r\n/// &lt;summary&gt;<br>\r\n/// GPIO port A bit 14<br>\r\n/// &lt;/summary&gt;<br>\r\npublic const Cpu.Pin GPIO_PIN_A_14 = (Cpu.Pin)14;<br>\r\n/// &lt;summary&gt;<br>\r\n/// GPIO port A bit 15<br>\r\n/// &lt;/summary&gt;<br>\r\npublic const Cpu.Pin GPIO_PIN_A_15 = (Cpu.Pin)15;<br>\r\n/// &lt;summary&gt;<br>\r\n/// GPIO port B bit 0<br>\r\n/// &lt;/summary&gt;<br>\r\npublic const Cpu.Pin GPIO_PIN_B_0 = (Cpu.Pin)16;<br>\r\n/// &lt;summary&gt;<br>\r\n/// GPIO port B bit 1<br>\r\n/// &lt;/summary&gt;<br>\r\npublic const Cpu.Pin GPIO_PIN_B_1 = (Cpu.Pin)17;<br>\r\n/// &lt;summary&gt;<br>\r\n/// GPIO port B bit 2<br>\r\n/// &lt;/summary&gt;<br>\r\npublic const Cpu.Pin GPIO_PIN_B_2 = (Cpu.Pin)18;<br>\r\n/// &lt;summary&gt;<br>\r\n/// GPIO port B bit 3<br>\r\n/// &lt;/summary&gt;<br>\r\npublic const Cpu.Pin GPIO_PIN_B_3 = (Cpu.Pin)19;<br>\r\n/// &lt;summary&gt;<br>\r\n/// GPIO port B bit 4<br>\r\n/// &lt;/summary&gt;<br>\r\npublic const Cpu.Pin GPIO_PIN_B_4 = (Cpu.Pin)20;<br>\r\n/// &lt;summary&gt;<br>\r\n/// GPIO port B bit 5<br>\r\n/// &lt;/summary&gt;<br>\r\npublic const Cpu.Pin GPIO_PIN_B_5 = (Cpu.Pin)21;<br>\r\n/// &lt;summary&gt;<br>\r\n/// GPIO port B bit 6<br>\r\n/// &lt;/summary&gt;<br>\r\npublic const Cpu.Pin GPIO_PIN_B_6 = (Cpu.Pin)22;<br>\r\n/// &lt;summary&gt;<br>\r\n/// GPIO port B bit 7<br>\r\n/// &lt;/summary&gt;<br>\r\npublic const Cpu.Pin GPIO_PIN_B_7 = (Cpu.Pin)23;<br>\r\n/// &lt;summary&gt;<br>\r\n/// GPIO port B bit 8<br>\r\n/// &lt;/summary&gt;<br>\r\npublic const Cpu.Pin GPIO_PIN_B_8 = (Cpu.Pin)24;<br>\r\n/// &lt;summary&gt;<br>\r\n/// GPIO port B bit 9<br>\r\n/// &lt;/summary&gt;<br>\r\npublic const Cpu.Pin GPIO_PIN_B_9 = (Cpu.Pin)25;<br>\r\n/// &lt;summary&gt;<br>\r\n/// GPIO port B bit 10<br>\r\n/// &lt;/summary&gt;<br>\r\npublic const Cpu.Pin GPIO_PIN_B_10 = (Cpu.Pin)26;<br>\r\n/// &lt;summary&gt;<br>\r\n/// GPIO port B bit 11<br>\r\n/// &lt;/summary&gt;<br>\r\npublic const Cpu.Pin GPIO_PIN_B_11 = (Cpu.Pin)27;<br>\r\n/// &lt;summary&gt;<br>\r\n/// GPIO port B bit 12<br>\r\n/// &lt;/summary&gt;<br>\r\npublic const Cpu.Pin GPIO_PIN_B_12 = (Cpu.Pin)28;<br>\r\n/// &lt;summary&gt;<br>\r\n/// GPIO port B bit 13<br>\r\n/// &lt;/summary&gt;<br>\r\npublic const Cpu.Pin GPIO_PIN_B_13 = (Cpu.Pin)29;<br>\r\n/// &lt;summary&gt;<br>\r\n/// GPIO port B bit 14<br>\r\n/// &lt;/summary&gt;<br>\r\npublic const Cpu.Pin GPIO_PIN_B_14 = (Cpu.Pin)30;<br>\r\n/// &lt;summary&gt;<br>\r\n/// GPIO port B bit 15<br>\r\n/// &lt;/summary&gt;<br>\r\npublic const Cpu.Pin GPIO_PIN_B_15 = (Cpu.Pin)31;<br>\r\n/// &lt;summary&gt;<br>\r\n/// GPIO port C bit 0<br>\r\n/// &lt;/summary&gt;<br>\r\npublic const Cpu.Pin GPIO_PIN_C_0 = (Cpu.Pin)32;<br>\r\n/// &lt;summary&gt;<br>\r\n/// GPIO port C bit 1<br>\r\n/// &lt;/summary&gt;<br>\r\npublic const Cpu.Pin GPIO_PIN_C_1 = (Cpu.Pin)33;<br>\r\n/// &lt;summary&gt;<br>\r\n/// GPIO port C bit 2<br>\r\n/// &lt;/summary&gt;<br>\r\npublic const Cpu.Pin GPIO_PIN_C_2 = (Cpu.Pin)34;<br>\r\n/// &lt;summary&gt;<br>\r\n/// GPIO port C bit 3<br>\r\n/// &lt;/summary&gt;<br>\r\npublic const Cpu.Pin GPIO_PIN_C_3 = (Cpu.Pin)35;<br>\r\n/// &lt;summary&gt;<br>\r\n/// GPIO port C bit 4<br>\r\n/// &lt;/summary&gt;<br>\r\npublic const Cpu.Pin GPIO_PIN_C_4 = (Cpu.Pin)36;<br>\r\n/// &lt;summary&gt;<br>\r\n/// GPIO port C bit 5<br>\r\n/// &lt;/summary&gt;<br>\r\npublic const Cpu.Pin GPIO_PIN_C_5 = (Cpu.Pin)37;<br>\r\n/// &lt;summary&gt;<br>\r\n/// GPIO port C bit 6<br>\r\n/// &lt;/summary&gt;<br>\r\npublic const Cpu.Pin GPIO_PIN_C_6 = (Cpu.Pin)38;<br>\r\n/// &lt;summary&gt;<br>\r\n/// GPIO port C bit 7<br>\r\n/// &lt;/summary&gt;<br>\r\npublic const Cpu.Pin GPIO_PIN_C_7 = (Cpu.Pin)39;<br>\r\n/// &lt;summary&gt;<br>\r\n/// GPIO port C bit 8<br>\r\n/// &lt;/summary&gt;<br>\r\npublic const Cpu.Pin GPIO_PIN_C_8 = (Cpu.Pin)40;<br>\r\n/// &lt;summary&gt;<br>\r\n/// GPIO port C bit 9<br>\r\n/// &lt;/summary&gt;<br>\r\npublic const Cpu.Pin GPIO_PIN_C_9 = (Cpu.Pin)41;<br>\r\n/// &lt;summary&gt;<br>\r\n/// GPIO port C bit 10<br>\r\n/// &lt;/summary&gt;<br>\r\npublic const Cpu.Pin GPIO_PIN_C_10 = (Cpu.Pin)42;<br>\r\n/// &lt;summary&gt;<br>\r\n/// GPIO port C bit 11<br>\r\n/// &lt;/summary&gt;<br>\r\npublic const Cpu.Pin GPIO_PIN_C_11 = (Cpu.Pin)43;<br>\r\n/// &lt;summary&gt;<br>\r\n/// GPIO port C bit 12<br>\r\n/// &lt;/summary&gt;<br>\r\npublic const Cpu.Pin GPIO_PIN_C_12 = (Cpu.Pin)44;<br>\r\n/// &lt;summary&gt;<br>\r\n/// GPIO port C bit 13<br>\r\n/// &lt;/summary&gt;<br>\r\npublic const Cpu.Pin GPIO_PIN_C_13 = (Cpu.Pin)45;<br>\r\n/// &lt;summary&gt;<br>\r\n/// GPIO port C bit 14<br>\r\n/// &lt;/summary&gt;<br>\r\npublic const Cpu.Pin GPIO_PIN_C_14 = (Cpu.Pin)46;<br>\r\n/// &lt;summary&gt;<br>\r\n/// GPIO port C bit 15<br>\r\n/// &lt;/summary&gt;<br>\r\npublic const Cpu.Pin GPIO_PIN_C_15 = (Cpu.Pin)47;<br>\r\n/// &lt;summary&gt;<br>\r\n/// GPIO port D bit 0<br>\r\n/// &lt;/summary&gt;<br>\r\npublic const Cpu.Pin GPIO_PIN_D_0 = (Cpu.Pin)48;<br>\r\n/// &lt;summary&gt;<br>\r\n/// GPIO port D bit 1<br>\r\n/// &lt;/summary&gt;<br>\r\npublic const Cpu.Pin GPIO_PIN_D_1 = (Cpu.Pin)49;<br>\r\n/// &lt;summary&gt;<br>\r\n/// GPIO port D bit 2<br>\r\n/// &lt;/summary&gt;<br>\r\npublic const Cpu.Pin GPIO_PIN_D_2 = (Cpu.Pin)50;<br>\r\n/// &lt;summary&gt;<br>\r\n/// GPIO port D bit 3<br>\r\n/// &lt;/summary&gt;<br>\r\npublic const Cpu.Pin GPIO_PIN_D_3 = (Cpu.Pin)51;<br>\r\n/// &lt;summary&gt;<br>\r\n/// GPIO port D bit 4<br>\r\n/// &lt;/summary&gt;<br>\r\npublic const Cpu.Pin GPIO_PIN_D_4 = (Cpu.Pin)52;<br>\r\n/// &lt;summary&gt;<br>\r\n/// GPIO port D bit 5<br>\r\n/// &lt;/summary&gt;<br>\r\npublic const Cpu.Pin GPIO_PIN_D_5 = (Cpu.Pin)53;<br>\r\n/// &lt;summary&gt;<br>\r\n/// GPIO port D bit 6<br>\r\n/// &lt;/summary&gt;<br>\r\npublic const Cpu.Pin GPIO_PIN_D_6 = (Cpu.Pin)54;<br>\r\n/// &lt;summary&gt;<br>\r\n/// GPIO port D bit 7<br>\r\n/// &lt;/summary&gt;<br>\r\npublic const Cpu.Pin GPIO_PIN_D_7 = (Cpu.Pin)55;<br>\r\n/// &lt;summary&gt;<br>\r\n/// GPIO port D bit 8<br>\r\n/// &lt;/summary&gt;<br>\r\npublic const Cpu.Pin GPIO_PIN_D_8 = (Cpu.Pin)56;<br>\r\n/// &lt;summary&gt;<br>\r\n/// GPIO port D bit 9<br>\r\n/// &lt;/summary&gt;<br>\r\npublic const Cpu.Pin GPIO_PIN_D_9 = (Cpu.Pin)57;<br>\r\n/// &lt;summary&gt;<br>\r\n/// GPIO port D bit 10<br>\r\n/// &lt;/summary&gt;<br>\r\npublic const Cpu.Pin GPIO_PIN_D_10 = (Cpu.Pin)58;<br>\r\n/// &lt;summary&gt;<br>\r\n/// GPIO port D bit 11<br>\r\n/// &lt;/summary&gt;<br>\r\npublic const Cpu.Pin GPIO_PIN_D_11 = (Cpu.Pin)59;<br>\r\n/// &lt;summary&gt;<br>\r\n/// GPIO port D bit 12<br>\r\n/// &lt;/summary&gt;<br>\r\npublic const Cpu.Pin GPIO_PIN_D_12 = (Cpu.Pin)60;<br>\r\n/// &lt;summary&gt;<br>\r\n/// GPIO port D bit 13<br>\r\n/// &lt;/summary&gt;<br>\r\npublic const Cpu.Pin GPIO_PIN_D_13 = (Cpu.Pin)61;<br>\r\n/// &lt;summary&gt;<br>\r\n/// GPIO port D bit 14<br>\r\n/// &lt;/summary&gt;<br>\r\npublic const Cpu.Pin GPIO_PIN_D_14 = (Cpu.Pin)62;<br>\r\n/// &lt;summary&gt;<br>\r\n/// GPIO port D bit 15<br>\r\n/// &lt;/summary&gt;<br>\r\npublic const Cpu.Pin GPIO_PIN_D_15 = (Cpu.Pin)63;<br>\r\n/// &lt;summary&gt;<br>\r\n/// GPIO port E bit 0<br>\r\n/// &lt;/summary&gt;<br>\r\npublic const Cpu.Pin GPIO_PIN_E_0 = (Cpu.Pin)64;<br>\r\n/// &lt;summary&gt;<br>\r\n/// GPIO port E bit 1<br>\r\n/// &lt;/summary&gt;<br>\r\npublic const Cpu.Pin GPIO_PIN_E_1 = (Cpu.Pin)65;<br>\r\n/// &lt;summary&gt;<br>\r\n/// GPIO port E bit 2<br>\r\n/// &lt;/summary&gt;<br>\r\npublic const Cpu.Pin GPIO_PIN_E_2 = (Cpu.Pin)66;<br>\r\n/// &lt;summary&gt;<br>\r\n/// GPIO port E bit 3<br>\r\n/// &lt;/summary&gt;<br>\r\npublic const Cpu.Pin GPIO_PIN_E_3 = (Cpu.Pin)67;<br>\r\n/// &lt;summary&gt;<br>\r\n/// GPIO port E bit 4<br>\r\n/// &lt;/summary&gt;<br>\r\npublic const Cpu.Pin GPIO_PIN_E_4 = (Cpu.Pin)68;<br>\r\n/// &lt;summary&gt;<br>\r\n/// GPIO port E bit 5<br>\r\n/// &lt;/summary&gt;<br>\r\npublic const Cpu.Pin GPIO_PIN_E_5 = (Cpu.Pin)69;<br>\r\n/// &lt;summary&gt;<br>\r\n/// GPIO port E bit 6<br>\r\n/// &lt;/summary&gt;<br>\r\npublic const Cpu.Pin GPIO_PIN_E_6 = (Cpu.Pin)70;<br>\r\n/// &lt;summary&gt;<br>\r\n/// GPIO port E bit 7<br>\r\n/// &lt;/summary&gt;<br>\r\npublic const Cpu.Pin GPIO_PIN_E_7 = (Cpu.Pin)71;<br>\r\n/// &lt;summary&gt;<br>\r\n/// GPIO port E bit 8<br>\r\n/// &lt;/summary&gt;<br>\r\npublic const Cpu.Pin GPIO_PIN_E_8 = (Cpu.Pin)72;<br>\r\n/// &lt;summary&gt;<br>\r\n/// GPIO port E bit 9<br>\r\n/// &lt;/summary&gt;<br>\r\npublic const Cpu.Pin GPIO_PIN_E_9 = (Cpu.Pin)73;<br>\r\n/// &lt;summary&gt;<br>\r\n/// GPIO port E bit 10<br>\r\n/// &lt;/summary&gt;<br>\r\npublic const Cpu.Pin GPIO_PIN_E_10 = (Cpu.Pin)74;<br>\r\n/// &lt;summary&gt;<br>\r\n/// GPIO port E bit 11<br>\r\n/// &lt;/summary&gt;<br>\r\npublic const Cpu.Pin GPIO_PIN_E_11 = (Cpu.Pin)75;<br>\r\n/// &lt;summary&gt;<br>\r\n/// GPIO port E bit 12<br>\r\n/// &lt;/summary&gt;<br>\r\npublic const Cpu.Pin GPIO_PIN_E_12 = (Cpu.Pin)76;<br>\r\n/// &lt;summary&gt;<br>\r\n/// GPIO port E bit 13<br>\r\n/// &lt;/summary&gt;<br>\r\npublic const Cpu.Pin GPIO_PIN_E_13 = (Cpu.Pin)77;<br>\r\n/// &lt;summary&gt;<br>\r\n/// GPIO port E bit 14<br>\r\n/// &lt;/summary&gt;<br>\r\npublic const Cpu.Pin GPIO_PIN_E_14 = (Cpu.Pin)78;<br>\r\n/// &lt;summary&gt;<br>\r\n/// GPIO port E bit 15<br>\r\n/// &lt;/summary&gt;<br>\r\npublic const Cpu.Pin GPIO_PIN_E_15 = (Cpu.Pin)79;<br>\r\n/// &lt;summary&gt;<br>\r\n/// GPIO port F bit 0<br>\r\n/// &lt;/summary&gt;<br>\r\npublic const Cpu.Pin GPIO_PIN_F_0 = (Cpu.Pin)80;<br>\r\n/// &lt;summary&gt;<br>\r\n/// GPIO port F bit 1<br>\r\n/// &lt;/summary&gt;<br>\r\npublic const Cpu.Pin GPIO_PIN_F_1 = (Cpu.Pin)81;<br>\r\n/// &lt;summary&gt;<br>\r\n/// GPIO port F bit 2<br>\r\n/// &lt;/summary&gt;<br>\r\npublic const Cpu.Pin GPIO_PIN_F_2 = (Cpu.Pin)82;<br>\r\n/// &lt;summary&gt;<br>\r\n/// GPIO port F bit 3<br>\r\n/// &lt;/summary&gt;<br>\r\npublic const Cpu.Pin GPIO_PIN_F_3 = (Cpu.Pin)83;<br>\r\n/// &lt;summary&gt;<br>\r\n/// GPIO port F bit 4<br>\r\n/// &lt;/summary&gt;<br>\r\npublic const Cpu.Pin GPIO_PIN_F_4 = (Cpu.Pin)84;<br>\r\n/// &lt;summary&gt;<br>\r\n/// GPIO port F bit 5<br>\r\n/// &lt;/summary&gt;<br>\r\npublic const Cpu.Pin GPIO_PIN_F_5 = (Cpu.Pin)85;<br>\r\n/// &lt;summary&gt;<br>\r\n/// GPIO port F bit 6<br>\r\n/// &lt;/summary&gt;<br>\r\npublic const Cpu.Pin GPIO_PIN_F_6 = (Cpu.Pin)86;<br>\r\n/// &lt;summary&gt;<br>\r\n/// GPIO port F bit 7<br>\r\n/// &lt;/summary&gt;<br>\r\npublic const Cpu.Pin GPIO_PIN_F_7 = (Cpu.Pin)87;<br>\r\n/// &lt;summary&gt;<br>\r\n/// GPIO port F bit 8<br>\r\n/// &lt;/summary&gt;<br>\r\npublic const Cpu.Pin GPIO_PIN_F_8 = (Cpu.Pin)88;<br>\r\n/// &lt;summary&gt;<br>\r\n/// GPIO port F bit 9<br>\r\n/// &lt;/summary&gt;<br>\r\npublic const Cpu.Pin GPIO_PIN_F_9 = (Cpu.Pin)89;<br>\r\n/// &lt;summary&gt;<br>\r\n/// GPIO port F bit 10<br>\r\n/// &lt;/summary&gt;<br>\r\npublic const Cpu.Pin GPIO_PIN_F_10 = (Cpu.Pin)90;<br>\r\n/// &lt;summary&gt;<br>\r\n/// GPIO port F bit 11<br>\r\n/// &lt;/summary&gt;<br>\r\npublic const Cpu.Pin GPIO_PIN_F_11 = (Cpu.Pin)91;<br>\r\n/// &lt;summary&gt;<br>\r\n/// GPIO port F bit 12<br>\r\n/// &lt;/summary&gt;<br>\r\npublic const Cpu.Pin GPIO_PIN_F_12 = (Cpu.Pin)92;<br>\r\n/// &lt;summary&gt;<br>\r\n/// GPIO port F bit 13<br>\r\n/// &lt;/summary&gt;<br>\r\npublic const Cpu.Pin GPIO_PIN_F_13 = (Cpu.Pin)93;<br>\r\n/// &lt;summary&gt;<br>\r\n/// GPIO port F bit 14<br>\r\n/// &lt;/summary&gt;<br>\r\npublic const Cpu.Pin GPIO_PIN_F_14 = (Cpu.Pin)94;<br>\r\n/// &lt;summary&gt;<br>\r\n/// GPIO port F bit 15<br>\r\n/// &lt;/summary&gt;<br>\r\npublic const Cpu.Pin GPIO_PIN_F_15 = (Cpu.Pin)95;<br>\r\n/// &lt;summary&gt;<br>\r\n/// GPIO port G bit 0<br>\r\n/// &lt;/summary&gt;<br>\r\npublic const Cpu.Pin GPIO_PIN_G_0 = (Cpu.Pin)96;<br>\r\n/// &lt;summary&gt;<br>\r\n/// GPIO port G bit 1<br>\r\n/// &lt;/summary&gt;<br>\r\npublic const Cpu.Pin GPIO_PIN_G_1 = (Cpu.Pin)97;<br>\r\n/// &lt;summary&gt;<br>\r\n/// GPIO port G bit 2<br>\r\n/// &lt;/summary&gt;<br>\r\npublic const Cpu.Pin GPIO_PIN_G_2 = (Cpu.Pin)98;<br>\r\n/// &lt;summary&gt;<br>\r\n/// GPIO port G bit 3<br>\r\n/// &lt;/summary&gt;<br>\r\npublic const Cpu.Pin GPIO_PIN_G_3 = (Cpu.Pin)99;<br>\r\n/// &lt;summary&gt;<br>\r\n/// GPIO port G bit 4<br>\r\n/// &lt;/summary&gt;<br>\r\npublic const Cpu.Pin GPIO_PIN_G_4 = (Cpu.Pin)100;<br>\r\n/// &lt;summary&gt;<br>\r\n/// GPIO port G bit 5<br>\r\n/// &lt;/summary&gt;<br>\r\npublic const Cpu.Pin GPIO_PIN_G_5 = (Cpu.Pin)101;<br>\r\n/// &lt;summary&gt;<br>\r\n/// GPIO port G bit 6<br>\r\n/// &lt;/summary&gt;<br>\r\npublic const Cpu.Pin GPIO_PIN_G_6 = (Cpu.Pin)102;<br>\r\n/// &lt;summary&gt;<br>\r\n/// GPIO port G bit 7<br>\r\n/// &lt;/summary&gt;<br>\r\npublic const Cpu.Pin GPIO_PIN_G_7 = (Cpu.Pin)103;<br>\r\n/// &lt;summary&gt;<br>\r\n/// GPIO port G bit 8<br>\r\n/// &lt;/summary&gt;<br>\r\npublic const Cpu.Pin GPIO_PIN_G_8 = (Cpu.Pin)104;<br>\r\n/// &lt;summary&gt;<br>\r\n/// GPIO port G bit 9<br>\r\n/// &lt;/summary&gt;<br>\r\npublic const Cpu.Pin GPIO_PIN_G_9 = (Cpu.Pin)105;<br>\r\n/// &lt;summary&gt;<br>\r\n/// GPIO port G bit 10<br>\r\n/// &lt;/summary&gt;<br>\r\npublic const Cpu.Pin GPIO_PIN_G_10 = (Cpu.Pin)106;<br>\r\n/// &lt;summary&gt;<br>\r\n/// GPIO port G bit 11<br>\r\n/// &lt;/summary&gt;<br>\r\npublic const Cpu.Pin GPIO_PIN_G_11 = (Cpu.Pin)107;<br>\r\n/// &lt;summary&gt;<br>\r\n/// GPIO port G bit 12<br>\r\n/// &lt;/summary&gt;<br>\r\npublic const Cpu.Pin GPIO_PIN_G_12 = (Cpu.Pin)108;<br>\r\n/// &lt;summary&gt;<br>\r\n/// GPIO port G bit 13<br>\r\n/// &lt;/summary&gt;<br>\r\npublic const Cpu.Pin GPIO_PIN_G_13 = (Cpu.Pin)109;<br>\r\n/// &lt;summary&gt;<br>\r\n/// GPIO port G bit 14<br>\r\n/// &lt;/summary&gt;<br>\r\npublic const Cpu.Pin GPIO_PIN_G_14 = (Cpu.Pin)110;<br>\r\n/// &lt;summary&gt;<br>\r\n/// GPIO port G bit 15<br>\r\n/// &lt;/summary&gt;<br>\r\npublic const Cpu.Pin GPIO_PIN_G_15 = (Cpu.Pin)111;<br>\r\n/// &lt;summary&gt;<br>\r\n/// GPIO port H bit 0<br>\r\n/// &lt;/summary&gt;<br>\r\npublic const Cpu.Pin GPIO_PIN_H_0 = (Cpu.Pin)112;<br>\r\n/// &lt;summary&gt;<br>\r\n/// GPIO port H bit 1<br>\r\n/// &lt;/summary&gt;<br>\r\npublic const Cpu.Pin GPIO_PIN_H_1 = (Cpu.Pin)113;<br>\r\n/// &lt;summary&gt;<br>\r\n/// GPIO port H bit 2<br>\r\n/// &lt;/summary&gt;<br>\r\npublic const Cpu.Pin GPIO_PIN_H_2 = (Cpu.Pin)114;<br>\r\n/// &lt;summary&gt;<br>\r\n/// GPIO port H bit 3<br>\r\n/// &lt;/summary&gt;<br>\r\npublic const Cpu.Pin GPIO_PIN_H_3 = (Cpu.Pin)115;<br>\r\n/// &lt;summary&gt;<br>\r\n/// GPIO port H bit 4<br>\r\n/// &lt;/summary&gt;<br>\r\npublic const Cpu.Pin GPIO_PIN_H_4 = (Cpu.Pin)116;<br>\r\n/// &lt;summary&gt;<br>\r\n/// GPIO port H bit 5<br>\r\n/// &lt;/summary&gt;<br>\r\npublic const Cpu.Pin GPIO_PIN_H_5 = (Cpu.Pin)117;<br>\r\n/// &lt;summary&gt;<br>\r\n/// GPIO port H bit 6<br>\r\n/// &lt;/summary&gt;<br>\r\npublic const Cpu.Pin GPIO_PIN_H_6 = (Cpu.Pin)118;<br>\r\n/// &lt;summary&gt;<br>\r\n/// GPIO port H bit 7<br>\r\n/// &lt;/summary&gt;<br>\r\npublic const Cpu.Pin GPIO_PIN_H_7 = (Cpu.Pin)119;<br>\r\n/// &lt;summary&gt;<br>\r\n/// GPIO port H bit 8<br>\r\n/// &lt;/summary&gt;<br>\r\npublic const Cpu.Pin GPIO_PIN_H_8 = (Cpu.Pin)120;<br>\r\n/// &lt;summary&gt;<br>\r\n/// GPIO port H bit 9<br>\r\n/// &lt;/summary&gt;<br>\r\npublic const Cpu.Pin GPIO_PIN_H_9 = (Cpu.Pin)121;<br>\r\n/// &lt;summary&gt;<br>\r\n/// GPIO port H bit 10<br>\r\n/// &lt;/summary&gt;<br>\r\npublic const Cpu.Pin GPIO_PIN_H_10 = (Cpu.Pin)122;<br>\r\n/// &lt;summary&gt;<br>\r\n/// GPIO port H bit 11<br>\r\n/// &lt;/summary&gt;<br>\r\npublic const Cpu.Pin GPIO_PIN_H_11 = (Cpu.Pin)123;<br>\r\n/// &lt;summary&gt;<br>\r\n/// GPIO port H bit 12<br>\r\n/// &lt;/summary&gt;<br>\r\npublic const Cpu.Pin GPIO_PIN_H_12 = (Cpu.Pin)124;<br>\r\n/// &lt;summary&gt;<br>\r\n/// GPIO port H bit 13<br>\r\n/// &lt;/summary&gt;<br>\r\npublic const Cpu.Pin GPIO_PIN_H_13 = (Cpu.Pin)125;<br>\r\n/// &lt;summary&gt;<br>\r\n/// GPIO port H bit 14<br>\r\n/// &lt;/summary&gt;<br>\r\npublic const Cpu.Pin GPIO_PIN_H_14 = (Cpu.Pin)126;<br>\r\n/// &lt;summary&gt;<br>\r\n/// GPIO port H bit 15<br>\r\n/// &lt;/summary&gt;<br>\r\npublic const Cpu.Pin GPIO_PIN_H_15 = (Cpu.Pin)127;<br>\r\n/// &lt;summary&gt;<br>\r\n/// GPIO port I bit 0<br>\r\n/// &lt;/summary&gt;<br>\r\npublic const Cpu.Pin GPIO_PIN_I_0 = (Cpu.Pin)128;<br>\r\n/// &lt;summary&gt;<br>\r\n/// GPIO port I bit 1<br>\r\n/// &lt;/summary&gt;<br>\r\npublic const Cpu.Pin GPIO_PIN_I_1 = (Cpu.Pin)129;<br>\r\n/// &lt;summary&gt;<br>\r\n/// GPIO port I bit 2<br>\r\n/// &lt;/summary&gt;<br>\r\npublic const Cpu.Pin GPIO_PIN_I_2 = (Cpu.Pin)130;<br>\r\n/// &lt;summary&gt;<br>\r\n/// GPIO port I bit 3<br>\r\n/// &lt;/summary&gt;<br>\r\npublic const Cpu.Pin GPIO_PIN_I_3 = (Cpu.Pin)131;<br>\r\n/// &lt;summary&gt;<br>\r\n/// GPIO port I bit 4<br>\r\n/// &lt;/summary&gt;<br>\r\npublic const Cpu.Pin GPIO_PIN_I_4 = (Cpu.Pin)132;<br>\r\n/// &lt;summary&gt;<br>\r\n/// GPIO port I bit 5<br>\r\n/// &lt;/summary&gt;<br>\r\npublic const Cpu.Pin GPIO_PIN_I_5 = (Cpu.Pin)133;<br>\r\n/// &lt;summary&gt;<br>\r\n/// GPIO port I bit 6<br>\r\n/// &lt;/summary&gt;<br>\r\npublic const Cpu.Pin GPIO_PIN_I_6 = (Cpu.Pin)134;<br>\r\n/// &lt;summary&gt;<br>\r\n/// GPIO port I bit 7<br>\r\n/// &lt;/summary&gt;<br>\r\npublic const Cpu.Pin GPIO_PIN_I_7 = (Cpu.Pin)135;<br>\r\n/// &lt;summary&gt;<br>\r\n/// GPIO port I bit 8<br>\r\n/// &lt;/summary&gt;<br>\r\npublic const Cpu.Pin GPIO_PIN_I_8 = (Cpu.Pin)136;<br>\r\n/// &lt;summary&gt;<br>\r\n/// GPIO port I bit 9<br>\r\n/// &lt;/summary&gt;<br>\r\npublic const Cpu.Pin GPIO_PIN_I_9 = (Cpu.Pin)137;<br>\r\n/// &lt;summary&gt;<br>\r\n/// GPIO port I bit 10<br>\r\n/// &lt;/summary&gt;<br>\r\npublic const Cpu.Pin GPIO_PIN_I_10 = (Cpu.Pin)138;<br>\r\n/// &lt;summary&gt;<br>\r\n/// GPIO port I bit 11<br>\r\n/// &lt;/summary&gt;<br>\r\npublic const Cpu.Pin GPIO_PIN_I_11 = (Cpu.Pin)139;<br>\r\n/// &lt;summary&gt;<br>\r\n/// GPIO port I bit 12<br>\r\n/// &lt;/summary&gt;<br>\r\npublic const Cpu.Pin GPIO_PIN_I_12 = (Cpu.Pin)140;<br>\r\n/// &lt;summary&gt;<br>\r\n/// GPIO port I bit 13<br>\r\n/// &lt;/summary&gt;<br>\r\npublic const Cpu.Pin GPIO_PIN_I_13 = (Cpu.Pin)141;<br>\r\n/// &lt;summary&gt;<br>\r\n/// GPIO port I bit 14<br>\r\n/// &lt;/summary&gt;<br>\r\npublic const Cpu.Pin GPIO_PIN_I_14 = (Cpu.Pin)142;<br>\r\n/// &lt;summary&gt;<br>\r\n/// GPIO port I bit 15<br>\r\n/// &lt;/summary&gt;<br>\r\npublic const Cpu.Pin GPIO_PIN_I_15 = (Cpu.Pin)143;<br>\r\n<br>\r\npublic const Cpu.Pin GPIO_NONE = Cpu.Pin.GPIO_NONE;<br>\r\n}<br>\r\n<br>\r\npublic static class SerialPorts<br>\r\n{<br>\r\npublic const string COM1 = &quot;COM1&quot;;<br>\r\npublic const string COM2 = &quot;COM2&quot;;<br>\r\npublic const string COM3 = &quot;COM3&quot;;<br>\r\npublic const string COM4 = &quot;COM4&quot;;<br>\r\npublic const string COM5 = &quot;COM5&quot;;<br>\r\npublic const string COM6 = &quot;COM6&quot;;<br>\r\n}<br>\r\n<br>\r\npublic static class BaudRates<br>\r\n{<br>\r\npublic const BaudRate Baud9600 = BaudRate.Baudrate9600;<br>\r\npublic const BaudRate Baud19200 = BaudRate.Baudrate19200;<br>\r\npublic const BaudRate Baud38400 = BaudRate.Baudrate38400;<br>\r\npublic const BaudRate Baud57600 = BaudRate.Baudrate57600;<br>\r\npublic const BaudRate Baud115200 = BaudRate.Baudrate115200;<br>\r\npublic const BaudRate Baud230400 = BaudRate.Baudrate230400;<br>\r\n}<br>\r\n<br>\r\npublic static class ResistorModes<br>\r\n{<br>\r\npublic const Port.ResistorMode PullUp = Port.ResistorMode.PullUp;<br>\r\npublic const Port.ResistorMode PullDown = Port.ResistorMode.PullDown;<br>\r\npublic const Port.ResistorMode Disabled = Port.ResistorMode.Disabled;<br>\r\n}<br>\r\n<br>\r\npublic static class InterruptModes<br>\r\n{<br>\r\npublic const Port.InterruptMode InterruptEdgeLow = Port.InterruptMode.InterruptEdgeLow ;<br>\r\npublic const Port.InterruptMode InterruptEdgeHigh = Port.InterruptMode.InterruptEdgeHigh;<br>\r\npublic const Port.InterruptMode InterruptEdgeBoth = Port.InterruptMode.InterruptEdgeBoth;<br>\r\npublic const Port.InterruptMode InterruptEdgeLevelHigh = Port.InterruptMode.InterruptEdgeLevelHigh;<br>\r\npublic const Port.InterruptMode InterruptEdgeLevelLow = Port.InterruptMode.InterruptEdgeLevelLow;<br>\r\npublic const Port.InterruptMode InterruptNone = Port.InterruptMode.InterruptNone;<br>\r\n}<br>\r\n<br>\r\npublic static class SPI_Devices<br>\r\n{<br>\r\npublic const Microsoft.SPOT.Hardware.SPI.SPI_module SPI1 = Microsoft.SPOT.Hardware.SPI.SPI_module.SPI1;<br>\r\npublic const Microsoft.SPOT.Hardware.SPI.SPI_module SPI2 = Microsoft.SPOT.Hardware.SPI.SPI_module.SPI2;<br>\r\npublic const Microsoft.SPOT.Hardware.SPI.SPI_module SPI3 = Microsoft.SPOT.Hardware.SPI.SPI_module.SPI3;<br>\r\n}<br>\r\n<br>\r\n}<br>\r\n<br>\r\n<br>\r\n<br>\r\n<br>\r\nOn 9-4-2013 22:59, untitled86 wrote:<br>\r\n</div>\r\n<blockquote type=\"cite\">\r\n<p>From: untitled86</p>\r\n<div id=\"ThreadNotificationPostBody\">Worth mentioning, this triggers my scope all day long...<br>\r\n<pre><code>SoftwareI2C s = new SoftwareI2C(CPU.Pins.GPIO_PIN_A_8_AKA_SCL, CPU.Pins.GPIO_PIN_C_9_AKA_SDA, 50);\r\nwhile (true)\r\n{\r\n       s.Transmit(true, true, (byte)0x50);\r\n       Thread.Sleep(100);\r\n}</code></pre>\r\nBut I want to use the hardware class (I2CDevice). So far I haven't done any bit-banging and I don't want to start now.<br>\r\n</div>\r\n</blockquote>\r\n<br>\r\n",
    "PostedDate": "2013-04-10T03:02:15.637-07:00",
    "UserRole": null,
    "MarkedAsAnswerDate": null
  }
]