[
  {
    "Id": "857420",
    "ThreadId": "361965",
    "Html": "\r\n<p>Hi</p>\r\n<p>Could someone tell me if the source for the USB driver for the STM32 Discovery board is available for download please?</p>\r\n<p>Thanks</p>\r\n<p>Phil</p>\r\n",
    "PostedDate": "2012-07-04T08:14:29.52-07:00",
    "UserRole": null,
    "MarkedAsAnswerDate": null
  },
  {
    "Id": "859087",
    "ThreadId": "361965",
    "Html": "\r\n<div dir=\"ltr\">Hi Cuno<br>\r\n<br>\r\nThank you very much for that.<br>\r\n<br>\r\nBest Regards<br>\r\n<br>\r\nPhil<br>\r\n<br>\r\n<div>\r\n<div id=\"SkyDrivePlaceholder\"></div>\r\n<hr id=\"stopSpelling\">\r\nFrom: [email removed]<br>\r\nTo: [email removed]<br>\r\nDate: Wed, 4 Jul 2012 08:55:45 -0700<br>\r\nSubject: Re: STM32 Discovery USB Driver [netmf4stm32:361965]<br>\r\n<br>\r\nFrom: cuno<br>\r\n<div id=\"ecxThreadNotificationPostBody\">Hi Phil,<br>\r\nthe link is <a href=\"http://www.codeplex.com/Download?ProjectName=netmf4stm32&DownloadId=377341\" target=\"_blank\">\r\nhttp://www.codeplex.com/Download?ProjectName=netmf4stm32&DownloadId=377341</a><br>\r\nBest regards<br>\r\nCuno<br>\r\n</div>\r\n<div id=\"ecxThreadNotificationFooter\">Read the <a href=\"http://netmf4stm32.codeplex.com/discussions/361965#post857448\" target=\"_blank\">\r\nfull discussion online</a>.<br>\r\nTo add a post to this discussion, reply to this email (<a href=\"mailto:netmf4stm32@discussions.codeplex.com?subject=[netmf4stm32:361965]\">netmf4stm32@discussions.codeplex.com</a>)<br>\r\nTo start a new discussion for this project, email <a href=\"mailto:netmf4stm32@discussions.codeplex.com\">\r\nnetmf4stm32@discussions.codeplex.com</a><br>\r\nYou are receiving this email because you subscribed to this discussion on CodePlex. You can\r\n<a href=\"https://netmf4stm32.codeplex.com/discussions/361965/unsubscribe/\" target=\"_blank\">\r\nunsubscribe</a> on CodePlex.com.<br>\r\nPlease note: Images and attachments will be removed from emails. Any posts to this discussion will also be available online at CodePlex.com<br>\r\n</div>\r\n</div>\r\n</div>\r\n",
    "PostedDate": "2012-07-09T03:26:26.94-07:00",
    "UserRole": null,
    "MarkedAsAnswerDate": null
  }
]