[
  {
    "Id": "1117541",
    "ThreadId": "465377",
    "Html": "Regards<br />\n",
    "PostedDate": "2013-11-05T01:47:04.74-08:00",
    "UserRole": null,
    "MarkedAsAnswerDate": null
  },
  {
    "Id": "1150858",
    "ThreadId": "465377",
    "Html": "Most discussions are on the GHI forum:\r<br />\n<a href=\"https://www.ghielectronics.com/community\" rel=\"nofollow\">https://www.ghielectronics.com/community</a><br />\n",
    "PostedDate": "2014-01-08T05:33:38.567-08:00",
    "UserRole": null,
    "MarkedAsAnswerDate": null
  }
]