[
  {
    "Id": "997506",
    "ThreadId": "432242",
    "Html": "There isn't a lot of detail provided on compilers.  The homepage says, &quot;The software can be compiled with the Keil MDK-Standard tools. Alternatively, you could use the ARM RVDS Professional tools. There is no support for other compilers.&quot;\r<br />\n<br />\nI have two questions...\r<br />\n<br />\n1) Is there any advantage to MDK vs RVDS?\r<br />\n<br />\n2) What's the estimated price of each package?<br />\n\r<br />\nI've requested quotes myself and will be updating this thread as I learn more if others do not contribute.<br />\n",
    "PostedDate": "2013-02-06T12:49:32.833-08:00",
    "UserRole": null,
    "MarkedAsAnswerDate": null
  },
  {
    "Id": "997537",
    "ThreadId": "432242",
    "Html": "I was quoted around $5,000 for Keil MDK-ARM Standard. \r<br />\n<br />\nIs it really going to cost me $5k to get .NET running on my own STMF4 board?  <br />\n",
    "PostedDate": "2013-02-06T13:39:28.113-08:00",
    "UserRole": null,
    "MarkedAsAnswerDate": null
  },
  {
    "Id": "997737",
    "ThreadId": "432242",
    "Html": "The recent GCC versions are starting to be a viable alternative, STMF4 micros have enough flash memory for the firmware built with GCC. It is bigger than Keil MDK-ARM/ARM RVDS output (1), mostly due to size of C/C++ Runtime libraries (printf-family functions). Additionally, the <a href=\"https://launchpad.net/gcc-arm-embedded/+milestone/4.7-2012-q4-major\" rel=\"nofollow\">4.7-2012-q4-major</a> release of GNU Tools for ARM Embedded Processors introduced newlib-nano, size-optimized runtime library which causes the firmware image size to be comparable with RVCT, sometimes even smaller. However, it does not support 64-bit integers and long double string formatting, so it cannot be used directly yet...<br />\n<br />\n(1) They use the same compiler/linker (RVCT), but there are slight differences in operation, and libraries. The executables are exactly the same, the 'mode of operation' is determined by the license.<br />\n<br />\nEach new version of .NET Micro Framework Porting Kit improves support for GCC-based toolchains, it is not very hard to adapt the existing STM32F4 solutions, there are already several other working ports for STM32F4 - just have a look at Secret Labs and GHI community forums.<br />\n",
    "PostedDate": "2013-02-07T00:01:57.443-08:00",
    "UserRole": null,
    "MarkedAsAnswerDate": null
  },
  {
    "Id": "1003057",
    "ThreadId": "432242",
    "Html": "Thanks, I'm compiling with GCC 4.6.2 now.  I haven't got 4.7 to work yet, but eventually I'll get there.  Free is a very good price.<br />\n",
    "PostedDate": "2013-02-18T14:16:19.117-08:00",
    "UserRole": null,
    "MarkedAsAnswerDate": null
  },
  {
    "Id": "1028274",
    "ThreadId": "432242",
    "Html": "Hi, \r<br />\nrun the NETFM compilation stable after built it with GCC 4.6.2 ?<br />\n",
    "PostedDate": "2013-04-10T01:26:55.013-07:00",
    "UserRole": null,
    "MarkedAsAnswerDate": null
  }
]