[
  {
    "Id": "1078309",
    "ThreadId": "452839",
    "Html": "How can I use a enc28j60 module at F4discovery ? I tried using the same pins of netduino plus 2 but it do not work.\r<br />\nSome demo ?\r<br />\n<br />\nThanks<br />\n",
    "PostedDate": "2013-08-08T09:29:54.567-07:00",
    "UserRole": null,
    "MarkedAsAnswerDate": null
  },
  {
    "Id": "1078670",
    "ThreadId": "452839",
    "Html": "you have 2 options: write your own enc driver and tcpip stack\r<br />\n<br />\nor use mIP (its on codeplex)\r<br />\nmIP works, but its not fully featured and such.\r<br />\nlike no real sockets to play with, but it can act as simple webserver (i dont think it supports multiple ethernet frames ..)<br />\n",
    "PostedDate": "2013-08-09T04:10:10.47-07:00",
    "UserRole": null,
    "MarkedAsAnswerDate": null
  },
  {
    "Id": "1248872",
    "ThreadId": "452839",
    "Html": "Hi \r<br />\n<br />\nUsing your mIO, where I find the pins connection ?? I want to connect a commercial enc28j60 modulo to the discovery F407\r<br />\n<br />\nThank You\r<br />\n<br />\nVidal\r<br />\n<br />\n<a href=\"http://www.ebay.com/itm/ENC28J60-Ethernet-module-Arduino-Compatible-/130544874582\" rel=\"nofollow\">http://www.ebay.com/itm/ENC28J60-Ethernet-module-Arduino-Compatible-/130544874582</a><br />\n",
    "PostedDate": "2014-05-23T06:26:42.777-07:00",
    "UserRole": null,
    "MarkedAsAnswerDate": null
  }
]