[
  {
    "Id": "1003489",
    "ThreadId": "433685",
    "Html": "Hello guys, \r<br />\ni want to make this board STM32F407IGT6 to work with NetFM can i do that ! and is there any tutorial for that !!<br />\n",
    "PostedDate": "2013-02-19T08:06:39.417-08:00",
    "UserRole": null,
    "MarkedAsAnswerDate": null
  },
  {
    "Id": "1028052",
    "ThreadId": "433685",
    "Html": "I donno about a tutorial, but the netmf.codeplex.com site is probably what you want.  I got started with GHI so my first board ran their firmware, then I customized it.  These instructions are old, but they might work for you.  My custom board uses the 100pin STM32F4...<br />\n<ol>\n<li>\nGCC 4.6.3.<br />\n1.a. Download from <a href=\"https://launchpad.net/gcc-arm-embedded/+milestone/4.6-2012-q4-update\" rel=\"nofollow\">https://launchpad.net/gcc-arm-embedded/+milestone/4.6-2012-q4-update</a><br />\n1.b. Run &quot;gcc-arm-none-eabi-4_7-2012q4-20121208-win32.exe&quot; and install to C:\\GNUGCC<br />\n</li>\n<li>\n.NET porting kit v4.3<br />\n2.a. Download from <a href=\"https://netmf.codeplex.com/releases/view/81000\" rel=\"nofollow\">https://netmf.codeplex.com/releases/view/81000</a><br />\n2.b. Install to C:\\MFNETPK\\v4.3<br />\n</li>\n<li>\nInstall Cerberus firmware for NETMF 4.3RTM compiled with GCC + Quadrature encoder feature.<br />\n4.a. Download from <a href=\"http://www.tinyclr.com/codeshare/entry/618\" rel=\"nofollow\">http://www.tinyclr.com/codeshare/entry/618</a><br />\n4.b. Extract <code>ghiopensource-24311.zip</code> to <code>C:\\MFNETPK\\v4.3</code> updating (not overwriting) any files that exist.<br />\n</li>\n<li>\nOpen the command prompt as Admin and type these commands...<br />\n</li>\n</ol>\ncd v4.3<br />\nsetenv_base.cmd GCC 4.6.2 c:\\gnugcc<br />\ncd Solutions\\Fezcerberus<br />\nmsbuild /t:build /p:flavor=release;memory=flash<br />\ncd......<br />\n<br />\n<br />\n<br />\nNow, for deploying the firmware...<br />\n<ol>\n<li>\nInstall the STDFUTester to C:\\STMDFU (find this on Google or something)<br />\n</li>\n<li>\nLaunch the STM utility using this command C:\\STMDFU\\STDFUTester.exe<br />\n</li>\n<li>\nClick the Protocol tab.<br />\n</li>\n<li>\nSelect Erase, click Create from Map then Go<br />\n</li>\n<li>\nSelect Download, click 'Load DFU file', select TinyBooter_4_3_0_0.dfu  (find it under C:\\MFNETPK\\v4.3\\Ready to use) click Go<br />\n</li>\n<li>\nLaunch MFDeploy using this command C:\\Program Files (x86)\\Microsoft .NET Micro Framework\\v4.3\\MFDeploy.exe<br />\n</li>\n<li>\nSelect Browse and open C:\\MFNETPK\\v4.3\\BuildOutput\\THUMB2\\GCC4.6\\le\\FLASH\\release\\FEZCerberus\\bin\\tinyclr.hex then select ER_CONFIG and ER_FLASH<br />\n</li>\n<li>\nClick Deploy<br />\n</li>\n</ol>\n",
    "PostedDate": "2013-04-09T12:36:04.863-07:00",
    "UserRole": null,
    "MarkedAsAnswerDate": null
  }
]