[
  {
    "Id": "926341",
    "ThreadId": "399281",
    "Html": "\r\n<p>hello. i tried setting up spi (on all 3 spi-modules) on the stm32 discovery</p>\r\n<p>but it doesent seem to work.</p>\r\n<p>i used the pinouts that HardwareProvider.HwProvider.GetSpiPins provided.</p>\r\n<p>(i could get uart and i2c to run)</p>\r\n<p>&nbsp;</p>\r\n<p>any ideas?</p>\r\n<p>&nbsp;</p>\r\n<p>greetings</p>\r\n",
    "PostedDate": "2012-10-14T06:24:52.743-07:00",
    "UserRole": null,
    "MarkedAsAnswerDate": null
  },
  {
    "Id": "928365",
    "ThreadId": "399281",
    "Html": "<p>after some tesing:</p>\r\n<p>it looks like the spi clock edge is messed up.</p>\r\n<p>on spi it just works if its false (wich my chip dont likes)</p>\r\n<p>on spi3 its looks like its inverse (my chips workes when in software its set to false, he shouldnt work this way)</p>",
    "PostedDate": "2012-10-17T14:07:30.943-07:00",
    "UserRole": null,
    "MarkedAsAnswerDate": null
  },
  {
    "Id": "928648",
    "ThreadId": "399281",
    "Html": "<p>I'm not expert in porting but I think there is a problem with proper set MSK_IDLE in SPI_CONFIGURATION (file:STM32F4_SPI_functions.cpp) but let's wait for experts.</p>",
    "PostedDate": "2012-10-18T03:07:45.82-07:00",
    "UserRole": null,
    "MarkedAsAnswerDate": null
  }
]