[
  {
    "Id": "928359",
    "ThreadId": "399814",
    "Html": "\r\n<p>I was able to successfully write Tinybooter.hex file in the discovery board using ST-Link. After that I was able to uninstall the device driver and&nbsp;re-installed&nbsp;the board&nbsp;with&nbsp;the driver given in the file named &quot;<a href=\"http://www.codeplex.com/Download?ProjectName=netmf4stm32&DownloadId=471395\">STM32_WinUSB_drivers_(for_evaluation_purposes_only).zip</a>&quot;.\r\n The board showed as &quot;STM32F Test&quot;. But the MFDeploy was unable to see the board. Started in the morning and did every possible combination and stuck right now.</p>\r\n",
    "PostedDate": "2012-10-17T14:02:52.68-07:00",
    "UserRole": null,
    "MarkedAsAnswerDate": null
  },
  {
    "Id": "929108",
    "ThreadId": "399814",
    "Html": "<p>you dont have to uninstall some driver.</p>\r\n<p>when you flashed tinybooter you connect the micro usb port to your pc, than you can install the driver.</p>\r\n<p>you programm the board via the micro usb, the mini is just for flashing the tinybooter</p>",
    "PostedDate": "2012-10-18T17:51:01.913-07:00",
    "UserRole": null,
    "MarkedAsAnswerDate": null
  }
]