[
  {
    "Id": "895991",
    "ThreadId": "390422",
    "Html": "\r\n<p>Hello, I am trying to get .NETMF running on an Discovery4 board. I wasn't able to compile the sources (it always failed), so I downloaded the three .hex files instead. I can upload TinyBooter.hex just fine with ST-Link (latest firmware), but MFDeploy always\r\n fails with &quot;Error: Signature check failed for file ER_FLASH.sig&quot;. I have tried it both under Windows 7 x64 (used black magic to get the USB driver running) and Windows XP and it still gives me the same error. I have tried to sign the files using the commands\r\n in the Target menu, but that gives me errors about missing Crypto.dll, which is nowhere to be found. Any ideas? Lastly, I want to thank you guys for this amazing project, my board was collecting dust for nearly half a year before I found out about you.</p>\r\n<p>Johnyz</p>\r\n",
    "PostedDate": "2012-08-06T05:33:09.6-07:00",
    "UserRole": null,
    "MarkedAsAnswerDate": null
  },
  {
    "Id": "899124",
    "ThreadId": "390422",
    "Html": "<p>I am also experiencing the same issue. I read in another forum to just ignore the error and it will be fine. But that does not happen. Even when I ping the device from MFDeploy, it still says TinyBooter and not TinyCLR as it should.&nbsp;</p>\r\n<p>Visual Studio picks up the device, but when debugging on the device, VS hangs on the deployment part which I am assuming is because the ER_Config and ER_Flash files have not been loaded onto the device.</p>\r\n<p>&nbsp;</p>\r\n<p>Zzykonn</p>",
    "PostedDate": "2012-08-14T07:15:45.243-07:00",
    "UserRole": null,
    "MarkedAsAnswerDate": null
  },
  {
    "Id": "1421560",
    "ThreadId": "390422",
    "Html": "Have you figured out how to solve this problem?<br />\n",
    "PostedDate": "2015-04-29T14:01:41.663-07:00",
    "UserRole": null,
    "MarkedAsAnswerDate": null
  }
]