[
  {
    "Id": "897692",
    "ThreadId": "390905",
    "Html": "\r\n<p>How do you access all the GPIO pins of the STM32F4;</p>\r\n<p>I tried to use the Mountaineer pinout from the mountaineer API reference because it also has an\r\n<em>STM32F407</em> (http://u.jimdo.com/www43/p/se3c6ab1e715754e9/download/m78e022258ddd5cc6/1340007373/Mountaineer.Netmf.Hardware.pdf?px-hash=2a9d1410a596fc3685513bae7748d64d5ef4d635&amp;px-time=1344534797) but it does not work , I get a first change exception\r\n when I try to write to the led:</p>\r\n<p>I declared the led like that:</p>\r\n<p>public const Cpu.Pin LedGreen = (Cpu.Pin)75;</p>\r\n<p>&nbsp;</p>\r\n<p>Is there any VS template with the correct pin declerations (PD15, PH1, etc);</p>\r\n<p>Where can I find a pin assignment&nbsp; map;</p>\r\n",
    "PostedDate": "2012-08-09T11:08:16.863-07:00",
    "UserRole": null,
    "MarkedAsAnswerDate": null
  },
  {
    "Id": "898446",
    "ThreadId": "390905",
    "Html": "\r\n<p>I found it, it was right in front of me!</p>\r\n<p>MicroFrameworkPK_v4_2\\DeviceCode\\Targets\\Native\\STM32F4\\ManagedCode\\Hardware\\CPU.cs</p>\r\n<p>&nbsp;</p>\r\n",
    "PostedDate": "2012-08-11T18:40:34.9-07:00",
    "UserRole": null,
    "MarkedAsAnswerDate": null
  },
  {
    "Id": "898563",
    "ThreadId": "390905",
    "Html": "<p>I'm still missing the assignment for the serial port pins.</p>\r\n<p>&nbsp;</p>\r\n<p>I used GetSerial pins</p>\r\n<p>STM32F4HardwareProvider.HwProvider.GetSerialPins(SerialPorts.COM1, out rx, out tx, out c, out d);<br />&nbsp;&nbsp;&nbsp;&nbsp;&nbsp;&nbsp;&nbsp;&nbsp;&nbsp;&nbsp;&nbsp; Debug.Print(rx.ToString() + \" \" + tx.ToString() + \" \" + c.ToString() + \" \" + d.ToString());<br />&nbsp;&nbsp;&nbsp;&nbsp;&nbsp;&nbsp;&nbsp;&nbsp;&nbsp;&nbsp;&nbsp; STM32F4HardwareProvider.HwProvider.GetSerialPins(SerialPorts.COM2, out rx, out tx, out c, out d);<br />&nbsp;&nbsp;&nbsp;&nbsp;&nbsp;&nbsp;&nbsp;&nbsp;&nbsp;&nbsp;&nbsp; Debug.Print(rx.ToString() + \" \" + tx.ToString() + \" \" + c.ToString() + \" \" + d.ToString());<br />&nbsp;&nbsp;&nbsp;&nbsp;&nbsp;&nbsp;&nbsp;&nbsp;&nbsp;&nbsp;&nbsp; STM32F4HardwareProvider.HwProvider.GetSerialPins(SerialPorts.COM3, out rx, out tx, out c, out d);<br />&nbsp;&nbsp;&nbsp;&nbsp;&nbsp;&nbsp;&nbsp;&nbsp;&nbsp;&nbsp;&nbsp; Debug.Print(rx.ToString() + \" \" + tx.ToString() + \" \" + c.ToString() + \" \" + d.ToString());<br />&nbsp;&nbsp;&nbsp;&nbsp;&nbsp;&nbsp;&nbsp;&nbsp;&nbsp;&nbsp;&nbsp; STM32F4HardwareProvider.HwProvider.GetSerialPins(SerialPorts.COM4, out rx, out tx, out c, out d);<br />&nbsp;&nbsp;&nbsp;&nbsp;&nbsp;&nbsp;&nbsp;&nbsp;&nbsp;&nbsp;&nbsp; Debug.Print(rx.ToString() + \" \" + tx.ToString() + \" \" + c.ToString() + \" \" + d.ToString());<br />&nbsp;&nbsp;&nbsp;&nbsp;&nbsp;&nbsp;&nbsp;&nbsp;&nbsp;&nbsp;&nbsp; STM32F4HardwareProvider.HwProvider.GetSerialPins(SerialPorts.COM5, out rx, out tx, out c, out d);<br />&nbsp;&nbsp;&nbsp;&nbsp;&nbsp;&nbsp;&nbsp;&nbsp;&nbsp;&nbsp;&nbsp; Debug.Print(rx.ToString() + \" \" + tx.ToString() + \" \" + c.ToString() + \" \" + d.ToString());<br />&nbsp;&nbsp;&nbsp;&nbsp;&nbsp;&nbsp;&nbsp;&nbsp;&nbsp;&nbsp;&nbsp; STM32F4HardwareProvider.HwProvider.GetSerialPins(SerialPorts.COM6, out rx, out tx, out c, out d);<br />&nbsp;&nbsp;&nbsp;&nbsp;&nbsp;&nbsp;&nbsp;&nbsp;&nbsp;&nbsp;&nbsp; Debug.Print(rx.ToString() + \" \" + tx.ToString() + \" \" + c.ToString() + \" \" + d.ToString());</p>\r\n<p>&nbsp;</p>\r\n<p>I got the following results:</p>\r\n<p>10 9 11 12<br />3 2 51 1<br />57 56 59 60<br />43 42 -1 -1<br />50 44 -1 -1<br />39 38 -1 -1</p>\r\n<p>&nbsp;</p>\r\n<p>The board pins are like PA1, PD5, etc.</p>\r\n<p>I tried to use the STM32 discovery board manual but I could not find out the correct pinout. For example , the manual says that pin 50 is GND</p>",
    "PostedDate": "2012-08-12T10:18:02.203-07:00",
    "UserRole": null,
    "MarkedAsAnswerDate": null
  },
  {
    "Id": "899044",
    "ThreadId": "390905",
    "Html": "<blockquote style=\"padding-bottom: 0px; font-style: italic; margin: 0.25em 1em 0px; padding-left: 0.25em; padding-right: 0.25em; padding-top: 0px; border: #ccc 0.1em solid;\"><strong>sdim wrote:</strong>\r\n<p>&nbsp;there any VS template with the correct pin declerations (PD15, PH1, etc);</p>\r\n</blockquote>\r\n<p>Note that pins PAxx go from 0 to 15, PBxx go from 16 to 31, PCxx go from 32 to 47, and so on. This numbering&nbsp;is different from the physical pin numbers that you can also find in the data sheets.</p>",
    "PostedDate": "2012-08-14T02:01:09.103-07:00",
    "UserRole": null,
    "MarkedAsAnswerDate": null
  },
  {
    "Id": "899045",
    "ThreadId": "390905",
    "Html": "<blockquote style=\"padding-bottom: 0px; font-style: italic; margin: 0.25em 1em 0px; padding-left: 0.25em; padding-right: 0.25em; padding-top: 0px; border: #ccc 0.1em solid;\"><strong>sdim wrote:</strong><br />\r\n<p>I'm still missing the assignment for the serial port pins.</p>\r\n</blockquote>\r\n<p>COM&lt;n&gt; is mapped to the microcontroller's USART&lt;n&gt;.</p>",
    "PostedDate": "2012-08-14T02:03:55.813-07:00",
    "UserRole": null,
    "MarkedAsAnswerDate": null
  },
  {
    "Id": "900386",
    "ThreadId": "390905",
    "Html": "<p>I have tried to use a few COM pors, as you described,&nbsp;but it did not work.</p>\r\n<p>Maby the device was not compatible with USART, I will try one of the UART ports.</p>",
    "PostedDate": "2012-08-16T23:28:59.977-07:00",
    "UserRole": null,
    "MarkedAsAnswerDate": null
  },
  {
    "Id": "931518",
    "ThreadId": "390905",
    "Html": "<blockquote style=\"padding-bottom: 0px; font-style: italic; margin: 0.25em 1em 0px; padding-left: 0.25em; padding-right: 0.25em; padding-top: 0px; border: #ccc 0.1em solid;\"><strong>sdim wrote:</strong><br />\r\n<p>I have tried to use a few COM pors, as you described,&nbsp;but it did not work.</p>\r\n<p>Maby the device was not compatible with USART, I will try one of the UART ports.</p>\r\n</blockquote>\r\n<p><br />Be careful on 2 important things !</p>\r\n<p>1. The UART is TTL, when RS232 will be -12/+12V signal, so if you want for example to dialog between the Discovery and a PC, you'll have to add a TTL-RS232 converter (based on MAX232) to comply the signal conversion,</p>\r\n<p>2. The HardwareProvider.cs and CPU.cs classes&nbsp;are the best way to use to avoid mismatching the PIN assignements and numbering problems ! You will find them in the NETM PK !</p>",
    "PostedDate": "2012-10-24T01:41:17.063-07:00",
    "UserRole": null,
    "MarkedAsAnswerDate": null
  },
  {
    "Id": "937705",
    "ThreadId": "390905",
    "Html": "<blockquote style=\"padding-bottom: 0px; font-style: italic; margin: 0.25em 1em 0px; padding-left: 0.25em; padding-right: 0.25em; padding-top: 0px; border: #ccc 0.1em solid;\"><strong>sdim wrote:</strong><br />\r\n<p>I have tried to use a few COM pors, as you described,&nbsp;but it did not work.</p>\r\n<p>Maby the device was not compatible with USART, I will try one of the UART ports.</p>\r\n</blockquote>\r\n<p><span style=\"font-size: xx-small;\">\r\n<p>COM1: rx=PA10 tx=PA9 cts=PA11 rts=PA12 1281-5250000bps and non-std speeds<br />COM2: rx=PA3 tx=PA2 cts=PD3 rts=PA1 640-2625000bps and non-std speeds<br />COM3: rx=PD9 tx=PD8 cts=PD11 rts=PD12 640-2625000bps and non-std speeds<br />COM4: rx=PC11 tx=PC10 cts=NC rts=NC 640-2625000bps and non-std speeds<br />COM5: rx=PD2 tx=PC12 cts=NC rts=NC 640-2625000bps and non-std speeds<br />COM6: rx=PC7 tx=PC6 cts=NC rts=NC 1281-5250000bps and non-std speeds</p>\r\n</span></p>\r\n<p>\r\n<p>\r\n<p>\r\n<p>Here are the COM pin mappings and available speeds.&nbsp; I tested&nbsp;transmitting from each serial port at 9600bps, and&nbsp;was successful with COM2, COM3, COM4, and COM6, except COM3 rts=PD12 interferes with the green LED on the stm32f-discovery board.&nbsp; Not sure why COM1 and COM5 didn't work for me.&nbsp; I'll stick with the even ones COM2, 4, 6 for now.</p>\r\n</p>\r\n</p>\r\n</p>",
    "PostedDate": "2012-11-06T23:50:24.967-08:00",
    "UserRole": null,
    "MarkedAsAnswerDate": null
  },
  {
    "Id": "937742",
    "ThreadId": "390905",
    "Html": "<blockquote style=\"padding-bottom: 0px; font-style: italic; margin: 0.25em 1em 0px; padding-left: 0.25em; padding-right: 0.25em; padding-top: 0px; border: #ccc 0.1em solid;\"><strong>davervw wrote:</strong><br />\r\n<blockquote style=\"padding-bottom: 0px; font-style: italic; margin: 0.25em 1em 0px; padding-left: 0.25em; padding-right: 0.25em; padding-top: 0px; border: #ccc 0.1em solid;\"><strong>sdim wrote:</strong><br />\r\n<p>I have tried to use a few COM pors, as you described,&nbsp;but it did not work.</p>\r\n<p>Maby the device was not compatible with USART, I will try one of the UART ports.</p>\r\n</blockquote>\r\n<p><span style=\"font-size: xx-small;\"></span>\r\n<p>&nbsp;</p>\r\n<p>&nbsp;</p>\r\n<p>&nbsp;</p>\r\n<p>&nbsp;</p>\r\n<p>Here are the COM pin mappings and available speeds.&nbsp; I tested&nbsp;transmitting from each serial port at 9600bps, and&nbsp;was successful with COM2, COM3, COM4, and COM6, except COM3 rts=PD12 interferes with the green LED on the stm32f-discovery board.&nbsp; Not sure why COM1 and COM5 didn't work for me.&nbsp; I'll stick with the even ones COM2, 4, 6 for now.</p>\r\n<p>&nbsp;</p>\r\n<p>&nbsp;</p>\r\n<p>&nbsp;</p>\r\n</p>\r\n<p>COM1: rx=PA10 tx=PA9 cts=PA11 rts=PA12 1281-5250000bps and non-std speeds<br />COM2: rx=PA3 tx=PA2 cts=PD3 rts=PA1 640-2625000bps and non-std speeds<br />COM3: rx=PD9 tx=PD8 cts=PD11 rts=PD12 640-2625000bps and non-std speeds<br />COM4: rx=PC11 tx=PC10 cts=NC rts=NC 640-2625000bps and non-std speeds<br />COM5: rx=PD2 tx=PC12 cts=NC rts=NC 640-2625000bps and non-std speeds<br />COM6: rx=PC7 tx=PC6 cts=NC rts=NC 1281-5250000bps and non-std speeds</p>\r\n</blockquote>\r\n<p><br />PA9 to PA12 (COM1) are also used for the USB On the Go, which probably explain the problem you encouter !</p>\r\n<p>For the rest, the use of RTS and CTS is not an absolute necessity in all cases, if you can match with half duplex communication....</p>\r\n<p>&nbsp;</p>",
    "PostedDate": "2012-11-07T00:45:08.907-08:00",
    "UserRole": null,
    "MarkedAsAnswerDate": null
  },
  {
    "Id": "938744",
    "ThreadId": "390905",
    "Html": "<blockquote style=\"padding-bottom: 0px; font-style: italic; margin: 0.25em 1em 0px; padding-left: 0.25em; padding-right: 0.25em; padding-top: 0px; border: #ccc 0.1em solid;\"><strong>LouisCPro wrote:</strong><br />\r\n<p>PA9 to PA12 (COM1) are also used for the USB On the Go, which probably explain the problem you encouter !&nbsp;</p>\r\n</blockquote>\r\n<p>Okay, I see that on the schematic now.&nbsp; That explains COM1 not working.&nbsp;&nbsp;COM5 transmission tx=PC12&nbsp;is working for me now too, not sure why wasn't before.&nbsp;</p>\r\n<blockquote style=\"padding-bottom: 0px; font-style: italic; margin: 0.25em 1em 0px; padding-left: 0.25em; padding-right: 0.25em; padding-top: 0px; border: #ccc 0.1em solid;\"><strong>LouisCPro wrote:</strong><br />\r\n<p>For the rest, the use of RTS and CTS is not an absolute necessity in all cases, if you can match with half duplex communication....</p>\r\n<br /></blockquote>\r\n<div id=\"_mcePaste\" class=\"mcePaste\" style=\"position: absolute; width: 1px; height: 1px; overflow: hidden; top: 0px; left: -10000px;\">﻿</div>\r\n<p><br />The following code gets rid of rts for COM3, but only if performed prior to allocating the OutputPort for the green LED.&nbsp; Timing (order of&nbsp;operation)&nbsp;is important!!!</p>\r\n<pre>port = new SerialPort(\"COM3\", 9600, Parity.None, 8, StopBits.One); <br />port.Handshake = Handshake.None; // turn off CTS/RTS and XON/XOFF <br />port.Open();</pre>",
    "PostedDate": "2012-11-08T12:50:25.993-08:00",
    "UserRole": null,
    "MarkedAsAnswerDate": null
  }
]