[
  {
    "Id": "912474",
    "ThreadId": "395485",
    "Html": "\r\n<p>STM32F4 DIS it can use multithreading ?</p>\r\n",
    "PostedDate": "2012-09-13T20:01:17.033-07:00",
    "UserRole": null,
    "MarkedAsAnswerDate": null
  },
  {
    "Id": "913441",
    "ThreadId": "395485",
    "Html": "<p>I don't know exactly what you mean, but NETMF supports multi-threading for C# code. See e.g. <a href=\"http://blogs.msdn.com/b/netmfteam/archive/2011/02/01/thread-communication-and-synchronization.aspx\">Colin Miller's blog</a>.</p>\r\n<p>The language runtime itself is written in C/C++ and uses cooperative multitasking, on a single thread (plus interrupt handlers).</p>\r\n<p>&nbsp;</p>\r\n<p>﻿﻿</p>",
    "PostedDate": "2012-09-17T01:31:52.957-07:00",
    "UserRole": null,
    "MarkedAsAnswerDate": null
  }
]