[
  {
    "Id": "856032",
    "ThreadId": "361568",
    "Html": "\r\n<p>As object.</p>\r\n<p>Is there any possibility to have a signed version?</p>\r\n<p>&nbsp;</p>\r\n",
    "PostedDate": "2012-07-01T10:06:38.333-07:00",
    "UserRole": null,
    "MarkedAsAnswerDate": null
  },
  {
    "Id": "856652",
    "ThreadId": "361568",
    "Html": "<p>+1. Without a signed version, the driver wouldn't start.</p>\r\n<p>A partial workaround is to disable driver signature checking. Some options are:</p>\r\n<ul>\r\n<li>the F8 boot menu:&nbsp;<a href=\"http://www.thegeekprofessor.com/tips-and-tricks/hacks/windows7/turn-off-driver-signing-enforcement-in-windows-7/\">http://www.thegeekprofessor.com/tips-and-tricks/hacks/windows7/turn-off-driver-signing-enforcement-in-windows-7/</a></li>\r\n<li>gpedit.msc (not included in home premium):&nbsp;<a href=\"http://www.killertechtips.com/2009/05/06/disable-driver-signing-in-windows-7-using-group-policy-editor/\">http://www.killertechtips.com/2009/05/06/disable-driver-signing-in-windows-7-using-group-policy-editor/</a></li>\r\n<li>bcdedit (didn't work for me):&nbsp;<a href=\"http://social.msdn.microsoft.com/Forums/en-US/windowsdeveloperpreviewgeneral/thread/941a4bf5-84d3-4bc3-88c6-96f30b787a3c/\">http://social.msdn.microsoft.com/Forums/en-US/windowsdeveloperpreviewgeneral/thread/941a4bf5-84d3-4bc3-88c6-96f30b787a3c/</a></li>\r\n</ul>\r\n<p>Of these, only F8 worked on my system to allow the driver to get around the signature issue. It still didn't load: I got a \"this driver cannot start (code 10)\" message in Device Manager. I don't know how to fix that.</p>",
    "PostedDate": "2012-07-02T23:23:56.977-07:00",
    "UserRole": null,
    "MarkedAsAnswerDate": null
  },
  {
    "Id": "856658",
    "ThreadId": "361568",
    "Html": "<p>Hi. Using DSEO to make a TEST Signing of the driver and to run windows in TEST MODE is a better workaround that permit to override F8 button on every startup.</p>\r\n<p>You can find DSEO here <a href=\"http://www.ngohq.com/home.php?page=dseo\">http://www.ngohq.com/home.php?page=dseo</a>.</p>\r\n<p>Anyway, all these methods are only workarounds, while having a signed version of the driver will solve every problem.</p>\r\n<p>&nbsp;</p>",
    "PostedDate": "2012-07-03T00:09:12.65-07:00",
    "UserRole": null,
    "MarkedAsAnswerDate": null
  },
  {
    "Id": "860759",
    "ThreadId": "361568",
    "Html": "<p>Hi,</p>\r\n<p>I use Win 7 Home Premium. I used DSEO tool as described but still have STLink TEST unsigned. The MFDeploy doesn't recognize my stm32f4discovery.</p>",
    "PostedDate": "2012-07-12T03:49:43.74-07:00",
    "UserRole": null,
    "MarkedAsAnswerDate": null
  },
  {
    "Id": "861279",
    "ThreadId": "361568",
    "Html": "<p>Make sure to connect both USB connectors of the discovery board to your PC. Use the ST-LINK driver with the mini-B USB connector, and the Test driver with the micro-B connector.</p>",
    "PostedDate": "2012-07-12T07:47:50.677-07:00",
    "UserRole": null,
    "MarkedAsAnswerDate": null
  },
  {
    "Id": "866111",
    "ThreadId": "361568",
    "Html": "\r\n<p>I use DSEO tool, connected both USB to my PC.</p>\r\n<p>Uploaded tinybooter.</p>\r\n<p>Now I have two devices: STMicroelectronics STLink donge and STM32F4 Test. The second device is displayed with yellow icon and properties shows code 52. Unfortunatelly is not working, MFDeploy doesn't recognize my board.</p>\r\n<p>&nbsp;</p>\r\n<p>It's working now! Thanks.</p>\r\n",
    "PostedDate": "2012-07-14T01:42:12.48-07:00",
    "UserRole": null,
    "MarkedAsAnswerDate": null
  },
  {
    "Id": "894307",
    "ThreadId": "361568",
    "Html": "<blockquote style=\"border: solid .1em #ccc; font-style: italic; margin: .25em 1em 0 1em; padding: 0 .25em 0 .25em;\"><strong>slycom wrote:</strong><br />\r\n<p>I use DSEO tool, connected both USB to my PC.</p>\r\n<p>Uploaded tinybooter.</p>\r\n<p>Now I have two devices: STMicroelectronics STLink donge and STM32F4 Test. The second device is displayed with yellow icon and properties shows code 52. Unfortunatelly is not working, MFDeploy doesn't recognize my board.</p>\r\n<p>&nbsp;</p>\r\n<p>It's working now! Thanks.</p>\r\n</blockquote>\r\n<p>How did you get the STM32F4 Test USB drivers to work? I tried on win7 64bit as well as winXP 32bit?</p>",
    "PostedDate": "2012-08-01T12:13:29.157-07:00",
    "UserRole": null,
    "MarkedAsAnswerDate": null
  },
  {
    "Id": "912099",
    "ThreadId": "361568",
    "Html": "<p>Hi,</p>\r\n<p>I'm sorry for late response.&nbsp;</p>\r\n<p>I use DSEO tool, you should restart your PC after sign the driver then connect your STM board to your PC. I tried several times but finally it works!</p>\r\n<p>Don't ask why it sometimes works and sometimes didn't.</p>\r\n<p>regards,</p>\r\n<p>Sylvester</p>",
    "PostedDate": "2012-09-13T02:45:35.9-07:00",
    "UserRole": null,
    "MarkedAsAnswerDate": null
  }
]