[
  {
    "Id": "1109081",
    "ThreadId": "462681",
    "Html": "Is available NETMF for STM32F429I-DISCO? Thanks.<br />\n",
    "PostedDate": "2013-10-18T00:42:06.92-07:00",
    "UserRole": null,
    "MarkedAsAnswerDate": null
  },
  {
    "Id": "1150857",
    "ThreadId": "462681",
    "Html": "Such as release is planned, should become available probably towards the end of Q1 2014, along with the sources of NETMF for STM32 4.3.\r<br />\n<br />\nSee also <a href=\"https://www.ghielectronics.com/community/forum/topic?id=14504\" rel=\"nofollow\">https://www.ghielectronics.com/community/forum/topic?id=14504</a>.<br />\n",
    "PostedDate": "2014-01-08T05:32:57.117-08:00",
    "UserRole": null,
    "MarkedAsAnswerDate": null
  },
  {
    "Id": "1173209",
    "ThreadId": "462681",
    "Html": "I just found it! Not sure how long it has been out, but it seems pretty comprehensive \\o/<br />\n<br />\n[<a href=\"http://www.st.com/web/catalog/tools/FM147/CL1794/SC961/SS1743/PF260087]\" rel=\"nofollow\">http://www.st.com/web/catalog/tools/FM147/CL1794/SC961/SS1743/PF260087]</a><br />\n<br />\nEdit: No sources yet :(<br />\n",
    "PostedDate": "2014-01-17T02:14:32.27-08:00",
    "UserRole": null,
    "MarkedAsAnswerDate": null
  },
  {
    "Id": "1173411",
    "ThreadId": "462681",
    "Html": "Very cool. Thanks for info.<br />\n",
    "PostedDate": "2014-01-17T03:34:06.063-08:00",
    "UserRole": null,
    "MarkedAsAnswerDate": null
  },
  {
    "Id": "1196653",
    "ThreadId": "462681",
    "Html": "Just out of curiosity. Does anyone know if they sources would be released?<br />\n<br />\nThis is super awesome! (Especially for a beginner like me)<br />\n<br />\nThanks, <br />\n-Matt<br />\n",
    "PostedDate": "2014-01-24T18:38:54.603-08:00",
    "UserRole": null,
    "MarkedAsAnswerDate": null
  },
  {
    "Id": "1310428",
    "ThreadId": "462681",
    "Html": "Any update on when/if the source code will be released?\r<br />\n<br />\nReally keen to understand the graphics and SDRAM drivers.\r<br />\n<br />\nThanks\r<br />\nStephen<br />\n",
    "PostedDate": "2014-10-04T01:55:23.63-07:00",
    "UserRole": null,
    "MarkedAsAnswerDate": null
  },
  {
    "Id": "1348951",
    "ThreadId": "462681",
    "Html": "See <a href=\"https://www.ghielectronics.com/community/forum/topic?id=15350&amp;page=4#msg181101\" rel=\"nofollow\">https://www.ghielectronics.com/community/forum/topic?id=15350&page=4#msg181101</a> for more information.<br />\n",
    "PostedDate": "2015-02-04T06:57:28.713-08:00",
    "UserRole": null,
    "MarkedAsAnswerDate": null
  },
  {
    "Id": "1355528",
    "ThreadId": "462681",
    "Html": "Hi,\r<br />\n<br />\nI would be interested in this too. Any update on the release date?\r<br />\n<br />\nThanks!<br />\n",
    "PostedDate": "2015-02-25T01:55:17.233-08:00",
    "UserRole": null,
    "MarkedAsAnswerDate": null
  }
]