[
  {
    "Id": "966395",
    "ThreadId": "414524",
    "Html": "\r\n<p>When do you plan to add this support ?</p>\r\n",
    "PostedDate": "2012-12-21T02:22:38.517-08:00",
    "UserRole": null,
    "MarkedAsAnswerDate": null
  },
  {
    "Id": "980999",
    "ThreadId": "414524",
    "Html": "\r\n<p>Depending on the timing of engineering projects for our customers, it could become Q2 2013. If everything goes well, earlier than that.</p>\r\n",
    "PostedDate": "2012-12-27T13:35:53.197-08:00",
    "UserRole": null,
    "MarkedAsAnswerDate": null
  },
  {
    "Id": "1250823",
    "ThreadId": "414524",
    "Html": "<strong>cuno wrote:</strong><br />\n<blockquote>\nDepending on the timing of engineering projects for our customers, it could become Q2 2013. If everything goes well, earlier than that.<br />\n</blockquote>\nWhere I can found instruction about installing NETMF 4.3 on STM32F4Discovery?<br />\n",
    "PostedDate": "2014-05-29T05:13:06.627-07:00",
    "UserRole": null,
    "MarkedAsAnswerDate": null
  }
]