[
  {
    "Id": "907753",
    "ThreadId": "394195",
    "Html": "\r\n<p>Hi</p>\r\n<p>I've recently got a STM3220G-Eval kit and I'm keen to try get NETMF running on it, but I've got no experience with it and the reading that I've been doing hasn't really led me anywhere. I've downloaded the &quot;<a href=\"http://www.codeplex.com/Download?ProjectName=netmf4stm32&DownloadId=471397\">stm3220geval.zip</a>&quot;\r\n and programmed TinyBooter.hex into the board using the ST-Link utility. But now what? Can I get any output from the device (serial/usb)? Do I then program ER_FLASH.hex or ER_CONFIG.hex onto the board?</p>\r\n<p>And then are there any other steps missing for me to get a simple NETMF app running on the board?</p>\r\n<p>&nbsp;</p>\r\n<p>Any advice will be GREATLY appreciated...</p>\r\n<p>&nbsp;</p>\r\n<p>Thanks!</p>\r\n",
    "PostedDate": "2012-09-03T05:46:43.273-07:00",
    "UserRole": null,
    "MarkedAsAnswerDate": null
  },
  {
    "Id": "908102",
    "ThreadId": "394195",
    "Html": "<p>Further to this, I got the NETMF running on an STM32F4-Discovery. I still can't get MFDeploy to talk to the STM3220G-Eval. Any indication how I'm meant to do that? USB/Serial/Ethernet?</p>\r\n<p>&nbsp;</p>\r\n<p>Thanks</p>",
    "PostedDate": "2012-09-04T01:35:31.517-07:00",
    "UserRole": null,
    "MarkedAsAnswerDate": null
  },
  {
    "Id": "908113",
    "ThreadId": "394195",
    "Html": "<p>A short \"Getting started\" would be great.</p>",
    "PostedDate": "2012-09-04T02:04:56.453-07:00",
    "UserRole": null,
    "MarkedAsAnswerDate": null
  },
  {
    "Id": "908352",
    "ThreadId": "394195",
    "Html": "\r\n<p>Hi guys.</p>\r\n<p>&nbsp;</p>\r\n<p>Ok. Tried and tested. (I also ran into the same scenario at first).</p>\r\n<p>Connect kit via USB OTG to PC.</p>\r\n<p>Make sure you have installed USB Drivers for Windows PCs on&nbsp;<a href=\"http://netmf4stm32.codeplex.com/\">http://netmf4stm32.codeplex.com/</a>.&nbsp;(It is listed on the lower part of the page)</p>\r\n<p>Program TinyBooter.hex using ST-Link Utility.</p>\r\n<p>&nbsp;</p>\r\n<p>Reset the STM3220G-EVAL using Reset button to enable enumeration.</p>\r\n<p>For Windows box: Have a browse at your devices &amp; printers section -&gt; STM32 .Net Test should appear.</p>\r\n<p>Ok, go to&nbsp;C:\\Program Files (x86)\\Microsoft .NET Micro Framework\\v4.2\\Tools\\MFDeploy.exe and execute MFDeploy.</p>\r\n<p>&nbsp;</p>\r\n<p>When pinging the device you should get the following reply:</p>\r\n<p>Pinging...Tiny Booter</p>\r\n<p><strong>TinyBooterBootloader build info: Copyright Oberon microsystems, Inc.</strong></p>\r\n<p><strong><br>\r\n</strong></p>\r\n<p>Then load your ER_Flash and ER_Config and ...&nbsp;ST ARM rocks!</p>\r\n<p>Hope it helps.</p>\r\n<p>Marthinus.</p>\r\n",
    "PostedDate": "2012-09-04T13:33:55.873-07:00",
    "UserRole": null,
    "MarkedAsAnswerDate": null
  },
  {
    "Id": "914224",
    "ThreadId": "394195",
    "Html": "<p>I was able to get the ST-Link Utility to download the tinybooter, but after that MFDeploy saw nothing and there was nothing new under devices and printers (except st-link which was there). I plugged in the other USB (next to the headphone jack) and nothing there either. Did you do anything else? I sure would like to get this working.</p>",
    "PostedDate": "2012-09-18T09:56:11.867-07:00",
    "UserRole": null,
    "MarkedAsAnswerDate": null
  },
  {
    "Id": "914229",
    "ThreadId": "394195",
    "Html": "\r\n<p>I tried it again, this time I erased the device first&nbsp;and now, with the USB next to the headphone&nbsp;jack plugged into the pc, &nbsp;I see the STM32 .Net Test (under devices), but no joy pinging it from MFDeploy.</p>\r\n",
    "PostedDate": "2012-09-18T10:09:04.987-07:00",
    "UserRole": null,
    "MarkedAsAnswerDate": null
  },
  {
    "Id": "919046",
    "ThreadId": "394195",
    "Html": "<p>Same issue on my end.&nbsp; I'm seeing \"STM32 .Net Test\" in device manager, but when I bring up MFDeploy, I'm not finding the device.</p>",
    "PostedDate": "2012-09-28T08:47:25.793-07:00",
    "UserRole": null,
    "MarkedAsAnswerDate": null
  }
]