[
  {
    "Id": "940719",
    "ThreadId": "402970",
    "Html": "\r\n<p>Nowhere I cant find a scheme. Help me pls.</p>\r\n<p>Does NetMF an autodetection (enumeration) of network adaptors ?</p>\r\n",
    "PostedDate": "2012-11-12T22:18:13.3-08:00",
    "UserRole": null,
    "MarkedAsAnswerDate": null
  },
  {
    "Id": "1007294",
    "ThreadId": "402970",
    "Html": "You should check the netduino, this  stm32 device uses the enc28j60\r<br />\nit's firmware source code is free. also the scematics of the device how to connect.\r<br />\nit uses SPI.<br />\n",
    "PostedDate": "2013-02-26T16:22:17.08-08:00",
    "UserRole": null,
    "MarkedAsAnswerDate": null
  }
]