[
  {
    "Id": "839524",
    "ThreadId": "356737",
    "Html": "\r\n<p>Hello!</p>\r\n<p>I have problem with flashing a board via the ST-LINK utility. The board is STM32F4-Discovery. I made upgrade of ST-LINK utility&nbsp;to version 2.2.6 and erased chip. I downloaded hex file to MCU (Tinybooter.hex) but after reset nothing is happening.<br>\r\nAny idea what could be wrong?</p>\r\n",
    "PostedDate": "2012-05-22T10:58:08.31-07:00",
    "UserRole": null,
    "MarkedAsAnswerDate": null
  },
  {
    "Id": "839968",
    "ThreadId": "356737",
    "Html": "<p>Hi hus</p>\r\n<p>This looks like issue 1, please see <a href=\"http://netmf4stm32.codeplex.com/workitem/1\">http://netmf4stm32.codeplex.com/workitem/1</a></p>",
    "PostedDate": "2012-05-23T08:55:56.177-07:00",
    "UserRole": null,
    "MarkedAsAnswerDate": null
  },
  {
    "Id": "850266",
    "ThreadId": "356737",
    "Html": "<p>Unfortunately I can't communicate with my STM32F4 Discovery board. I upgraded ST-LINK and I'm able flash the board but MFDeploy doesn't see my new device. The Win x64 also doesn't see that any new device has been attached to the computer.&nbsp;</p>",
    "PostedDate": "2012-06-18T04:25:41.197-07:00",
    "UserRole": null,
    "MarkedAsAnswerDate": null
  },
  {
    "Id": "859366",
    "ThreadId": "356737",
    "Html": "<p>I have the same issue on both Win 7 x64 and Win XP x32.</p>\r\n<p>Can connect to Discovery board with ST -LINK and flash TinyBooter.hex into the device but pressing reset or re-attaching the USB cable does not cause windows to see a different device and ask for drivers. This is not the same as issue 1 as I am using the latest version of ST-LINK v2.3.0.</p>\r\n<p>Has anybody have any thoughts ?</p>\r\n<p>Andy</p>",
    "PostedDate": "2012-07-09T14:14:14.507-07:00",
    "UserRole": null,
    "MarkedAsAnswerDate": null
  },
  {
    "Id": "859748",
    "ThreadId": "356737",
    "Html": "<p>Hi</p>\r\n<p>TinyBooter.hex should be loaded via st-link, then connect discovery board to pc via usb micro (not st-link) and install usb drivers (Not working under Win7x64 - perefect Win XP Mode). Use MFDeploy and upload rest of the hex files.</p>\r\n<p>&nbsp;</p>\r\n<p>Micart</p>",
    "PostedDate": "2012-07-10T09:22:34.79-07:00",
    "UserRole": null,
    "MarkedAsAnswerDate": null
  },
  {
    "Id": "859943",
    "ThreadId": "356737",
    "Html": "<p>Hi,</p>\r\n<p>Your steps worked perfectly - thanks :-)</p>\r\n<p>Andy</p>",
    "PostedDate": "2012-07-10T13:44:28.22-07:00",
    "UserRole": null,
    "MarkedAsAnswerDate": null
  }
]