[
  {
    "Id": "1250819",
    "ThreadId": "546906",
    "Html": "I have installed on this board NETMF 4.2 by this instruction\r<br />\n<a href=\"http://singularengineer.com/stm32f4-discovery-board-running-net-microframework/\" rel=\"nofollow\">http://singularengineer.com/stm32f4-discovery-board-running-net-microframework/</a>\r<br />\nIt's work excellent.\r<br />\n<br />\nBut not work several necessary function, for example - OneWire.\r<br />\n<br />\nAlso, on this site I found info about NETMF 4.3 for STM32F4Discovery with several new abilities (with OneWire).\r<br />\n<br />\nCan I install Mountaineer NETMF 4.3 on my STM32F4Discovery? How I do this?<br />\n",
    "PostedDate": "2014-05-29T05:02:18.313-07:00",
    "UserRole": null,
    "MarkedAsAnswerDate": null
  },
  {
    "Id": "1254634",
    "ThreadId": "546906",
    "Html": "Here is some info about installing NETMF on STM32F4Discovery.\r<br />\n<a href=\"http://averin.net/Home/XContent?x=stm32f4_netmf\" rel=\"nofollow\">http://averin.net/Home/XContent?x=stm32f4_netmf</a>\r<br />\n<br />\nHere is binary files of NETMF 4.3 for STM32F4Discovery.\r<br />\n<a href=\"http://www.averin.net/download/stm32/hex_4_3_cd.zip\" rel=\"nofollow\">http://www.averin.net/download/stm32/hex_4_3_cd.zip</a><br />\n",
    "PostedDate": "2014-06-09T21:47:40.9-07:00",
    "UserRole": null,
    "MarkedAsAnswerDate": null
  }
]