[
  {
    "Id": "356737",
    "Title": "Problem with flashing STM32F4-Discovery",
    "LatestDate": "2012-07-10T13:44:28.22-07:00"
  },
  {
    "Id": "360803",
    "Title": "Problem with connect SD Card",
    "LatestDate": "2012-06-28T07:28:52.503-07:00"
  },
  {
    "Id": "361568",
    "Title": "STM32_usb_Driver is unsigned. Can't load it on W7/64bit home premium",
    "LatestDate": "2012-09-13T02:45:35.9-07:00"
  },
  {
    "Id": "361965",
    "Title": "STM32 Discovery USB Driver",
    "LatestDate": "2012-07-09T03:26:26.94-07:00"
  },
  {
    "Id": "371705",
    "Title": "InterruptPort problem",
    "LatestDate": "2012-07-21T14:50:11.523-07:00"
  },
  {
    "Id": "383085",
    "Title": "PWM",
    "LatestDate": "2012-07-21T14:52:24.09-07:00"
  },
  {
    "Id": "390422",
    "Title": "MFDeploy: Signature check failed",
    "LatestDate": "2015-04-29T14:01:41.663-07:00"
  },
  {
    "Id": "390905",
    "Title": "Serialport / GPIO pins",
    "LatestDate": "2012-11-08T12:50:25.993-08:00"
  },
  {
    "Id": "394195",
    "Title": "A basic How-To-Get-Started??",
    "LatestDate": "2012-09-28T08:47:25.793-07:00"
  },
  {
    "Id": "395485",
    "Title": "Using Thread",
    "LatestDate": "2012-09-17T01:31:52.957-07:00"
  },
  {
    "Id": "398008",
    "Title": "Available flash memory",
    "LatestDate": "2012-10-04T03:50:41.4-07:00"
  },
  {
    "Id": "399281",
    "Title": "STM32F4 Discovery SPI Problems",
    "LatestDate": "2012-10-18T03:07:45.82-07:00"
  },
  {
    "Id": "399814",
    "Title": "STM32F4 Discovery board ",
    "LatestDate": "2012-10-18T17:51:01.913-07:00"
  },
  {
    "Id": "400018",
    "Title": "Problem with deploy the application",
    "LatestDate": "2013-02-27T03:17:20.377-08:00"
  },
  {
    "Id": "400022",
    "Title": "How to convert VS2010 C# app.exe -> *.hex; *.nmf ?",
    "LatestDate": "2012-10-24T01:33:09.027-07:00"
  },
  {
    "Id": "400293",
    "Title": "NETMF 4.2 Deployment Tutorial for the STM32F4DISCOVERY, STEP BY STEP",
    "LatestDate": "2014-01-02T00:51:52.573-08:00"
  },
  {
    "Id": "400616",
    "Title": "PC not detect the USB port of a stm32f4discovery",
    "LatestDate": "2012-11-07T02:28:13.463-08:00"
  },
  {
    "Id": "400653",
    "Title": "Demistify the Complexity of AnalogInput assignements in NETMF, when porting to a Device",
    "LatestDate": "2012-10-24T09:49:59.953-07:00"
  },
  {
    "Id": "401621",
    "Title": "Debug messages",
    "LatestDate": "2012-11-07T00:33:03.09-08:00"
  },
  {
    "Id": "402573",
    "Title": "Is CAN bus supported?",
    "LatestDate": "2012-11-12T07:12:01.153-08:00"
  },
  {
    "Id": "402970",
    "Title": "how to connect enc28j60-h to stm32f4discovery ?",
    "LatestDate": "2013-02-26T16:22:17.08-08:00"
  },
  {
    "Id": "414524",
    "Title": "support for Keil 4.6 and .netmf 4.3",
    "LatestDate": "2014-05-29T05:13:06.627-07:00"
  },
  {
    "Id": "428067",
    "Title": "toolchain problem",
    "LatestDate": "2012-12-30T16:06:16.207-08:00"
  },
  {
    "Id": "428366",
    "Title": "SPI on STM32F4 Discovery",
    "LatestDate": "2013-02-06T11:50:48.66-08:00"
  },
  {
    "Id": "428510",
    "Title": "MFDeploy doesn't see my device. Help!",
    "LatestDate": "2015-04-29T13:52:54.167-07:00"
  },
  {
    "Id": "432242",
    "Title": "About those compiler options...",
    "LatestDate": "2013-04-10T01:26:55.013-07:00"
  },
  {
    "Id": "433276",
    "Title": "Reg. USB Mass stroage ",
    "LatestDate": "2013-02-15T06:18:27.143-08:00"
  },
  {
    "Id": "433685",
    "Title": "STM32F407IGT6 ",
    "LatestDate": "2013-04-09T12:36:04.863-07:00"
  },
  {
    "Id": "434323",
    "Title": "How use STM32F4-Discovery devices in C# ?",
    "LatestDate": "2013-02-28T01:42:07.32-08:00"
  },
  {
    "Id": "434669",
    "Title": "Debugging Connection with stm32F4 problem",
    "LatestDate": "2013-03-19T08:42:06.883-07:00"
  },
  {
    "Id": "434720",
    "Title": "I2C(1) LQFP100 pin out ( platform_selector.h  )",
    "LatestDate": "2013-04-10T03:02:15.637-07:00"
  },
  {
    "Id": "440041",
    "Title": "Watchdog and PowerState",
    "LatestDate": "2013-04-14T04:29:43.617-07:00"
  },
  {
    "Id": "441659",
    "Title": "Discovery board doesn't responsive",
    "LatestDate": "2013-04-26T07:37:21.303-07:00"
  },
  {
    "Id": "452839",
    "Title": "Using enc28j60 module",
    "LatestDate": "2014-05-23T06:26:42.777-07:00"
  },
  {
    "Id": "462641",
    "Title": "use of the LIS302DL on Discovery board",
    "LatestDate": "2013-10-29T02:58:04.157-07:00"
  },
  {
    "Id": "462681",
    "Title": "STM32F429I-DISCO",
    "LatestDate": "2015-02-25T01:55:17.233-08:00"
  },
  {
    "Id": "465377",
    "Title": "So silent here. Maybe is there other forum for this porting kit?",
    "LatestDate": "2014-01-08T05:33:38.567-08:00"
  },
  {
    "Id": "473804",
    "Title": "Different tinybooter.hex for STM32F429?",
    "LatestDate": "2013-12-14T22:45:21.85-08:00"
  },
  {
    "Id": "531108",
    "Title": "Can't program STM32F4 after installing NETMF and program with c#",
    "LatestDate": "2014-02-10T00:18:34.577-08:00"
  },
  {
    "Id": "539426",
    "Title": "LCD orientation on the STM32F429IDiscovery",
    "LatestDate": "2014-03-18T18:00:07.337-07:00"
  },
  {
    "Id": "546906",
    "Title": "Can I install Mountaineer NETMF 4.3 on STM32F4Discovery?",
    "LatestDate": "2014-06-09T21:47:40.9-07:00"
  },
  {
    "Id": "577854",
    "Title": "NetMF 4.3",
    "LatestDate": "2015-02-04T06:48:40.373-08:00"
  }
]