[
  {
    "Id": "1108945",
    "ThreadId": "462641",
    "Html": "I am very new to embedded systems.  I want to gain experience in the use of SPI in the .netmf and have been trying to communicate to the LIS302DL.  I am not convinced the SPI interface is working.\r<br />\n<br />\nCan anyone provide some insight on this?  <br />\n",
    "PostedDate": "2013-10-17T12:38:59.983-07:00",
    "UserRole": null,
    "MarkedAsAnswerDate": null
  },
  {
    "Id": "1113548",
    "ThreadId": "462641",
    "Html": "Here is simply driver for LIS302DL. It works. :)\r<br />\n<br />\n<a href=\"https://www.ghielectronics.com/community/codeshare/entry/436\" rel=\"nofollow\">https://www.ghielectronics.com/community/codeshare/entry/436</a>\r<br />\n<br />\nRegards<br />\n",
    "PostedDate": "2013-10-29T02:58:04.157-07:00",
    "UserRole": null,
    "MarkedAsAnswerDate": null
  }
]