[
  {
    "Id": "853170",
    "ThreadId": "360803",
    "Html": "\r\n<p>I can't connect SD Card use SPI in STM32F4</p>\r\n",
    "PostedDate": "2012-06-25T04:53:26.13-07:00",
    "UserRole": null,
    "MarkedAsAnswerDate": null
  },
  {
    "Id": "853861",
    "ThreadId": "360803",
    "Html": "<p>There is no driver for SD Cards.</p>",
    "PostedDate": "2012-06-26T08:19:25.173-07:00",
    "UserRole": null,
    "MarkedAsAnswerDate": null
  },
  {
    "Id": "853874",
    "ThreadId": "360803",
    "Html": "<p>it not support sd card....?</p>",
    "PostedDate": "2012-06-26T08:41:29.193-07:00",
    "UserRole": null,
    "MarkedAsAnswerDate": null
  },
  {
    "Id": "854134",
    "ThreadId": "360803",
    "Html": "<blockquote style=\"border: solid .1em #ccc; font-style: italic; margin: .25em 1em 0 1em; padding: 0 .25em 0 .25em;\"><strong>cuno wrote:</strong><br />\r\n<p>There is no driver for SD Cards.</p>\r\n</blockquote>\r\n<p>cuno you mean The STM32F4DIS it not support sd card...?</p>",
    "PostedDate": "2012-06-26T19:32:50.25-07:00",
    "UserRole": null,
    "MarkedAsAnswerDate": null
  },
  {
    "Id": "855024",
    "ThreadId": "360803",
    "Html": "<blockquote style=\"padding-bottom: 0px; font-style: italic; margin: 0.25em 1em 0px; padding-left: 0.25em; padding-right: 0.25em; padding-top: 0px; border: #ccc 0.1em solid;\"><strong>Annix wrote:</strong><br />\r\n<blockquote style=\"padding-bottom: 0px; font-style: italic; margin: 0.25em 1em 0px; padding-left: 0.25em; padding-right: 0.25em; padding-top: 0px; border: #ccc 0.1em solid;\"><strong>cuno wrote:</strong><br />\r\n<p>There is no driver for SD Cards.</p>\r\n</blockquote>\r\n<p>cuno you mean The STM32F4DIS it not support sd card...?</p>\r\n</blockquote>\r\n<p><br />As our <a href=\"http://www.mountaineer.org/\">Mountaineer</a>&nbsp;boards have no \"F\" type Gadgeteer socket, which is the socket for SD Cards, we had no need to develop such a driver.</p>",
    "PostedDate": "2012-06-28T07:28:52.503-07:00",
    "UserRole": null,
    "MarkedAsAnswerDate": null
  }
]