[
  {
    "Id": "931679",
    "ThreadId": "400616",
    "Html": "\r\n<p>I take an example from http://guruce.com/blogpost/communicating-with-your-microframework-application-over-usb it works (I check it in debuger) but PC not find a new device. What could be causing this ? Whether stm32f4discovery can work simultaneously under\r\n the bootloader and as usb device ?</p>\r\n<div id=\"_mcePaste\" style=\"left:-10000px; top:0px; width:1px; height:1px; overflow-x:hidden; overflow-y:hidden\">\r\n</div>\r\n",
    "PostedDate": "2012-10-24T06:02:23.07-07:00",
    "UserRole": null,
    "MarkedAsAnswerDate": null
  },
  {
    "Id": "935120",
    "ThreadId": "400616",
    "Html": "\r\n<p>Hyperterminal cant open (virtual) COM port. Pls,&nbsp;advise something to fix it</p>\r\n<pre>using System;\nusing System.Text;\nusing Microsoft.SPOT;\nusing Microsoft.SPOT.Hardware.UsbClient;\n\nnamespace MFConsoleApplication1\n{\n\tpublic class Program\n\t{\n\t\tprivate const int WRITE_EP = 0x01;\n\t\tprivate const int READ_EP = 0x02;\n\t\tprivate const int CTRL_EP = 0x03;\n\n\t\tstatic Microsoft.SPOT.Hardware.OutputPort mGreenLed = new Microsoft.SPOT.Hardware.OutputPort((Microsoft.SPOT.Hardware.Cpu.Pin)60, false);\n\t\tstatic Microsoft.SPOT.Hardware.OutputPort mOrangeLed = new Microsoft.SPOT.Hardware.OutputPort((Microsoft.SPOT.Hardware.Cpu.Pin)61, false);\n\t\tstatic Microsoft.SPOT.Hardware.OutputPort mRedLed = new Microsoft.SPOT.Hardware.OutputPort((Microsoft.SPOT.Hardware.Cpu.Pin)62, false);\n\t\tstatic Microsoft.SPOT.Hardware.OutputPort mBlueLed = new Microsoft.SPOT.Hardware.OutputPort((Microsoft.SPOT.Hardware.Cpu.Pin)63, false);\n\n\t\tstatic Microsoft.SPOT.Hardware.InputPort mUserButton = new Microsoft.SPOT.Hardware.InputPort(Microsoft.SPOT.Hardware.STM32.Pins.GPIO_PIN_A_\n0, true, Microsoft.SPOT.Hardware.Port.ResistorMode.PullUp);\n\n\t\tpublic static void Main()\n\t\t{\n\t\t\tmGreenLed.Write(true);\n\n\t\t\ttry\n\t\t\t{\n\t\t\t\t// See if the hardware supports USB\n\t\t\t\tUsbController[] controllers = UsbController.GetControllers();\n\n\t\t\t\t// Bail out if USB is not supported on this hardware!\n\t\t\t\tif (0 == controllers.Length)\n\t\t\t\t\tthrow new SystemException(&quot;USB is not supported on this hardware!&quot;);\n\n\t\t\t\t// Find a free USB controller\n\t\t\t\tUsbController usbController = null;\n\t\t\t\tforeach (UsbController controller in controllers)\n\t\t\t\t{\n\t\t\t\t\tusbController = controller;\n\t\t\t\t\tif (UsbController.PortState.Stopped == controller.Status)\n\t\t\t\t\t\tbreak;\n\t\t\t\t}\n\n\t\t\t\t// If no free USB controller\n\t\t\t\tif (null == usbController)\n\t\t\t\t\tthrow new System.Exception(&quot;All available USB controllers already in use. Set the device to use Ethernet or Serial debugging.&quot;);\n\n\t\t\t\tmBlueLed.Write(true);\n\t\t\t\t// Configure the USB controller\n\t\t\t\tif (!ConfigureUSBController(usbController))\n\t\t\t\t\tthrow new System.Exception(&quot;USB stream could not be created, error &quot; &#43; usbController.ConfigurationError.ToString());\n\t\t\t\tusing (UsbStream usbDataStream = usbController.CreateUsbStream(WRITE_EP, READ_EP))\n\t\t\t\tusing (UsbStream usbControlStream = usbController.CreateUsbStream(Microsoft.SPOT.Hardware.UsbClient.UsbStream.NullEn\ndpoint, CTRL_EP))\n\t\t\t\t{\n\t\t\t\t// Start our communication loop\n\t\t\t\t\tUSBLoop(usbControlStream, usbDataStream);\n\t\t\t\t//usbDataStream.Close();\n\t\t\t\t}\n\t\t\t}\n\t\t\tcatch (System.Exception aException)\n\t\t\t{\n\t\t\t\tmRedLed.Write(true);\n\t\t\t\tDebug.Print(aException.Message);\n\t\t\t}\n\t\t}\n\n\t\tstatic void USBLoop(UsbStream aCtrlStream, UsbStream aDataStream)\n\t\t{\n\t\t\tbyte[] vDatas = new byte[100];\n\t\t\tbyte[] vCtrls = new byte[100];\n\t\t\tfor (;; )\n\t\t\t{\n\t\t\t\tint dataRead = aDataStream.Read(vDatas, 0, vDatas.Length);\n\t\t\t\tint ctrlRead = aCtrlStream.Read(vCtrls, 0, vCtrls.Length);\n\t\t\t\tif (dataRead &gt; 0)\n\t\t\t\t{   // echo back!\n\t\t\t\t\taDataStream.Write(vDatas, 0, dataRead);\n\t\t\t\t}\n\t\t\t}\n\t\t}\n\n\t\tprivate static bool ConfigureUSBController(UsbController usbController)\n\t\t{\n/*\nDevice Descriptor:\n  bLength\t\t\t\t18\n  bDescriptorType\t\t 1\n  bcdUSB\t\t\t   2.00\n  bDeviceClass\t\t\t2 Communications\n  bDeviceSubClass\t\t 0 \n  bDeviceProtocol\t\t 0 \n  bMaxPacketSize0\t\t 8\n  idVendor\t\t   0x04d8 Microchip Technology, Inc.\n  idProduct\t\t  0x000a \n  bcdDevice\t\t\t0.01\n  iManufacturer\t\t   1 \n  iProduct\t\t\t\t2 \n  iSerial\t\t\t\t 0 \n  bNumConfigurations\t  1\n*/\n\t\t\t// Create the device descriptor\n\t\t\tConfiguration.DeviceDescriptor device = new Configuration.DeviceDescriptor(0x0000, 0x0131, 0x0000);\n\n\t\t\tdevice.bcdUSB = 0x110;\n\t\t\tdevice.bDeviceClass = 0x02;\t // Vendor defined class\n\t\t\tdevice.bDeviceSubClass = 0x00;\t // Vendor defined subclass\n\t\t\tdevice.bDeviceProtocol = 0x00;\n\t\t\tdevice.bMaxPacketSize0 = 8;\t\t// Maximum packet size of EP0\n\t\t\tdevice.iManufacturer = 1;\t\t// String #1 is manufacturer name (see string descriptors below)\n\t\t\tdevice.iProduct = 2;\t\t// String #2 is product name\n\t\t\tdevice.iSerialNumber = 3;\t\t// String #3 is the serial number\n\n/*\n\tInterface Descriptor:\n\t  bLength\t\t\t\t 9\n\t  bDescriptorType\t\t 4\n\t  bInterfaceNumber\t\t0\n\t  bAlternateSetting\t   0\n\t  bNumEndpoints\t\t   1\n\t  bInterfaceClass\t\t 2 Communications\n\t  bInterfaceSubClass\t  2 Abstract (modem)\n\t  bInterfaceProtocol\t  1 AT-commands (v.25ter)\n\t  iInterface\t\t\t  0 \n\t  CDC Header:\n\t\tbcdCDC\t\t\t   1.10\n\t  CDC ACM:\n\t\tbmCapabilities\t   0x02\n\t\t  line coding and serial state\n\t  CDC Union:\n\t\tbMasterInterface\t\t0\n\t\tbSlaveInterface\t\t 1 \n\t  CDC Call Management:\n\t\tbmCapabilities\t   0x00\n\t\tbDataInterface\t\t  1\n\t  Endpoint Descriptor:\n\t\tbLength\t\t\t\t 7\n\t\tbDescriptorType\t\t 5\n\t\tbEndpointAddress\t 0x82  EP 2 IN\n\t\tbmAttributes\t\t\t3\n\t\t  Transfer Type\t\t\tInterrupt\n\t\t  Synch Type\t\t\t   None\n\t\t  Usage Type\t\t\t   Data\n\t\twMaxPacketSize\t 0x0008  1x 8 bytes\n\t\tbInterval\t\t\t   2\n*/\n\t\t\tConfiguration.Endpoint ctrlEP = new Configuration.Endpoint(CTRL_EP, Configuration.Endpoint.ATTRIB_Interrupt | Configuration.Endpoint.ATTRIB_Read);\n\t\t\tctrlEP.wMaxPacketSize = 8;\n\t\t\tctrlEP.bInterval = 2;\n\n\t\t\tConfiguration.Endpoint[] usbCtrlEndpoints = new Configuration.Endpoint[] { ctrlEP };\n\n\t\t\t\t\t\t// Set up the USB interface\n\t\t\tConfiguration.UsbInterface usbCtrlInterface = new Configuration.UsbInterface(0, usbCtrlEndpoints);\n\t\t\tusbCtrlInterface.bInterfaceClass = 0x02; // Communications\n\t\t\tusbCtrlInterface.bInterfaceSubClass = 0x02; // Abstract (modem)\n\t\t\tusbCtrlInterface.bInterfaceProtocol = 0x01; // \n\n/*\n\tInterface Descriptor:\n\t  bLength\t\t\t\t 9\n\t  bDescriptorType\t\t 4\n\t  bInterfaceNumber\t\t1\n\t  bAlternateSetting\t   0\n\t  bNumEndpoints\t\t   2\n\t  bInterfaceClass\t\t10 CDC Data\n\t  bInterfaceSubClass\t  0 Unused\n\t  bInterfaceProtocol\t  0 \n\t  iInterface\t\t\t  0 \n\t  Endpoint Descriptor:\n\t\tbLength\t\t\t\t 7\n\t\tbDescriptorType\t\t 5\n\t\tbEndpointAddress\t 0x03  EP 3 OUT\n\t\tbmAttributes\t\t\t2\n\t\t  Transfer Type\t\t\tBulk\n\t\t  Synch Type\t\t\t   None\n\t\t  Usage Type\t\t\t   Data\n\t\twMaxPacketSize\t 0x0040  1x 64 bytes\n\t\tbInterval\t\t\t   0\n\t  Endpoint Descriptor:\n\t\tbLength\t\t\t\t 7\n\t\tbDescriptorType\t\t 5\n\t\tbEndpointAddress\t 0x83  EP 3 IN\n\t\tbmAttributes\t\t\t2\n\t\t  Transfer Type\t\t\tBulk\n\t\t  Synch Type\t\t\t   None\n\t\t  Usage Type\t\t\t   Data\n\t\twMaxPacketSize\t 0x0040  1x 64 bytes\n\t\tbInterval\t\t\t   0\n*/\n\t\t\t// Create the endpoints\n\t\t\tConfiguration.Endpoint writeEP = new Configuration.Endpoint(WRITE_EP, Configuration.Endpoint.ATTRIB_Bulk | Configuration.Endpoint.ATTRIB_Write);\n\t\t\twriteEP.wMaxPacketSize = 64;\n\t\t\twriteEP.bInterval = 0;\n\n\t\t\tConfiguration.Endpoint readEP = new Configuration.Endpoint(READ_EP, Configuration.Endpoint.ATTRIB_Bulk | Configuration.Endpoint.ATTRIB_Read);\n\t\t\treadEP.wMaxPacketSize = 64;\n\t\t\treadEP.bInterval = 0;\n\n\t\t\tConfiguration.Endpoint[] usbDataEndpoints = new Configuration.Endpoint[] { writeEP, readEP };\n\n\n\t\t\tConfiguration.UsbInterface usbDataInterface = new Configuration.UsbInterface(1, usbDataEndpoints);\n// ???\n\t\t\tusbDataInterface.bInterfaceClass = 10; // CDC Data\n\t\t\tusbDataInterface.bInterfaceSubClass = 0x00; // Unused\n\t\t\tusbDataInterface.bInterfaceProtocol = 0x00; // \n\n\t\t\t// Create array of USB interfaces\n\t\t\tConfiguration.UsbInterface[] usbInterfaces = new Configuration.UsbInterface[] { usbCtrlInterface, usbDataInterface };\n\n\t\t\t// Create configuration descriptor\n\t\t\tConfiguration.ConfigurationDescriptor config = new Configuration.ConfigurationDescriptor(0, usbInterfaces);\n\t\t\tconfig.bmAttributes = 0xC0; // self powered\n\n\t\t\t// Create the string descriptors\n\t\t\tConfiguration.StringDescriptor manufacturerName = new Configuration.StringDescriptor(1, &quot;POSUA&quot;);\n\t\t\tConfiguration.StringDescriptor productName = new Configuration.StringDescriptor(2, &quot;POSUA LPOS-II-VFD USB CDC&quot;);\n\t\t\tConfiguration.StringDescriptor serialNumber = new Configuration.StringDescriptor(3, &quot;0000-0000-0000-0001&quot;);\n\t\t\tConfiguration.StringDescriptor displayName = new Configuration.StringDescriptor(4, &quot;POSUA LPOS-II-VFD USB CDC Driver&quot;);\n\t\t\tConfiguration.StringDescriptor friendlyName = new Configuration.StringDescriptor(5, &quot;POSUA_USB_CDC&quot;);\n\n\t\t\t// Create the final configuration\n\t\t\tConfiguration configuration = new Configuration();\n\t\t\tconfiguration.descriptors = new Configuration.Descriptor[]\n\t\t\t{\n\t\t\t\tdevice,\n\t\t\t\tconfig,\n\t\t\t\tmanufacturerName,\n\t\t\t\tproductName,\n\t\t\t\tserialNumber,\n\t\t\t\tdisplayName,\n\t\t\t\tfriendlyName\n\t\t\t};\n\n\t\t\tusbController.Configuration = configuration;\n\t\t\treturn usbController.Start();\n\t\t}\n\t}\n}</pre>\r\n",
    "PostedDate": "2012-10-31T21:34:50.313-07:00",
    "UserRole": null,
    "MarkedAsAnswerDate": null
  },
  {
    "Id": "937713",
    "ThreadId": "400616",
    "Html": "<blockquote style=\"padding-bottom: 0px; font-style: italic; margin: 0.25em 1em 0px; padding-left: 0.25em; padding-right: 0.25em; padding-top: 0px; border: #ccc 0.1em solid;\"><strong>VShaclein wrote:</strong><br />\r\n<p>Hyperterminal cant open (virtual) COM port. Pls,&nbsp;advise something to fix it</p>\r\n</blockquote>\r\n<p>Note that the stm32f4 cpu has&nbsp;two USB ports including a&nbsp;high speed&nbsp;USB port that is not broken out to a socket (only pins) on the stm32f4discovery board, the stlink/v2 mini-USB port doesn't count because that's a different CPU, and the netmf full speed micro-USB port isn't available because that is dedicated for deploying and debugging.&nbsp; You may have better luck if you wire another USB port to PB14 (D-, OTG_HS_DMUSART), PB15 (D+, OTG_HS_DPUSART), and GND.&nbsp; But I haven't tried your code myself.</p>",
    "PostedDate": "2012-11-07T00:05:55.693-08:00",
    "UserRole": null,
    "MarkedAsAnswerDate": null
  },
  {
    "Id": "937805",
    "ThreadId": "400616",
    "Html": "<p>Yes, it is right. I run an example in bulk user mode with 2 endpoints properly, but cant find an example or write a code of a standard cdc device to run it properly. Possible, an error is caused by using the usb port #0 and a collision with the bootloader.</p>",
    "PostedDate": "2012-11-07T02:28:13.463-08:00",
    "UserRole": null,
    "MarkedAsAnswerDate": null
  }
]