[
  {
    "Id": "1007500",
    "ThreadId": "434669",
    "Html": "I have the stm32f4 discovery running with the firmware and netmf.\r<br />\ndeploy of a projects works fine.\r<br />\n<br />\nafter the project is deployed and started,\r<br />\nthe debug connection with VS2010 is lost.\r<br />\nwhile the new program runs.\r<br />\n<br />\ntry to change some settings in VS2010 but no luck yet.\r<br />\nalso it takes an awfull long time after deploy, the whole thing starts.\r<br />\n<br />\n__Also are there any new compiled binaries for this board.\r<br />\nthe zip file is of august.__<br />\n",
    "PostedDate": "2013-02-27T03:21:48.833-08:00",
    "UserRole": null,
    "MarkedAsAnswerDate": null
  },
  {
    "Id": "1014973",
    "ThreadId": "434669",
    "Html": "Hi,\r<br />\n<br />\nHave you solved this issue?\r<br />\nIf you solved, please let me know.\r<br />\nI face the same as issue. I suspect my OS (Windows 7 x64) causes the problem...\r<br />\n<br />\nBR,<br />\n",
    "PostedDate": "2013-03-13T19:53:39.573-07:00",
    "UserRole": null,
    "MarkedAsAnswerDate": null
  },
  {
    "Id": "1017733",
    "ThreadId": "434669",
    "Html": "\r\n<div>Hi,<br>\r\n<br>\r\ni used the wrong pin numbers, this lets the thing hang.<br>\r\nalso with x64 bit you need a newest driver.<br>\r\n<br>\r\nwith the I2C issue its the pullup resistors.<br>\r\nnow it runs real nice.<br>\r\n<br>\r\nthanks<br>\r\nJohan<br>\r\n<br>\r\nOn 14-3-2013 3:53, kotetsuy wrote:<br>\r\n</div>\r\n<blockquote type=\"cite\">\r\n<p>From: kotetsuy</p>\r\n<div id=\"ThreadNotificationPostBody\">Hi, <br>\r\n<br>\r\nHave you solved this issue? <br>\r\nIf you solved, please let me know. <br>\r\nI face the same as issue. I suspect my OS (Windows 7 x64) causes the problem... <br>\r\n<br>\r\nBR,<br>\r\n</div>\r\n</blockquote>\r\nHi <br>\r\n",
    "PostedDate": "2013-03-19T08:35:36.923-07:00",
    "UserRole": null,
    "MarkedAsAnswerDate": null
  },
  {
    "Id": "1017736",
    "ThreadId": "434669",
    "Html": "\r\n<div>Also you should try a project with minimal code, <br>\r\nfor example only debug.print() to test.<br>\r\n<br>\r\n<br>\r\n<br>\r\n<br>\r\n<br>\r\nOn 14-3-2013 3:53, kotetsuy wrote:<br>\r\n</div>\r\n<blockquote type=\"cite\">\r\n<p>From: kotetsuy</p>\r\n<div id=\"ThreadNotificationPostBody\">Hi, <br>\r\n<br>\r\nHave you solved this issue? <br>\r\nIf you solved, please let me know. <br>\r\nI face the same as issue. I suspect my OS (Windows 7 x64) causes the problem... <br>\r\n<br>\r\nBR,<br>\r\n</div>\r\n</blockquote>\r\n<br>\r\n",
    "PostedDate": "2013-03-19T08:42:06.883-07:00",
    "UserRole": null,
    "MarkedAsAnswerDate": null
  }
]