[
  {
    "Id": "983075",
    "ThreadId": "428510",
    "Html": "\r\n<p>I use STM324F-Discovery.</p>\r\n<p>I loaded into the chip <span lang=\"EN-US\" style=\"font-size:12pt\">Tinybooter.hex</span></p>\r\n<p>I use STM32 ST-LINK Utility v2.4.0.</p>\r\n<p>Install usb driver STM32F4_WinUSB.</p>\r\n<p>MFDeploy doesn't see my micro-usb device STM324F-Discovery. Help?</p>\r\n",
    "PostedDate": "2013-01-04T08:04:17.273-08:00",
    "UserRole": null,
    "MarkedAsAnswerDate": null
  },
  {
    "Id": "997489",
    "ThreadId": "428510",
    "Html": "Use CN5 USB. Not CN1 USB.\r<br />\n<br />\nCheck this post <a href=\"http://netmf4stm32.codeplex.com/discussions/400293\" rel=\"nofollow\">http://netmf4stm32.codeplex.com/discussions/400293</a><br />\n",
    "PostedDate": "2013-02-06T11:59:32.903-08:00",
    "UserRole": null,
    "MarkedAsAnswerDate": null
  },
  {
    "Id": "1016523",
    "ThreadId": "428510",
    "Html": "I had this problem on Win7 x86 + VC# 2010 Express + NETMF 4.2. MFDeploy not seen &quot;STM32 Net Test&quot; device over USB.\r<br />\nThe problem was resolved by upgrading to VC# 2012 Express and NETMF 4.3 (but in project to choose &quot;4.2&quot;).<br />\n",
    "PostedDate": "2013-03-16T23:44:50.43-07:00",
    "UserRole": null,
    "MarkedAsAnswerDate": null
  },
  {
    "Id": "1018081",
    "ThreadId": "428510",
    "Html": "I don't understand these designations. Use CN5 USB. Not CN1 USB.\r<br />\nI use mini-usb cable.\r<br />\n<br />\nI will try option Oleole VC# 2012 Express and NETMF 4.3\r<br />\n<br />\nresults I will report<br />\n",
    "PostedDate": "2013-03-20T00:29:34.11-07:00",
    "UserRole": null,
    "MarkedAsAnswerDate": null
  },
  {
    "Id": "1018322",
    "ThreadId": "428510",
    "Html": "Setup VC# 2012 and NETMF 4.3.\r<br />\n<br />\nAnd works well.\r<br />\n<br />\nthank you very much<br />\n",
    "PostedDate": "2013-03-20T08:43:56.61-07:00",
    "UserRole": null,
    "MarkedAsAnswerDate": null
  },
  {
    "Id": "1421559",
    "ThreadId": "428510",
    "Html": "With VC# 2010 and NETMF 4.2, MFDeploy doesn't see my board. Setup VC# 2012 and NETMF 4.3, problem was solved. However, when I tried to deploy ER_FLASH and ER_CONFIG, I always got an error saying Checking signature failed with ER_FLASH.sig. Does anyone know what's going on?<br />\n",
    "PostedDate": "2015-04-29T13:52:54.167-07:00",
    "UserRole": null,
    "MarkedAsAnswerDate": null
  }
]