[
  {
    "Id": "929246",
    "ThreadId": "400018",
    "Html": "\r\n<p>Hi,</p>\r\n<p>I'm having problem with deploying the application. I'm able to install STM32F4Discovery drivers and work on my development machine. I have also second machine with the same configuration (netmf 4.2, SDK 4.2, drivers) and when I'm trying to deploy the application\r\n I got following error:</p>\r\n<p></p>\r\n<div>------ Deploy started: Project: WiegReader, Configuration: Debug Any CPU ------</div>\r\n<div>An error has occurred: please check your hardware.</div>\r\n<div>Request failed</div>\r\n<div>Source: Microsoft.SPOT.Debugger</div>\r\n<div>Stack :</div>\r\n<div>&nbsp;&nbsp; w Microsoft.SPOT.Debugger.Engine.Request.Wait() in c:\\depot\\current\\CLIENT_V4_2\\Framework\\Debugger\\Engine.cs:Line 761</div>\r\n<div>&nbsp;&nbsp; w Microsoft.SPOT.Debugger.Engine.SyncRequest(OutgoingMessage msg, Int32 retries, Int32 timeout) in c:\\depot\\current\\CLIENT_V4_2\\Framework\\Debugger\\Engine.cs:Line 1963</div>\r\n<div>&nbsp;&nbsp; w Microsoft.SPOT.Debugger.Engine.ResolveAllAssemblies() in c:\\depot\\current\\CLIENT_V4_2\\Framework\\Debugger\\Engine.cs:Line 2941</div>\r\n<div>&nbsp;&nbsp; w Microsoft.SPOT.Debugger.VsProjectFlavorCfg.Deploy() in c:\\depot\\current\\CLIENT_V4_2\\Framework\\CorDebug\\VsProjectFlavorCfg.cs:Line 869</div>\r\n<div>&nbsp;&nbsp; in Microsoft.SPOT.Debugger.VsProjectFlavorCfg.&lt;Microsoft.VisualStudio.Shell.Interop.IVsDeployableProjectCfg.StartDeploy&gt;b__0() in c:\\depot\\current\\CLIENT_V4_2\\Framework\\CorDebug\\VsProjectFlavorCfg.cs:Line 634</div>\r\n<div>========== Deploy: 0 succeeded, 1 failed, 0 skipped&nbsp;</div>\r\n<p></p>\r\n<p>Any one experienced similar issue?</p>\r\n",
    "PostedDate": "2012-10-19T01:32:15.59-07:00",
    "UserRole": null,
    "MarkedAsAnswerDate": null
  },
  {
    "Id": "1007498",
    "ThreadId": "400018",
    "Html": "I have this problem some times, \r<br />\nit's not possible to deploy the project, this is because the hardware is unresponsive.\r<br />\ntry to reset the STM32F4 discovery.\r<br />\nor with MFDeploy erase the program ( not the firmware )\r<br />\n<br />\nbecause of a while (true), loop or other deployed project the device can be unresponsive.<br />\n",
    "PostedDate": "2013-02-27T03:17:20.377-08:00",
    "UserRole": null,
    "MarkedAsAnswerDate": null
  }
]