[
  {
    "Id": "1029437",
    "ThreadId": "440041",
    "Html": "Hi\r<br />\nPowerState class works as expected and that class is fully understandable but I can't find any examples how to use Watchdog class.\r<br />\n<br />\nMaybe someone have an example how to use Microsoft.SPOT.Hardware.Watchdog class?\r<br />\n<br />\nBest regards\r<br />\nDarek<br />\n",
    "PostedDate": "2013-04-12T02:39:31.063-07:00",
    "UserRole": null,
    "MarkedAsAnswerDate": null
  },
  {
    "Id": "1029773",
    "ThreadId": "440041",
    "Html": "I had to add code to get the watchdog working, and the way I implemented it my app has to run a separate thread to constantly kick the watchdog (to prevent reboot).  It's probably not ideal, but my projects all require a watchdog.<br />\n",
    "PostedDate": "2013-04-12T12:03:21.353-07:00",
    "UserRole": null,
    "MarkedAsAnswerDate": null
  },
  {
    "Id": "1030180",
    "ThreadId": "440041",
    "Html": "Thanks for reply.\r<br />\n<br />\nI was wondering is stm32f4 has hardware watchdog and if does when it will be implemented in ported framework?\r<br />\n<br />\nSoftware watchdog (aka watchdog thread) is easy to implement but hardware watchdog is better option.\r<br />\n<br />\nBest regards\r<br />\nDarek<br />\n",
    "PostedDate": "2013-04-14T04:29:43.617-07:00",
    "UserRole": null,
    "MarkedAsAnswerDate": null
  }
]