[
  {
    "Id": "939180",
    "ThreadId": "402573",
    "Html": "\r\n<p>Hi,</p>\r\n<p>I wanted to know if the CAN interface of the STM32F4 can be used from C# code?</p>\r\n",
    "PostedDate": "2012-11-09T07:41:56.047-08:00",
    "UserRole": null,
    "MarkedAsAnswerDate": null
  },
  {
    "Id": "940315",
    "ThreadId": "402573",
    "Html": "<p>In this port, there is no support for CAN bus.</p>",
    "PostedDate": "2012-11-12T07:12:01.153-08:00",
    "UserRole": null,
    "MarkedAsAnswerDate": null
  }
]