{
  "WorkItem": {
    "AffectedComponent": {
      "Name": "",
      "DisplayName": ""
    },
    "ClosedComment": "",
    "ClosedDate": null,
    "CommentCount": 6,
    "Custom": null,
    "Description": "It would be great if you could add support for the native IFU (In-Field Update) of the STM32 F4 like GHI Electronics did this in premium boards.\r\n\r\n\r\nPS\r\nIFU makes this mcu serious usable for production with .net micro framework.\r\n\r\nRegards\r\nDarek",
    "LastUpdatedDate": "2014-04-15T11:44:08.923-07:00",
    "PlannedForRelease": "",
    "ReleaseVisibleToPublic": false,
    "Priority": {
      "Name": "Unassigned",
      "Severity": 0,
      "Id": 0
    },
    "ProjectName": "netmf4stm32",
    "ReportedDate": "2013-04-14T14:38:35.193-07:00",
    "Status": {
      "Name": "Resolved",
      "Id": 7
    },
    "ReasonClosed": {
      "Name": "Unassigned"
    },
    "Summary": "IFU (In-Field Udpate)",
    "Type": {
      "Name": "Unassigned",
      "Id": 5
    },
    "VoteCount": 1,
    "Id": 12
  },
  "FileAttachments": [],
  "Comments": [
    {
      "Message": "There is a prototype implementation of Microsoft's standard MFUpdate / Microbooter mechanism available here https://netmf4stm32.codeplex.com/SourceControl/changeset/view/3777efa40cf1 as a community contribution.\n\nSee here http://download.codeplex.com/download?ProjectName=netmf&DownloadId=257831 for more information on MFUpdate.\n\nThe author of this contribution would certainly welcome in-depth feedback and testing of the code!",
      "PostedDate": "2013-05-07T07:01:52.827-07:00",
      "Id": 99577
    },
    {
      "Message": "Looks very promising. Thanks. :)",
      "PostedDate": "2013-05-08T14:20:37.76-07:00",
      "Id": 99724
    },
    {
      "Message": "Ok. I try to use this method but I see one major problem. This not work. :(\n\nI add reference to MFUpdate.DLL and Microsoft.SPOT.Update to solution and run application in debug.\nApp do nothing:\n\n```\n    public class Program\n    {\n        public static void Main()\n        {\n            Debug.Print(\"Hi\");\n        }\n    }\n```\nWhen I run then I've got:\n\"Found debugger!\"\n...\nLoading assemblies and... freeze. Nothing helps. To bring device back I must run MFDeploy and erase Deployment. Without debugger application do not start either.\n\nIs it porting kit issue?\n\nRegards",
      "PostedDate": "2013-05-09T05:22:26.727-07:00",
      "Id": 99784
    },
    {
      "Message": "OK. I should use MicroBooter (MFUpdate works only with this booter) instead of TinyBooter but how? :)\n\nRegards\nDarek",
      "PostedDate": "2013-05-09T14:26:32.767-07:00",
      "Id": 99851
    },
    {
      "Message": "Any ideas?",
      "PostedDate": "2013-05-24T05:39:24.857-07:00",
      "Id": 101083
    },
    {
      "Message": "See here:\nhttp://www.mountaineer.org/resources/tidbits/using-in-field-updates/\n\nor your other post for more information.",
      "PostedDate": "2014-04-15T11:44:08.923-07:00",
      "Id": 141981
    }
  ]
}