{
  "WorkItem": {
    "AffectedComponent": {
      "Name": "",
      "DisplayName": ""
    },
    "ClosedComment": "",
    "ClosedDate": "2014-01-08T05:28:18.597-08:00",
    "CommentCount": 2,
    "Custom": null,
    "Description": "Exception is thrown when trying to join a UDP socket to a multicast group e.g.\r\n\r\n```\r\nm_udpReceiveClient.SetSocketOption(SocketOptionLevel.IP, SocketOptionName.MulticastInterface, ipAddr );\r\n m_udpReceiveClient.SetSocketOption(SocketOptionLevel.IP, SocketOptionName.AddMembership, multicastOpt); \r\n```\r\nChanges are proposed and documented in this thread: https://www.ghielectronics.com/community/forum/topic?id=13651&page=2#msg139822\r\n\r\n",
    "LastUpdatedDate": "2014-01-08T05:28:18.597-08:00",
    "PlannedForRelease": "",
    "ReleaseVisibleToPublic": false,
    "Priority": {
      "Name": "Unassigned",
      "Severity": 0,
      "Id": 0
    },
    "ProjectName": "netmf4stm32",
    "ReportedDate": "2013-11-28T06:26:44.267-08:00",
    "Status": {
      "Name": "Closed",
      "Id": 4
    },
    "ReasonClosed": {
      "Name": "Unassigned"
    },
    "Summary": "UDP Sockets cannot join multicast group",
    "Type": {
      "Name": "Unassigned",
      "Id": 5
    },
    "VoteCount": 5,
    "Id": 15
  },
  "FileAttachments": [],
  "Comments": [
    {
      "Message": "This fix is necessary otherwise ws-discovery protocol does not work.",
      "PostedDate": "2013-12-02T03:35:32.03-08:00",
      "Id": 125756
    },
    {
      "Message": "This will be corrected with the final 4.3 release (and in the _Mountaineer Firmware 4.3 Beta 2_).",
      "PostedDate": "2014-01-08T05:28:02.7-08:00",
      "Id": 129791
    }
  ]
}