{
  "WorkItem": {
    "AffectedComponent": {
      "Name": "",
      "DisplayName": ""
    },
    "ClosedComment": "The problem is that the core NETMF API for graphics assumes lots of RAM to be available, in effect requiring multiple copying of a bitmap when displaying it. This wastes too much memory for an STM32 with its 192 KB of RAM built in. An improved API that allows for incremental bitmap updates would be very welcome indeed!\n\nI think that issues in that regard have been raised on the NETMF project site, e.g. http://netmf.codeplex.com/workitem/1657.",
    "ClosedDate": "2012-11-12T07:17:20.03-08:00",
    "CommentCount": 0,
    "Custom": null,
    "Description": "I tried connect LCD touch screen to my Discovery board. When I tried initialize Touch screen, I get 'NotSupportedException'. I know that STM32F4 supports LCD maybe it's worth implement support for LCD.",
    "LastUpdatedDate": "2012-11-12T07:17:20.03-08:00",
    "PlannedForRelease": "",
    "ReleaseVisibleToPublic": false,
    "Priority": {
      "Name": "Low",
      "Severity": 50,
      "Id": 1
    },
    "ProjectName": "netmf4stm32",
    "ReportedDate": "2012-11-10T02:25:59.707-08:00",
    "Status": {
      "Name": "Closed",
      "Id": 4
    },
    "ReasonClosed": {
      "Name": "Unassigned"
    },
    "Summary": "LCD support",
    "Type": {
      "Name": "Issue",
      "Id": 3
    },
    "VoteCount": 1,
    "Id": 7
  },
  "FileAttachments": [],
  "Comments": []
}