[
  {
    "Id": 2,
    "Title": "I2C error"
  },
  {
    "Id": 3,
    "Title": "InterruptPort event"
  },
  {
    "Id": 5,
    "Title": "SPI Clock Edges"
  },
  {
    "Id": 6,
    "Title": "Platform_selector.h for STM32 F4 Discovery maybe bug"
  },
  {
    "Id": 7,
    "Title": "LCD support"
  },
  {
    "Id": 8,
    "Title": "Support .NET MF 4.3"
  },
  {
    "Id": 9,
    "Title": "Support CANbus"
  },
  {
    "Id": 10,
    "Title": "Win8 STM32_WinUSB_drivers_(for_evaluation_purposes_only) not working?"
  },
  {
    "Id": 11,
    "Title": "Support for hardware Watchdog"
  },
  {
    "Id": 12,
    "Title": "IFU (In-Field Udpate)"
  },
  {
    "Id": 14,
    "Title": "Microbooter"
  },
  {
    "Id": 15,
    "Title": "UDP Sockets cannot join multicast group"
  }
]