{
  "WorkItem": {
    "AffectedComponent": {
      "Name": "",
      "DisplayName": ""
    },
    "ClosedComment": "Turned out that it was not a problem of the port.",
    "ClosedDate": "2012-07-20T02:05:55.843-07:00",
    "CommentCount": 1,
    "Custom": null,
    "Description": "I'm having problem with InterruptPort. For example, declaration:\r\n\r\nint0 = new InterruptPort((Cpu.Pin)38, false, Port.ResistorMode.PullUp, Port.InterruptMode.InterruptEdgeLow);\r\n\r\nThe interrupt never occurs. Tested with different resistor mode and pin numbers.\r\n",
    "LastUpdatedDate": "2012-07-20T02:05:55.843-07:00",
    "PlannedForRelease": "",
    "ReleaseVisibleToPublic": false,
    "Priority": {
      "Name": "Low",
      "Severity": 50,
      "Id": 1
    },
    "ProjectName": "netmf4stm32",
    "ReportedDate": "2012-07-19T01:26:54.063-07:00",
    "Status": {
      "Name": "Closed",
      "Id": 4
    },
    "ReasonClosed": {
      "Name": "Unassigned"
    },
    "Summary": "InterruptPort event",
    "Type": {
      "Name": "Issue",
      "Id": 3
    },
    "VoteCount": 1,
    "Id": 3
  },
  "FileAttachments": [],
  "Comments": [
    {
      "Message": "Note: The problem has been resolved (wrong pin numeration in test app).",
      "PostedDate": "2012-07-19T08:00:23.673-07:00",
      "Id": 70466
    }
  ]
}