{
  "WorkItem": {
    "AffectedComponent": {
      "Name": "",
      "DisplayName": ""
    },
    "ClosedComment": "",
    "ClosedDate": "2013-10-17T13:48:51.543-07:00",
    "CommentCount": 3,
    "Custom": null,
    "Description": "It would be great if you could add support for the CAN interfaces of the STM32 F4.",
    "LastUpdatedDate": "2013-10-17T13:48:51.543-07:00",
    "PlannedForRelease": "",
    "ReleaseVisibleToPublic": false,
    "Priority": {
      "Name": "Low",
      "Severity": 50,
      "Id": 1
    },
    "ProjectName": "netmf4stm32",
    "ReportedDate": "2012-12-16T02:46:19.3-08:00",
    "Status": {
      "Name": "Closed",
      "Id": 4
    },
    "ReasonClosed": {
      "Name": "Unassigned"
    },
    "Summary": "Support CANbus",
    "Type": {
      "Name": "Issue",
      "Id": 3
    },
    "VoteCount": 2,
    "Id": 9
  },
  "FileAttachments": [],
  "Comments": [
    {
      "Message": "I would love to see that as well, but for the foreseeable future we don't have the resources to do that. If anyone know of a (preferrably Apache 2.0 licensed) high-quality open source CANbus stack, please let me know!\n\nCuno",
      "PostedDate": "2012-12-18T12:18:05.143-08:00",
      "Id": 84546
    },
    {
      "Message": "What do you mean with CANbus stack? Isn't it enough to wrap the CAN hardware from the STM32 and make it available for use in NETMF.\n\nSimilar to what GHI did:\nhttp://www.ghielectronics.com/downloads/NETMF/Library%20Documentation%20v4.2/Premium/html/960583b9-92b9-54a5-be04-2e306ac031f3.htm\n\nOr the MCP2515 shield using SPI:\nhttps://code.google.com/p/netduino-mcp2515/",
      "PostedDate": "2012-12-19T02:11:22.84-08:00",
      "Id": 84580
    },
    {
      "Message": "I think there are different levels of CAN bus support; difficult to say what constitutes the minimum support that is still useful. Anyway, unless there is a major customer project, we won't be able to invest time in that area. Moreover, we focus on standard _NETMF_ features and want to avoid non-standard APIs as long as possible.",
      "PostedDate": "2013-10-17T13:48:40.437-07:00",
      "Id": 118768
    }
  ]
}