{
  "WorkItem": {
    "AffectedComponent": {
      "Name": "",
      "DisplayName": ""
    },
    "ClosedComment": "",
    "ClosedDate": null,
    "CommentCount": 1,
    "Custom": null,
    "Description": "HI,\r\nI have problem with microbooter or maybe i don't understand everything properly.\r\n\r\nI use for compilation mdk and compiled microbooter uploaded to device through STLink.\r\nReset and device is not present as STM32 .Net Test.\r\n\r\nHow microbooter starts? What am i doing wrong?\r\n\r\nBest regards",
    "LastUpdatedDate": "2014-04-15T11:42:29.88-07:00",
    "PlannedForRelease": "",
    "ReleaseVisibleToPublic": false,
    "Priority": {
      "Name": "Unassigned",
      "Severity": 0,
      "Id": 0
    },
    "ProjectName": "netmf4stm32",
    "ReportedDate": "2013-10-31T17:35:53.947-07:00",
    "Status": {
      "Name": "Proposed",
      "Id": 1
    },
    "ReasonClosed": {
      "Name": "Unassigned"
    },
    "Summary": "Microbooter",
    "Type": {
      "Name": "Unassigned",
      "Id": 5
    },
    "VoteCount": 1,
    "Id": 14
  },
  "FileAttachments": [],
  "Comments": [
    {
      "Message": "For some information on MFUpdate, see this overview here:\nhttp://www.mountaineer.org/resources/tidbits/using-in-field-updates/\n\nIn particular:\n http://www.mountaineer.org/app/download/7160262375/NETMF+for+STM32+-+MFUpdate+V201400410.pdf?t=1397122060\n\nAnd the example here:\nhttps://bitbucket.org/oberon-microsystems/oberon.mfupdate.sample/overview\n\nNote that we extended TinyBooter instead of using a separate MicroBooter.\n\nThe source code will be published here after we have completed the NETMF 4.3.1 beta cycle.",
      "PostedDate": "2014-04-15T11:42:29.88-07:00",
      "Id": 141979
    }
  ]
}