{
  "WorkItem": {
    "AffectedComponent": {
      "Name": "",
      "DisplayName": ""
    },
    "ClosedComment": "",
    "ClosedDate": null,
    "CommentCount": 2,
    "Custom": null,
    "Description": "are messed up. \r\n\r\nas mentioned in the discussion:\r\nit looks like the spi clock edge is messed up.\r\n\r\non spi1 it just works if its false (wich my chip dont likes)\r\n\r\non spi3 its looks like its inverse (my chips workes when in software its set to false, he shouldnt work this way)",
    "LastUpdatedDate": "2013-05-08T14:17:54.163-07:00",
    "PlannedForRelease": "",
    "ReleaseVisibleToPublic": false,
    "Priority": {
      "Name": "Low",
      "Severity": 50,
      "Id": 1
    },
    "ProjectName": "netmf4stm32",
    "ReportedDate": "2012-10-19T13:34:13.31-07:00",
    "Status": {
      "Name": "Proposed",
      "Id": 1
    },
    "ReasonClosed": {
      "Name": "Unassigned"
    },
    "Summary": "SPI Clock Edges",
    "Type": {
      "Name": "Issue",
      "Id": 3
    },
    "VoteCount": 5,
    "Id": 5
  },
  "FileAttachments": [],
  "Comments": [
    {
      "Message": "any news on the spi issue ?",
      "PostedDate": "2012-12-19T03:30:46.927-08:00",
      "Id": 84582
    },
    {
      "Message": "i found out these bug only happens when the spi frequenzy is at around 1mhz - at 2mhz everything is fine.\nsorry, i dont have a logic analizer, so i cant really test, but my devices are working fine with 2mhz frequenzy!\n\n(on sam7x boards they worked at 1mhz too ..)\n\nsomeone meantioned it could be also a frequenzy dividier bug",
      "PostedDate": "2013-01-07T13:55:59.023-08:00",
      "Id": 85516
    }
  ]
}