{
  "WorkItem": {
    "AffectedComponent": {
      "Name": "",
      "DisplayName": ""
    },
    "ClosedComment": "",
    "ClosedDate": "2013-10-17T13:40:03.387-07:00",
    "CommentCount": 3,
    "Custom": null,
    "Description": "It would be great if you could add support for the hardware watchdog of the STM32 F4. Hardware watchdog makes this mcu serious usable for production with .net micro framework.\r\n\r\nPS\r\nI'm planning use stm32f4 with .net micro framework in production for my clients but without this function I must use some external. :(\r\n\r\nRegards\r\nDarek",
    "LastUpdatedDate": "2013-11-04T04:07:43.503-08:00",
    "PlannedForRelease": "",
    "ReleaseVisibleToPublic": false,
    "Priority": {
      "Name": "Unassigned",
      "Severity": 0,
      "Id": 0
    },
    "ProjectName": "netmf4stm32",
    "ReportedDate": "2013-04-14T14:34:51.627-07:00",
    "Status": {
      "Name": "Closed",
      "Id": 4
    },
    "ReasonClosed": {
      "Name": "Fixed"
    },
    "Summary": "Support for hardware Watchdog",
    "Type": {
      "Name": "Unassigned",
      "Id": 5
    },
    "VoteCount": 4,
    "Id": 11
  },
  "FileAttachments": [],
  "Comments": [
    {
      "Message": "I have done the Hardware watchdog by C# . \nplease refer to : http://netmf-develop.blogspot.tw/\n ",
      "PostedDate": "2013-10-03T18:13:06.253-07:00",
      "Id": 117423
    },
    {
      "Message": "We are planning to add hardware watchdog functionality to our _Mountaineer Prime Firmware_ (http://www.mountaineer-boards.com/prime/) in Q4 2013.",
      "PostedDate": "2013-10-17T13:39:32.297-07:00",
      "Id": 118766
    },
    {
      "Message": "Thanks @Michael7Chen. It is really working. :)",
      "PostedDate": "2013-11-04T04:07:43.503-08:00",
      "Id": 121689
    }
  ]
}