{
  "WorkItem": {
    "AffectedComponent": {
      "Name": "",
      "DisplayName": ""
    },
    "ClosedComment": "",
    "ClosedDate": "2012-10-31T08:17:22.227-07:00",
    "CommentCount": 1,
    "Custom": null,
    "Description": "Here's what is in the Discovery platform selector include :\r\n\r\n// Pin Configuration\r\n#define STM32F4_ADC 1\r\n#define STM32F4_AD_CHANNELS {1,2,3,8,9,14,15} // PA1,PA2,PA3,PB0,PB1,PC4,PC5\r\n\r\nBut as we can see, PA1 to PA3 are effectively in 1,2,3 GPIO_PIN, but for\r\nPB0 PB1, it should be 16, 17\r\nPC4 PC5, it should be 36, 37\r\n\r\nAm I right or is there something I misundertood ?\r\n\r\nIn any case, I made some tests on PAx, which are OK, but for the others, no way to make them do what they are intended to !",
    "LastUpdatedDate": "2012-10-31T08:17:22.227-07:00",
    "PlannedForRelease": "",
    "ReleaseVisibleToPublic": false,
    "Priority": {
      "Name": "Low",
      "Severity": 50,
      "Id": 1
    },
    "ProjectName": "netmf4stm32",
    "ReportedDate": "2012-10-25T03:58:22.573-07:00",
    "Status": {
      "Name": "Closed",
      "Id": 4
    },
    "ReasonClosed": {
      "Name": "Unassigned"
    },
    "Summary": "Platform_selector.h for STM32 F4 Discovery maybe bug",
    "Type": {
      "Name": "Issue",
      "Id": 3
    },
    "VoteCount": 1,
    "Id": 6
  },
  "FileAttachments": [],
  "Comments": [
    {
      "Message": "OK, I've finally demystified the things ! \n\nI made a confusion between the Cpu.AnalogChannel that is a ranking in the AD_CHANNEL array (so always from 0 to N with increment of 1), and the AD_CHANNEL Array that is the subsequent indexes related to PINS in the ADC_PINS array attached to the whole STM32F4 AD_Function.cpp !\n\nA bit complex but finally logic !\n",
      "PostedDate": "2012-10-25T05:17:39.35-07:00",
      "Id": 80985
    }
  ]
}