{
  "WorkItem": {
    "AffectedComponent": {
      "Name": "",
      "DisplayName": ""
    },
    "ClosedComment": "",
    "ClosedDate": "2013-05-07T07:04:31.883-07:00",
    "CommentCount": 4,
    "Custom": null,
    "Description": "MicroFramework 4.3 RTM is out now and does not contain your STM32 changes.\r\nWould be great if you could support the new framework version too.",
    "LastUpdatedDate": "2013-05-07T07:04:31.947-07:00",
    "PlannedForRelease": "",
    "ReleaseVisibleToPublic": false,
    "Priority": {
      "Name": "Low",
      "Severity": 50,
      "Id": 1
    },
    "ProjectName": "netmf4stm32",
    "ReportedDate": "2012-12-16T01:27:34.407-08:00",
    "Status": {
      "Name": "Closed",
      "Id": 4
    },
    "ReasonClosed": {
      "Name": "Unassigned"
    },
    "Summary": "Support .NET MF 4.3",
    "Type": {
      "Name": "Issue",
      "Id": 3
    },
    "VoteCount": 4,
    "Id": 8
  },
  "FileAttachments": [],
  "Comments": [
    {
      "Message": "Unfortunately, Microsoft didn't get all the necessary tools in time to integrate our STM32F4 contributions, as it was originally planned. We definitely intend to do a 4.3 update of the sources here; hopefully Microsoft will integrate that version in the subsequent release of NETMF.",
      "PostedDate": "2012-12-18T12:14:37.343-08:00",
      "Id": 84545
    },
    {
      "Message": "Any estimate on when the 4.3 delta for STM32F4 will be available for download",
      "PostedDate": "2012-12-28T01:54:34.363-08:00",
      "Id": 84988
    },
    {
      "Message": "Hi,\nany news available about STM32F4 support for 4.3 ?",
      "PostedDate": "2013-04-10T02:45:09.82-07:00",
      "Id": 96587
    },
    {
      "Message": "A NETMF 4.3 release is tentatively planned for the end of June.",
      "PostedDate": "2013-05-07T07:04:06.66-07:00",
      "Id": 99578
    }
  ]
}