{
  "WorkItem": {
    "AffectedComponent": {
      "Name": "",
      "DisplayName": ""
    },
    "ClosedComment": "",
    "ClosedDate": null,
    "CommentCount": 1,
    "Custom": null,
    "Description": "The USB driver seems not to work for Win8. Is there a workaround to get it running? The driver is not signed, so I installed it in extended boot mechanism. It was installed well. Plugging in the Discovery board I can see in MFDeploy very shortly - but then the driver is not present anymore. If I type the driver name in manually MFDeploy is telling me that the device is unkown. \r\n\r\nIs there a workaround to get the driver running with WIN8 or is a driver available?\r\nThanks a lot for your help, \r\n\r\nCheers!\r\nStanDeMan",
    "LastUpdatedDate": "2013-08-27T04:49:52.75-07:00",
    "PlannedForRelease": "",
    "ReleaseVisibleToPublic": false,
    "Priority": {
      "Name": "Low",
      "Severity": 50,
      "Id": 1
    },
    "ProjectName": "netmf4stm32",
    "ReportedDate": "2013-02-16T14:32:33.123-08:00",
    "Status": {
      "Name": "Proposed",
      "Id": 1
    },
    "ReasonClosed": {
      "Name": "Unassigned"
    },
    "Summary": "Win8 STM32_WinUSB_drivers_(for_evaluation_purposes_only) not working?",
    "Type": {
      "Name": "Issue",
      "Id": 3
    },
    "VoteCount": 2,
    "Id": 10
  },
  "FileAttachments": [],
  "Comments": [
    {
      "Message": "How was this driver created ? Is this something that can be formalised and signed correctly?  \n\n",
      "PostedDate": "2013-08-27T04:49:52.75-07:00",
      "Id": 111270
    }
  ]
}