{
  "WorkItem": {
    "AffectedComponent": {
      "Name": "",
      "DisplayName": ""
    },
    "ClosedComment": "",
    "ClosedDate": "2013-10-17T13:43:58.903-07:00",
    "CommentCount": 3,
    "Custom": null,
    "Description": "I have tried running code that uses I2C to interface to a BMP085 pressure sensor.\r\nIt works perfectly with NETMF 4.1 on a Fez Panda.\r\n\r\nIt gives incorrect values and/or fails on STM32F4.\r\n\r\nIt seems that when you execute a write followed by a read, the first byte in the read array contains the last write byte, shifting the read bytes to the right by 1 byte and losing the last sent byte.\r\n\r\nIn the example code below using STM32F4 RawData[0] is 0xAA (170) and RawData[1] has the first data sent by the sensor - 42. Obviously it misses the last sent byte as the buffer is too small.\r\n\r\nUsing 4.1 on the Panda RawData[0]=42  and RawData[21] has the last byte sent. Thus Panda_RawData[n] = STM32F4RawData[n+1].\r\n\r\nI have checked other sequences and they seem to have the same error in the read buffer.\r\n\r\nBMP085Device = new I2CDevice(new I2CDevice.Configuration(0x77, 400)); \r\n        I2CDevice.I2CTransaction[] xActions = new I2CDevice.I2CTransaction[2];\r\n        xActions[0] = I2CDevice.CreateWriteTransaction(new byte[] { 0xAA });\r\n        byte[] RawData = new byte[22];\r\n        xActions[1] = I2CDevice.CreateReadTransaction(RawData);\r\n        if (BMP085Device.Execute(xActions, 100) != 23) return;\r\n\r\nHave I missed change to the I2C support or does the implementation incorrectly return a shifted buffer?",
    "LastUpdatedDate": "2017-11-28T08:44:59.017-08:00",
    "PlannedForRelease": "Beta 1 Release",
    "ReleaseVisibleToPublic": true,
    "Priority": {
      "Name": "Low",
      "Severity": 50,
      "Id": 1
    },
    "ProjectName": "netmf4stm32",
    "ReportedDate": "2012-05-14T16:08:49.16-07:00",
    "Status": {
      "Name": "Closed",
      "Id": 4
    },
    "ReasonClosed": {
      "Name": "Fixed"
    },
    "Summary": "I2C error",
    "Type": {
      "Name": "Issue",
      "Id": 3
    },
    "VoteCount": 1,
    "Id": 2
  },
  "FileAttachments": [],
  "Comments": [
    {
      "Message": "See updates of May 29:\r\n http://netmf4stm32.codeplex.com/SourceControl/changeset/changes/1d193c2e323d",
      "PostedDate": "2012-05-29T06:44:41.833-07:00",
      "Id": 66871
    },
    {
      "Message": "That's great news. I don't have a professional toolset to complie this. If you can release a new download, or send me a binary directly, I would be happy to test the changes and feed back my results.\nregards\nStephen",
      "PostedDate": "2012-05-29T07:34:23.277-07:00",
      "Id": 66877
    },
    {
      "Message": "Tested new release.\nProblem solved - Panda I2C sensor program running on Discovery with no changes\nGreat work.\nThanks",
      "PostedDate": "2012-06-15T10:20:34.03-07:00",
      "Id": 68066
    }
  ]
}