[
  {
    "Id": "0",
    "Name": "RTM Release",
    "DevelopmentStatus": "Stable",
    "Description": "First production release of *NETMF for STM32 (F4 Edition)*.",
    "ReleasedDatge": "0001-01-01T00:00:00",
    "ModifiedDate": "2012-06-13T02:43:39.02-07:00",
    "Files": [
      {
        "Id": "f89fdce6-ed7b-4dd8-87ee-60351d0e9e6e",
        "FileName": "NETMF for STM32 (F4 Edition) RTM.zip",
        "Url": "./0/f89fdce6-ed7b-4dd8-87ee-60351d0e9e6e",
        "Type": "Source Code",
        "UploadDate": "2012-06-13T02:43:38.69-07:00"
      }
    ]
  },
  {
    "Id": "1",
    "Name": "Beta 1 Release",
    "DevelopmentStatus": "Beta",
    "Description": "First public beta release.",
    "ReleasedDatge": "0001-01-01T00:00:00",
    "ModifiedDate": "2012-05-11T02:22:00.083-07:00",
    "Files": [
      {
        "Id": "436a9b14-88ff-4c7b-b8d9-f3d07f6306ba",
        "FileName": "NETMF for STM32 (F4 Edition) Beta 1 Release.zip",
        "Url": "./1/436a9b14-88ff-4c7b-b8d9-f3d07f6306ba",
        "Type": "Source Code",
        "UploadDate": "2012-05-11T01:55:12.6-07:00"
      }
    ]
  },
  {
    "Id": "2",
    "Name": "Release 4.2 QFE2 RTM",
    "DevelopmentStatus": "Stable",
    "Description": "Updates for QFE2",
    "ReleasedDatge": "0001-01-01T00:00:00",
    "ModifiedDate": "2012-08-16T09:08:53.977-07:00",
    "Files": [
      {
        "Id": "676df5c7-c579-47f0-9935-e3075aec3e29",
        "FileName": "MicroFrameworkPK_v4_2.zip",
        "Url": "./2/676df5c7-c579-47f0-9935-e3075aec3e29",
        "Type": "Source Code",
        "UploadDate": "2012-08-16T09:08:53.383-07:00"
      }
    ]
  }
]