[
  {
    "Title": "Home",
    "Id": "1813584",
    "ParentWikiTitle": "Home",
    "FileExtension": "codeplexwiki",
    "UpdatedDate": "2015-05-06T06:16:42.82-07:00",
    "FileAttachments": [
      {
        "Id": "c9da0a89-3db0-4827-b722-1986a64f4c87",
        "FileName": "STM32_WinUSB_drivers_(for_evaluation_purposes_only).zip",
        "DownloadUri": "./1813584/c9da0a89-3db0-4827-b722-1986a64f4c87"
      },
      {
        "Id": "4f22fc05-24df-4469-884f-157aee04a225",
        "FileName": "stm32f4discovery.zip",
        "DownloadUri": "./1813584/4f22fc05-24df-4469-884f-157aee04a225"
      },
      {
        "Id": "4d663311-492e-4fac-9770-1c7a88fb82bc",
        "FileName": "stm3220geval.zip",
        "DownloadUri": "./1813584/4d663311-492e-4fac-9770-1c7a88fb82bc"
      },
      {
        "Id": "99866b13-8429-43f2-b1c3-90cde6bac2ee",
        "FileName": "stm3240geval.zip",
        "DownloadUri": "./1813584/99866b13-8429-43f2-b1c3-90cde6bac2ee"
      }
    ]
  },
  {
    "Title": "Documentation",
    "Id": "787030",
    "ParentWikiTitle": "Documentation",
    "FileExtension": "codeplexwiki",
    "UpdatedDate": "2013-10-17T13:33:32.637-07:00",
    "FileAttachments": [
      {
        "Id": "0c2daf4e-d8d2-42f2-b6bd-14a5a832bff0",
        "FileName": "NETMF for STM32 - Tour d'Horizon.pdf",
        "DownloadUri": "./787030/0c2daf4e-d8d2-42f2-b6bd-14a5a832bff0"
      }
    ]
  }
]
