[
  {
    "Id": "1086856",
    "ThreadId": "455056",
    "Html": "Hi, I'm implementing the DS1307 and ST7735 with my netduino project (thanks for porting them!!) and am curious what to do to print text with the ST7735? \r<br />\n<br />\nI'm only including the files I need (via Project -&gt; Add Existing) and adding links to netduino Helpers.\r<br />\n<br />\nThanks!\r<br />\nChris<br />\n",
    "PostedDate": "2013-08-30T23:33:13.407-07:00",
    "UserRole": null,
    "MarkedAsAnswerDate": null
  }
]