[
  {
    "Id": "826321",
    "ThreadId": "352929",
    "Html": "\r\n<p>Hi.</p>\r\n<p>I have downloaded&nbsp;&nbsp;&nbsp;&nbsp; netduinohelpers_249dd927c92e&nbsp; and&nbsp; using&nbsp; Netduino Plus with&nbsp; 4.1.2821.0&nbsp; firmware,&nbsp; Solution Build Info: 4.1.0.6, Netduino Plus..</p>\r\n<p>Trying to Deploy the Adafruit VC0706 TTL Serial JPEG Camera&nbsp;&nbsp; Sample&nbsp; project&nbsp; to&nbsp; the&nbsp; Netduino Plus, but deployment doesn't success;</p>\r\n<p>&quot;Incrementally deploying assemblies to device<br>\r\nDeploying assemblies for a total size of 104856 bytes<br>\r\nAssemblies not successfully deployed to device.<br>\r\nDeployment to the device was not successful.&quot;</p>\r\n<p>Some project settings must be wrong?&nbsp;&nbsp;&nbsp;&nbsp; I changed the #define NETDUINO&nbsp; to&nbsp; #define NETDUINO_PLUS&nbsp;&nbsp; and&nbsp; added the REFERENCE,</p>\r\n<p>SecrectLabs.NETMF.Hardware.Netduinoplus,&nbsp;&nbsp;&nbsp;&nbsp;&nbsp;&nbsp; and&nbsp; deleted the Netduino&nbsp; from the project..</p>\r\n<p>But still allways get the same error,&nbsp; &quot;Deployment not succesful...&quot;&nbsp;</p>\r\n<p>&nbsp;</p>\r\n<p>Other&nbsp; projects&nbsp; which are&nbsp; written directly to the Netduino Plus,&nbsp; works&nbsp; and&nbsp; Deploys&nbsp; without problems.. So I don't&nbsp; undestand what is the problem...</p>\r\n",
    "PostedDate": "2012-04-19T22:38:58.473-07:00",
    "UserRole": null,
    "MarkedAsAnswerDate": null
  },
  {
    "Id": "826336",
    "ThreadId": "352929",
    "Html": "<p>Please read the doc page (bottom of the page)</p>\r\n<p><a href=\"http://netduinohelpers.codeplex.com/documentation\">http://netduinohelpers.codeplex.com/documentation</a></p>\r\n<p>Regards,</p>\r\n<p>-Fabien.</p>",
    "PostedDate": "2012-04-19T23:20:28.627-07:00",
    "UserRole": null,
    "MarkedAsAnswerDate": null
  },
  {
    "Id": "826402",
    "ThreadId": "352929",
    "Html": "<p>Ok.&nbsp; ThanX!&nbsp;&nbsp; You think it's possible (enough memory and recources..) to add a Webserver&nbsp; and&nbsp; possible could be able to browse images from SD-card?</p>",
    "PostedDate": "2012-04-20T02:46:36.227-07:00",
    "UserRole": null,
    "MarkedAsAnswerDate": null
  }
]