[
  {
    "Id": "725517",
    "ThreadId": "286225",
    "Html": "\r\n<p>Hello, I have attempted to use the JSONParser in a project and I am able to do the following:</p>\r\n<p>1) build and deploy to a Netduino Plus controller</p>\r\n<p>2) Instantiate and partially process a http request</p>\r\n<p>But part of the way through I am getting a strange error in the JSONParser class:</p>\r\n<p><span style=\"text-decoration:underline\">An unhandled exception of type 'System.InvalidOperationException' occurred in mscorlib.dll</span></p>\r\n<p>This occurs on line 266 of the JSONParser.cs</p>\r\n<p>&nbsp;</p>\r\n<div style=\"color:black; background-color:white\">\r\n<pre style=\"color:black\">        <span style=\"color:blue\">protected</span> <span style=\"color:blue\">void</span> StoreCurrentDataStructure() {\r\n            <span style=\"color:blue\">var</span> innerStructure = (JSONObject)_dataStructureStack.Pop();<span style=\"color:#ff0000\">\r\n            _currentDataStructure = (JSONObject)_dataStructureStack.Peek();</span></pre>\r\n<pre style=\"color:black\"><span style=\"color:#000000\">the field _dataStructureStack has a count of 0, which I am guessing is the reason for the exception, but why wouldn't there be any items in this stack?</span></pre>\r\n<pre style=\"color:black\">The JSON string is:</pre>\r\n</div>\r\n<p>&quot;{\\&quot;route\\&quot;:\\&quot;onthephone\\&quot;, \\&quot;alert_status\\&quot;:\\&quot;on\\&quot;}&quot;</p>\r\n<p>I had to remove the netduino.helpers.Helpers classes and create my own project from the main project because it was throwing the&nbsp;<span>&nbsp;&quot;An error has occurred: please check your hardware&quot; reminiscent of the files being too large for the netduino.\r\n Outside of this I am using all of the original source code.</span></p>\r\n<p>Thanks in advance</p>\r\n<p>John</p>\r\n",
    "PostedDate": "2012-01-15T14:51:07.8-08:00",
    "UserRole": null,
    "MarkedAsAnswerDate": null
  },
  {
    "Id": "725544",
    "ThreadId": "286225",
    "Html": "<p>Hi John,</p>\r\n<p>I am aware of the JSON Parser issue: the latest checked in code is currently broken. I am in the process of refactoring it and the new code is not complete. Please use the JSON Parser code dating back to September / October last year for a version that works but won't support complex data structures.</p>\r\n<p>About the size of the library: the library is getting larger so you need to take out the things you don't need in your project or create a new project library only including the subset of the netduino helper library files that you want. Either way will result in a library with a small footprint.</p>\r\n<p>I hope this helps.</p>\r\n<p>Cheers,</p>\r\n<p>-Fabien.</p>",
    "PostedDate": "2012-01-15T18:12:59.277-08:00",
    "UserRole": null,
    "MarkedAsAnswerDate": null
  },
  {
    "Id": "986052",
    "ThreadId": "286225",
    "Html": "\r\n<p>See our latest discussion thread for a (temporary?) work-around for this issue.</p>\r\n",
    "PostedDate": "2013-01-12T22:11:12.907-08:00",
    "UserRole": null,
    "MarkedAsAnswerDate": null
  }
]