[
  {
    "Id": "893271",
    "ThreadId": "389609",
    "Html": "\r\n<p>I'm attempting to test and implement the&nbsp;Max72197221 from the&nbsp;netduinohelpers-e0ddb8758a93 in a project or two experimenting with 7segment displays and an 8x8 matrix.&nbsp;</p>\r\n<p>I'm working with the&nbsp;Max72197221Test project from the Samples directory. &nbsp;</p>\r\n<p>I'm getting a&nbsp;NullReferenceException on this line (92)&nbsp;in the ExtendedSpiConfiguration class</p>\r\n<pre>&nbsp;&nbsp;&nbsp;&nbsp;&nbsp;&nbsp;&nbsp;&nbsp;&nbsp;&nbsp;&nbsp;&nbsp;fieldInfo.SetValue(<span>this</span>,&nbsp;BitsPerTransfer);</pre>\r\n<pre>My .netmf and netduino sdk Netduino SDK v4.1.0 (November 2010 Refresh),&nbsp;Secret Labs LLC Product version: 4.1.0001,&nbsp;Microsoft .NET Micro Framework SDK 4.1 (QFE1) v 4.1.2821.0</pre>\r\n<pre>The Debug output:</pre>\r\n<p>Rebooting...<br>\r\nFound debugger!<br>\r\nCreate TS.<br>\r\n&nbsp;Loading start at 1381c8, end 14b204<br>\r\nAttaching file.<br>\r\nAssembly: mscorlib (4.1.2821.0) (3880 RAM - 33236 ROM - 19134 METADATA)<br>\r\n<br>\r\nAttaching file.<br>\r\nAssembly: Microsoft.SPOT.Native (4.1.2821.0) (1144 RAM - 6516 ROM - 4479 METADATA)<br>\r\n<br>\r\nAttaching file.<br>\r\nAssembly: Microsoft.SPOT.Hardware (4.1.2821.0) (1752 RAM - 11440 ROM - 7371 METADATA)<br>\r\n<br>\r\nAttaching file.<br>\r\nAssembly: Microsoft.SPOT.Hardware.SerialPort (4.1.2821.0) (512 RAM - 3488 ROM - 1543 METADATA)<br>\r\n<br>\r\nAttaching file.<br>\r\nAssembly: Microsoft.SPOT.IO (4.1.2821.0) (740 RAM - 4620 ROM - 2522 METADATA)<br>\r\n<br>\r\nAttaching file.<br>\r\nAssembly: System.IO (4.1.2821.0) (1548 RAM - 13292 ROM - 5862 METADATA)<br>\r\n<br>\r\nAttaching file.<br>\r\nAssembly: Microsoft.SPOT.Hardware.Usb (4.1.2821.0) (580 RAM - 3740 ROM - 1844 METADATA)<br>\r\n<br>\r\nAttaching file.<br>\r\nAssembly: SecretLabs.NETMF.Hardware (4.1.0.0) (256 RAM - 1108 ROM - 491 METADATA)<br>\r\n<br>\r\nAttaching file.<br>\r\nAssembly: SecretLabs.NETMF.Diagnostics (4.1.0.0) (180 RAM - 440 ROM - 166 METADATA)<br>\r\n<br>\r\nLoading Deployment Assemblies.<br>\r\nAttaching deployed file.<br>\r\nAssembly: SecretLabs.NETMF.Hardware.Netduino (4.1.0.0) (268 RAM - 796 ROM - 423 METADATA)<br>\r\n<br>\r\nAttaching deployed file.<br>\r\nAssembly: Max7219CodePlexDemo (1.0.0.0) (556 RAM - 4536 ROM - 1601 METADATA)<br>\r\n<br>\r\nResolving.<br>\r\n<br>\r\nTotal: (9868 RAM - 83212 ROM - 45436 METADATA)<br>\r\n<br>\r\n<br>\r\nTotal: (9868 RAM - 83212 ROM - 45436 METADATA)<br>\r\n<br>\r\nThe debugging target runtime is loading the application assemblies and starting execution.Ready.<br>\r\n'Microsoft.SPOT.Debugger.CorDebug.dll' (Managed): Loaded 'C:\\Program Files (x86)\\Microsoft .NET Micro Framework\\v4.1\\Assemblies\\le\\mscorlib.dll', Symbols loaded.'Microsoft.SPOT.Debugger.CorDebug.dll' (Managed): Loaded 'C:\\Program Files (x86)\\Microsoft .NET\r\n Micro Framework\\v4.1\\Assemblies\\le\\Microsoft.SPOT.Native.dll', Symbols loaded.'Microsoft.SPOT.Debugger.CorDebug.dll' (Managed): Loaded 'C:\\Program Files (x86)\\Microsoft .NET Micro Framework\\v4.1\\Assemblies\\le\\Microsoft.SPOT.Hardware.dll', Symbols loaded.'Microsoft.SPOT.Debugger.CorDebug.dll'\r\n (Managed): Loaded 'C:\\Program Files (x86)\\Microsoft .NET Micro Framework\\v4.1\\Assemblies\\le\\Microsoft.SPOT.Hardware.SerialPort.dll', Symbols loaded.'Microsoft.SPOT.Debugger.CorDebug.dll' (Managed): Loaded 'C:\\Program Files (x86)\\Microsoft .NET Micro Framework\\v4.1\\Assemblies\\le\\Microsoft.SPOT.IO.dll',\r\n Symbols loaded.'Microsoft.SPOT.Debugger.CorDebug.dll' (Managed): Loaded 'C:\\Program Files (x86)\\Microsoft .NET Micro Framework\\v4.1\\Assemblies\\le\\System.IO.dll', Symbols loaded.'Microsoft.SPOT.Debugger.CorDebug.dll' (Managed): Loaded 'C:\\Program Files (x86)\\Microsoft\r\n .NET Micro Framework\\v4.1\\Assemblies\\le\\Microsoft.SPOT.Hardware.Usb.dll', Symbols loaded.'Microsoft.SPOT.Debugger.CorDebug.dll' (Managed): Loaded 'C:\\Program Files (x86)\\Secret Labs\\Netduino SDK\\Assemblies\\v4.1\\le\\SecretLabs.NETMF.Hardware.dll', Symbols loaded.'Microsoft.SPOT.Debugger.CorDebug.dll'\r\n (Managed): Loaded 'SecretLabs.NETMF.Diagnostics''Microsoft.SPOT.Debugger.CorDebug.dll' (Managed): Loaded 'C:\\Program Files (x86)\\Secret Labs\\Netduino SDK\\Assemblies\\v4.1\\le\\SecretLabs.NETMF.Hardware.Netduino.dll', Symbols loaded.'Microsoft.SPOT.Debugger.CorDebug.dll'\r\n (Managed): Loaded 'c:\\users\\jeffa\\documents\\visual studio 2010\\Projects\\Max7219CodePlexDemo\\Max7219CodePlexDemo\\bin\\Debug\\le\\Max7219CodePlexDemo.exe', Symbols loaded.The thread '&lt;No Name&gt;' (0x2) has exited with code 0 (0x0).&nbsp; &nbsp; #### Exception\r\n System.NullReferenceException - CLR_E_NULL_REFERENCE (1) ####&nbsp; &nbsp; #### Message:&nbsp;&nbsp; &nbsp; #### Max7219CodePlexDemo.ExtendedSpiConfiguration::.ctor [IP: 004d] ####&nbsp; &nbsp; #### Max7219CodePlexDemo.ExtendedSpiConfiguration::.ctor [IP:\r\n 0015] ####&nbsp; &nbsp; #### Max7219CodePlexDemo.Max72197221::.ctor [IP: 0031] ####&nbsp; &nbsp; #### Max7219CodePlexDemo.Program::Main [IP: 001d] ####A first chance exception of type 'System.NullReferenceException' occurred in Max7219CodePlexDemo.exeAn unhandled\r\n exception of type 'System.NullReferenceException' occurred in Max7219CodePlexDemo.exe</p>\r\n",
    "PostedDate": "2012-07-30T13:38:31.337-07:00",
    "UserRole": null,
    "MarkedAsAnswerDate": null
  },
  {
    "Id": "893354",
    "ThreadId": "389609",
    "Html": "\r\n<p>Hi Jeff,</p>\r\n<p>You can ditch the extended config and use a regular SPI initialization like this:</p>\r\n<p>&nbsp;</p>\r\n<div style=\"color:black; background-color:white\">\r\n<pre>        <span style=\"color:blue\">public</span> Max72197221(Cpu.Pin chipSelect, SPI.SPI_module spiModule = SPI.SPI_module.SPI1, <span style=\"color:blue\">uint</span> speedKHz = (<span style=\"color:blue\">uint</span>)10000) {\n            <span style=\"color:blue\">var</span> spiConfig = <span style=\"color:blue\">new</span> SPI.Configuration(\n                SPI_mod: spiModule,\n                ChipSelect_Port: chipSelect,\n                ChipSelect_ActiveState: <span style=\"color:blue\">false</span>,\n                ChipSelect_SetupTime: 0,\n                ChipSelect_HoldTime: 0,\n                Clock_IdleState: <span style=\"color:blue\">false</span>,\n                Clock_Edge: <span style=\"color:blue\">true</span>,\n                Clock_RateKHz: speedKHz);\n            Spi = <span style=\"color:blue\">new</span> SPI(spiConfig);\n            DigitScanLimitSafety = <span style=\"color:blue\">true</span>;\n            SpiBuffer = <span style=\"color:blue\">new</span> <span style=\"color:blue\">ushort</span>[1];\n        }</pre>\r\n<pre>Also, I recommend controlling the power to the Max7219 separately from the Netduino power using a PNP transistor,&nbsp;<span style=\"background-color:white\">only powering the Max once your C# application is running. You may want to read this article </span><a href=\"http://channel9.msdn.com/coding4fun/articles/What-Is-an-Arduino-Shield-and-Why-Should-My-Netduino-Care\" style=\"background-color:white\">http://channel9.msdn.com/coding4fun/articles/What-Is-an-Arduino-Shield-and-Why-Should-My-Netduino-Care</a> <span style=\"background-color:white\">to discover why that is. </span><span style=\"background-color:white\">Cheers, </span><span style=\"background-color:white\">-Fabien.</span></pre>\r\n</div>\r\n",
    "PostedDate": "2012-07-30T17:39:57.71-07:00",
    "UserRole": null,
    "MarkedAsAnswerDate": null
  },
  {
    "Id": "895594",
    "ThreadId": "389609",
    "Html": "\r\n<p>Would you like me to file a bug report so the constructor in Max72197221 sample will be updated?&nbsp;</p>\r\n<p>From the pastebin you sent me via twitter?&nbsp;http://pastebin.com/9q6zHwev</p>\r\n<p></p>\r\n<div style=\"color:black; background-color:white\">\r\n<pre>        <span style=\"color:blue\">public</span> Max72197221(\n\t\tCpu.Pin chipSelect, \n\t\tSPI.SPI_module spiModule = SPI.SPI_module.SPI1,\n\t\t<span style=\"color:blue\">uint</span> speedKHz = (<span style=\"color:blue\">uint</span>)10000) {\n            <span style=\"color:blue\">var</span> spiConfig = <span style=\"color:blue\">new</span> SPI.Configuration(\n                SPI_mod: spiModule,\n                ChipSelect_Port: chipSelect,\n                ChipSelect_ActiveState: <span style=\"color:blue\">false</span>,\n                ChipSelect_SetupTime: 0,\n                ChipSelect_HoldTime: 0,\n                Clock_IdleState: <span style=\"color:blue\">false</span>,\n                Clock_Edge: <span style=\"color:blue\">true</span>,\n                Clock_RateKHz: speedKHz);\n            Spi = <span style=\"color:blue\">new</span> SPI(spiConfig);\n            DigitScanLimitSafety = <span style=\"color:blue\">true</span>;\n            SpiBuffer = <span style=\"color:blue\">new</span> <span style=\"color:blue\">ushort</span>[1];\n        }\n</pre>\r\n</div>\r\n<p></p>\r\n",
    "PostedDate": "2012-08-04T13:46:45.01-07:00",
    "UserRole": null,
    "MarkedAsAnswerDate": null
  },
  {
    "Id": "895597",
    "ThreadId": "389609",
    "Html": "\r\n<p>Here's the thing: there's no bug here. <span>ExtendedSpiConfiguration is</span> proven to work on Netduino firmware v4.1.1 and above.\r\n<span>Have you checked out the netduino.com forums for any known issues with&nbsp;<span>ExtendedSpiConfiguration on other firmware versions since Secret Labs provides this class?</span></span></p>\r\n",
    "PostedDate": "2012-08-04T13:56:23.317-07:00",
    "UserRole": null,
    "MarkedAsAnswerDate": null
  },
  {
    "Id": "895620",
    "ThreadId": "389609",
    "Html": "<p>Ahh, OK I deployed this to get the firmware version&nbsp;information. Looks like I'm running a version less than v4.1.1</p>\r\n<p>\r\n<div style=\"color: black; background-color: white;\">\r\n<pre>            Debug.Print(<span style=\"color: #a31515;\">\"Systeminfo .Version, .SystemID.Model, OEMString: \"</span> +\r\n                SystemInfo.Version + <span style=\"color: #a31515;\">\", \"</span> + SystemInfo.SystemID.Model + <span style=\"color: #a31515;\">\", \"</span> + SystemInfo.OEMString);\r\n</pre>\r\n</div>\r\n</p>\r\n<p>Which displays: \"Systeminfo .Version, .SystemID.Model, OEMString: 4.1.0.6, 0, Netduino by Secret Labs LLC\"</p>\r\n<p>I'm not liking the display from the test. I previously had DIG and SEG reversed. I've tested with some Arduino code and I can now address each row and column&nbsp;correctly. With the netmf test code I'm now getting close but no cigar yet.</p>\r\n<p>I'll go attempt to upgrade my Netduino firmware. I noticed there are some bug fixes to SPI in the v4.2&nbsp;release&nbsp;notes.</p>",
    "PostedDate": "2012-08-04T16:04:59.42-07:00",
    "UserRole": null,
    "MarkedAsAnswerDate": null
  }
]