[
  {
    "Id": "967892",
    "ThreadId": "415340",
    "Html": "\r\n<p>Please, show me how netduino connect to&nbsp;<span>AdaFruit ILI932x TFT display. I saw that netduino connect to&nbsp;<span>AdaFruit ILI932x TFT display via Shift register 74hc595. But i dont know how many Ics has to used, and how to connect from 595 to&nbsp;<span>AdaFruit\r\n ILI932x TFT display. Please give me the schematic.</span></span></span></p>\r\n<p><span><span><span>Thanks for alls</span></span></span></p>\r\n<p><span><span><span>Le Dinh</span></span></span></p>\r\n",
    "PostedDate": "2012-12-24T07:32:39.253-08:00",
    "UserRole": null,
    "MarkedAsAnswerDate": null
  },
  {
    "Id": "986795",
    "ThreadId": "415340",
    "Html": "\r\n<p>Hi, I'm also looking how to connect an ILI932x display.</p>\r\n<p>Have you found something?</p>\r\n<p>Thanks</p>\r\n",
    "PostedDate": "2013-01-14T17:20:26.28-08:00",
    "UserRole": null,
    "MarkedAsAnswerDate": null
  },
  {
    "Id": "986804",
    "ThreadId": "415340",
    "Html": "\r\n<p>Hi,</p>\r\n<p>Connecting an ILI932x to a Netduino through a shift register will be *extremely slow*. This communication method over SPI with that display controller was merely used as a proof of concept while I was developing this Touch Display module for Netduino Go:&nbsp;http://nwazet.com/touch-display-module&nbsp;</p>\r\n<p>As you will notice, the architecture of the module is quite different...&nbsp;I hope this helps to clarify what is achievable on a Netduino and what is not.</p>\r\n<p>Cheers,</p>\r\n<p>-Fabien.</p>\r\n",
    "PostedDate": "2013-01-14T17:46:21.037-08:00",
    "UserRole": null,
    "MarkedAsAnswerDate": null
  },
  {
    "Id": "988075",
    "ThreadId": "415340",
    "Html": "\r\n<p>Hi! Thanks a lot for the answer!</p>\r\n",
    "PostedDate": "2013-01-17T04:31:54.623-08:00",
    "UserRole": null,
    "MarkedAsAnswerDate": null
  }
]