[
  {
    "Id": "1142263",
    "ThreadId": "478001",
    "Html": "Fabien, are you still doing anything with this library?  No worries if not, but I don't want to jump in and start using it if I'm just going to go down a rabbit hole of issues with the newest framework and netduinos.  Thx :).<br />\n",
    "PostedDate": "2013-12-25T22:22:35.223-08:00",
    "UserRole": null,
    "MarkedAsAnswerDate": null
  },
  {
    "Id": "1142400",
    "ThreadId": "478001",
    "Html": "\r\n<div dir=\"ltr\">Hi John,\r\n<div><br>\r\n</div>\r\n<div>I'm not doing anything with this library and/or Netduino at this time.</div>\r\n<div>When it comes to Netduino firmware and the microframework, you need to expect issues and your mileage will vary depending on the manufacturer...</div>\r\n<div><br>\r\n</div>\r\n<div>Best regards,</div>\r\n<div>-Fabien.</div>\r\n</div>\r\n",
    "PostedDate": "2013-12-26T12:23:06.767-08:00",
    "UserRole": null,
    "MarkedAsAnswerDate": null
  },
  {
    "Id": "1292112",
    "ThreadId": "478001",
    "Html": "John,\r<br />\n<br />\nthe &quot;library&quot; you are referring to, would it happen to be surrounding the Max7219?  I have been looking at the MAX7219 and Extended SPI config files and I am trying to make something work using a MAX7219.  I can get 1 to work, but having issues with more than one.  Just looking for some help.  I have an idea where the issue might be, but I am new at coding so I am not as adept as I need to be.<br />\n",
    "PostedDate": "2014-08-21T08:16:20.143-07:00",
    "UserRole": null,
    "MarkedAsAnswerDate": null
  }
]