[
  {
    "Id": "1002348",
    "ThreadId": "433410",
    "Html": "Hi,\r<br />\nI started with netduino plus 2 and I am trying to test out with the adafruit datalogging shield.\r<br />\nI downloaded the netduinohelpers_e0ddb8758a93  and found the adafruitnetduinologger sln and I am not sure I got everything right  <em>because during unzipping on some files, it was asking for the password.</em>   Then after opening the adafruitnetduinologger.sln and viewing the solutions explorer, I  noted that it is calling the Secretland.NETMF.Hardware.netduinoplus in the reference section. <em>But in the project properties, the netduino plus 2 device shows as &quot;netduino2_netduino&quot;  instead of &quot;netduinoplus2&quot;</em> (.NET MF tab). Please help point out which dlls I should remove/replace with and if there are other details I need to be aware of. Thanks.<br />\n",
    "PostedDate": "2013-02-16T22:55:40.9-08:00",
    "UserRole": null,
    "MarkedAsAnswerDate": null
  },
  {
    "Id": "1002590",
    "ThreadId": "433410",
    "Html": "Hi,\r<br />\n<br />\nYou should not be asked for a password when unzipping the archive.\r<br />\n<br />\nPlease follow these steps:<br />\n<ol>\n<li>Hit download on the project page</li>\n<li>Open the archive resulting from the download</li>\n<li>Navigate to \\netduinohelpers_e0ddb8758a93\\Samples\\Coding4Fun</li>\n<li>Extract the AdafruitNetduinoLogger project from the archive</li>\n<li>Double click on AdafruitNetduinoLogger.sln within the extracted AdafruitNetduinoLogger </li>\n<li>\nCompile the project and deploy it to your Netduino Plus<br />\n</li>\n</ol>\nAny questions related to migrating projects from Netduino Plus to Netduino Plus 2 should be addressed in the Secret Labs forums.\r<br />\n<br />\nCheers,\r<br />\n-Fabien.<br />\n",
    "PostedDate": "2013-02-17T20:11:27.53-08:00",
    "UserRole": null,
    "MarkedAsAnswerDate": null
  }
]