[
  {
    "Id": "720128",
    "ThreadId": "284895",
    "Html": "\r\n<p>I just downloaded build 228a8c50748e and ran into a couple issues trying to get it to work. Figured I would ask the makers for help. :)</p>\r\n<p>I'm trying to use the sample AdaFruitST7735Test for my ST7735 I just got. I'm using a Netduino Plus. At first I could not compile the test app because their were several refrences to\r\n<span style=\"color:#008080\">AdaFruitST7735</span>.Height and <span style=\"color:#008080\">\r\nAdaFruitST7735</span>.Width in Program.cs that the compiler complained about because these are not static&nbsp;class/properties. So I changed all them to be tft.Height and tft.Width (tft is a global instance of the&nbsp;<span style=\"color:#008080\">AdaFruitST7735</span>\r\n class in the test app). So before continuing below, was this the correct fix?</p>\r\n<p>This allowed app to compile, but it fails to load onto the Netduino. The error list simply shows &quot;An error has occurred.&nbsp; Please check your hardware&quot;. The output window shows...</p>\r\n<p>Incrementally deploying assemblies to device<br>\r\nDeploying assemblies for a total size of 103676 bytes<br>\r\nAssemblies not successfully deployed to device.<br>\r\nDeployment to the device was not successful.</p>\r\n<p>I can load other programs I wrote in other projects ok so I know my comp/VS/Netduino are working ok. Is 103676 bytes too large for the Netduino\r\n<strong>Plus</strong>? This is the largest app I've tried to use and seems to be one of the main variables compared to my other apps.</p>\r\n<p>Thanks for any help!</p>\r\n<p>&nbsp;</p>\r\n",
    "PostedDate": "2012-01-03T19:15:07.837-08:00",
    "UserRole": null,
    "MarkedAsAnswerDate": null
  },
  {
    "Id": "721281",
    "ThreadId": "284895",
    "Html": "<p>Hi there,</p>\r\n<p>About the static variables: I'm not sure what issue you have discovered. I'll have to try to reproduce it. What version of the Netduino firmware are you using?</p>\r\n<p>About the failure to load: the library needs to be \"trimmed\" to the bare minimum that you need, especially on a Netduino Plus. Remove the classes that you don't need for your project and recompile it.</p>\r\n<p>A word of advice: you will run into memory issues with that screen on the Netduino Plus. Look at the Klout Klock project to see how to deal with it. You will need to run it with a version of the library going back to August/September last year.</p>\r\n<p>Cheers,</p>\r\n<p>-Fabien.</p>",
    "PostedDate": "2012-01-05T23:02:38.233-08:00",
    "UserRole": null,
    "MarkedAsAnswerDate": null
  },
  {
    "Id": "721557",
    "ThreadId": "284895",
    "Html": "<p>Thanks for the response Fabien! I'll try what you suggested and let know.</p>\r\n<p>I'll check on the firmware and let you know that as well, until then...&nbsp;I do know that I purchased it about mid decemeber 2011 and downloaded and installed all latest files at that time.</p>",
    "PostedDate": "2012-01-06T09:01:20.96-08:00",
    "UserRole": null,
    "MarkedAsAnswerDate": null
  },
  {
    "Id": "721579",
    "ThreadId": "284895",
    "Html": "<p>I'm still junior in .NET, so forgive me if I'm in error.... :)</p>\r\n<p>These are the properties the test app was refrenceing, they are not static.</p>\r\n<div style=\"color: black; background-color: white;\">\r\n<pre><span style=\"color: blue;\">namespace</span> netduino.helpers.Hardware {\r\n    <span style=\"color: gray;\">///</span> <span style=\"color: gray;\">&lt;summary&gt;</span>\r\n    <span style=\"color: gray;\">///</span><span style=\"color: green;\"> netduino ST7735 driver (based on AdaFruit's library http://github.com/adafruit/ST7735-Library)</span>\r\n    <span style=\"color: gray;\">///</span> <span style=\"color: gray;\">&lt;/summary&gt;</span>\r\n    <span style=\"color: blue;\">public</span> <span style=\"color: blue;\">class</span> AdaFruitST7735 : IDisposable {\r\n\r\n        <span style=\"color: blue;\">public</span> <span style=\"color: blue;\">byte</span> Width { <span style=\"color: blue;\">get</span>; <span style=\"color: blue;\">set</span>; }\r\n        <span style=\"color: blue;\">public</span> <span style=\"color: blue;\">byte</span> Height { <span style=\"color: blue;\">get</span>; <span style=\"color: blue;\">set</span>; }\r\n\r\n</pre>\r\n</div>",
    "PostedDate": "2012-01-06T09:40:49.707-08:00",
    "UserRole": null,
    "MarkedAsAnswerDate": null
  },
  {
    "Id": "721912",
    "ThreadId": "284895",
    "Html": "<p>Hi,</p>\r\n<p>I just took a look at this issue this morning and fixed it. It turns out that the sample itself was broken. The driver in the library is OK. I must have inadvertently introduced this issue when refactoring some of the code and broke that sample in the process. Sorry about the confusion this caused you.</p>\r\n<p>To ensure that this won't happen again, I created a project called \"Samples' referencing all the other projects so that it's easy to build everything in one shot and identify such issues before checking things in...</p>\r\n<p>Cheers,</p>\r\n<p>-Fabien.</p>",
    "PostedDate": "2012-01-07T12:25:30.887-08:00",
    "UserRole": null,
    "MarkedAsAnswerDate": null
  }
]