[
  {
    "Id": "915886",
    "ThreadId": "396451",
    "Html": "\r\n<p>Hi guys.</p>\r\n<p>&nbsp;</p>\r\n<p>I just downloaded the library to get the AdafruitST7735 library.&nbsp; I'm using the shield version of the ST7735 and had a Smurf of a time getting it to run correctly. I kept getting garbage sent to the device until I tweaked Refresh as follows</p>\r\n<pre><span style=\"color:blue\"><br>public</span> <span style=\"color:blue\">void</span> Refresh() {\r\n\tDataCommand.Write( Command );\r\n\tWrite( (<span style=\"color:blue\">byte</span>)LcdCommand.RAMWR );  <span style=\"color:green\">// write to RAM</span>\r\n\r\n\tDataCommand.Write( Data );\r\n\tSpi.Write( SpiBuffer );\r\n}\r\n\r\n</pre>\r\n<p>I appears something in the library wasn't resetting the command to write to RAM.</p>\r\n<p>&nbsp;</p>\r\n<p>Also, I'm probably going to update this thing with a few more functions, so I'll probably ask for write access.</p>\r\n<p>&nbsp;</p>\r\n<p>Keep up the good work, I was pulling my hair out trying to figure out the SPI conversions...</p>\r\n",
    "PostedDate": "2012-09-21T12:42:19.147-07:00",
    "UserRole": null,
    "MarkedAsAnswerDate": null
  },
  {
    "Id": "915889",
    "ThreadId": "396451",
    "Html": "<p>You don't need write access: just make a pull request.</p>",
    "PostedDate": "2012-09-21T12:45:34.35-07:00",
    "UserRole": null,
    "MarkedAsAnswerDate": null
  }
]