[
  {
    "Id": "1031651",
    "ThreadId": "440579",
    "Html": "Good Morning,\r<br />\n<br />\nI have bought this VC0706 Camera and I want to use it with my Netduino Plus. But first of all, I need to know if the camera is ok. So, I tried to use the CommTool provided by Adafruit and checked their tutorial to connect the camera to an arduino. With all the connections done, i can't access my camera. I also saw its driver here at Netduino Helpers, but... Do I need to upload this driver to the netduino in order to have the CommTool working?\r<br />\n<br />\nI'll be waiting for your feedback.\r<br />\n<br />\nThanks in advance.<br />\n",
    "PostedDate": "2013-04-17T03:27:54.547-07:00",
    "UserRole": null,
    "MarkedAsAnswerDate": null
  }
]