[
  {
    "Id": "664888",
    "ThreadId": "270786",
    "Html": "\r\n<p>Hi,</p>\r\n<p>I am interested in contributing in this project and would like to know how to proceed.</p>\r\n<p>Thank you!</p>\r\n",
    "PostedDate": "2011-08-29T08:25:21.727-07:00",
    "UserRole": null,
    "MarkedAsAnswerDate": null
  },
  {
    "Id": "721283",
    "ThreadId": "270786",
    "Html": "<p>Hi there,</p>\r\n<p>Contributions are welcome. All you need to do is create a pull request for your contribution including a unit test and schematics, BOM, docs. so that we can test it. We'll then integrate it into the library if everything works.</p>\r\n<p>&nbsp;</p>\r\n<p>Cheers,</p>\r\n<p>-Fabien.</p>",
    "PostedDate": "2012-01-05T23:06:15.897-08:00",
    "UserRole": null,
    "MarkedAsAnswerDate": null
  }
]