[
  {
    "Id": "988801",
    "ThreadId": "430066",
    "Html": "\r\n<p>I'm trying to migrate to MF 4.2, because that is what Netdruino plus 2 supports.</p>\r\n<p>&nbsp;</p>\r\n<p>I get the following error:</p>\r\n<p>&nbsp;</p>\r\n<p>Error&nbsp;&nbsp;&nbsp; 1&nbsp;&nbsp;&nbsp; The type or namespace name 'PWM' could not be found (are you missing a using directive or an assembly reference?)&nbsp;&nbsp;&nbsp; D:\\Dev\\Netduino\\netduinohelpers_e0ddb8758a93\\Fun\\ConsoleHardwareConfig.cs&nbsp;&nbsp;&nbsp;\r\n 13&nbsp;&nbsp;&nbsp; 16&nbsp;&nbsp;&nbsp; netduino.helpers</p>\r\n<p>&nbsp;</p>\r\n<p>Also MF 4.3 is available...</p>\r\n",
    "PostedDate": "2013-01-18T08:55:15.34-08:00",
    "UserRole": null,
    "MarkedAsAnswerDate": null
  }
]