[
  {
    "Id": "270786",
    "Title": "Interested in contributing in this project",
    "LatestDate": "2012-01-05T23:06:15.897-08:00"
  },
  {
    "Id": "284895",
    "Title": "Assemblies not successfully deployed to device.",
    "LatestDate": "2012-01-07T12:25:30.887-08:00"
  },
  {
    "Id": "286225",
    "Title": "JSON Parser error",
    "LatestDate": "2013-01-12T22:11:12.907-08:00"
  },
  {
    "Id": "352929",
    "Title": "AdaFruit VC0706 Camera,  Sample project,  Netduino Plus, Not succesfully deploy..",
    "LatestDate": "2012-04-20T02:46:36.227-07:00"
  },
  {
    "Id": "389609",
    "Title": "Max72197221 ExtendedSpiConfiguration NullReferenceException ",
    "LatestDate": "2012-08-04T16:04:59.42-07:00"
  },
  {
    "Id": "396451",
    "Title": "Slight Modification Used in ST7735 to get running",
    "LatestDate": "2012-09-21T12:45:34.35-07:00"
  },
  {
    "Id": "415340",
    "Title": "How to connect AdaFruit ILI932x TFT display to netduino",
    "LatestDate": "2013-01-17T04:31:54.623-08:00"
  },
  {
    "Id": "429431",
    "Title": "JSON Parser minor glitches?",
    "LatestDate": "2013-04-11T11:39:58.053-07:00"
  },
  {
    "Id": "430066",
    "Title": "Migrate to MF 4.2 ?",
    "LatestDate": "2013-01-18T08:55:15.34-08:00"
  },
  {
    "Id": "433410",
    "Title": "adafruitnetduinologger on netduino plus 2",
    "LatestDate": "2013-02-17T20:11:27.53-08:00"
  },
  {
    "Id": "440579",
    "Title": "VC0706 TTL Weatherproof Camera and Netduino Plus",
    "LatestDate": "2013-04-17T03:27:54.547-07:00"
  },
  {
    "Id": "455056",
    "Title": "how to tft.print() with ST7735",
    "LatestDate": "2013-08-30T23:33:13.407-07:00"
  },
  {
    "Id": "476763",
    "Title": "Max72197221Test help",
    "LatestDate": "2015-05-19T08:33:09.04-07:00"
  },
  {
    "Id": "478001",
    "Title": "Is this alive",
    "LatestDate": "2014-08-21T08:16:20.143-07:00"
  },
  {
    "Id": "573643",
    "Title": "Help me help you Fabien :)",
    "LatestDate": "2014-11-30T23:34:29.49-08:00"
  }
]