[
  {
    "Id": "1140387",
    "ThreadId": "476763",
    "Html": "I am trying to load this program on my Netduino and I am having trouble.\r<br />\n<br />\nHow do I load just that program without having to load all the other stuff along with it?\r<br />\n<br />\nI am using Visual Studio 2012 Pro and a Netduino v1 on firmware 4.2\r<br />\n<br />\nI have tried and tried to load the test project just just keep getting error after error about missing PWM or analoginput is fighting between secretlabs.hardware.analoginputs and microsoft.net.hardware.analoginputs and it cant find a reference to something else.\r<br />\n<br />\nI am just trying to write (or more to the point learn to write) a simple program that will let me control a Max7219 and an 8x8 LED matrix via the SPI.<br />\n",
    "PostedDate": "2013-12-20T11:12:07.94-08:00",
    "UserRole": null,
    "MarkedAsAnswerDate": null
  },
  {
    "Id": "1140417",
    "ThreadId": "476763",
    "Html": "I finally got it to work.  Been having fun playing with the code, but have a question now.  How do I control 2 or more 7219's?  I have 2 side by side and I want the displays to be different.  How do I do this?<br />\n",
    "PostedDate": "2013-12-20T12:40:12.05-08:00",
    "UserRole": null,
    "MarkedAsAnswerDate": null
  },
  {
    "Id": "1425581",
    "ThreadId": "476763",
    "Html": "Hi vader7071, can you please tell me how you solved your problem? because I am having the same issue.<br />\n",
    "PostedDate": "2015-05-15T07:21:20.463-07:00",
    "UserRole": null,
    "MarkedAsAnswerDate": null
  },
  {
    "Id": "1425614",
    "ThreadId": "476763",
    "Html": "Wow, that was a while back.  let em dig into my old codes and see what I did.<br />\n",
    "PostedDate": "2015-05-15T09:31:05.783-07:00",
    "UserRole": null,
    "MarkedAsAnswerDate": null
  },
  {
    "Id": "1425712",
    "ThreadId": "476763",
    "Html": "I would really appreciate it cus I am kinda gone crazy trying to fix this. Thanks <br />\n",
    "PostedDate": "2015-05-16T03:19:17.433-07:00",
    "UserRole": null,
    "MarkedAsAnswerDate": null
  },
  {
    "Id": "1426401",
    "ThreadId": "476763",
    "Html": "Ok, sorry it took so long.  After I got it working I kinda reworked the code, so I had to go back and remember what I did.\r<br />\n<br />\nIf I am remembering correctly, there are (3) files that have to be added.  You will have to add &quot;ExtendedSpiConfiguration.cs&quot; to your project as well as another file.  I cannot remember what it is right now to save my life (I think it is max72197221.cs).  That is what was killing me.  You have to include all those files along with the project for them to load to run the program.cs file correctly.\r<br />\n<br />\nWithout those 2 files loaded into the project, program.cs has no idea what to do with the chip.  Those files are what tells the chip how to work.\r<br />\n<br />\nOne I got the chip working, changing the pattern was fairly easy.  However, I still have not been able to successfully control 2 separate chips.  Any help from the board would be greatly appreciated.<br />\n",
    "PostedDate": "2015-05-19T08:17:13.9-07:00",
    "UserRole": null,
    "MarkedAsAnswerDate": null
  },
  {
    "Id": "1426403",
    "ThreadId": "476763",
    "Html": "No problem at all. In fact I just figured it out. I share my experience here hoping that it helps someone. I actually needed to do 2 things:\r<br />\n<br />\n1) Delete SecretLabs.NETMF.Hardware and add it again which is under netduinohelpers_e0ddb8758a93\\Samples\\Coding4Fun\\WhatIsAShield\\NetduinoPlusTouchDisplay\\NetduinoPlusTouchDisplay\\bin\\Debug\r<br />\n<br />\n2) Replace AnalogInput with SecretLabs.NETMF.Hardware.AnalogInput in the whole netduinohelpers project\r<br />\n<br />\nMany thanks to you vader7071 for your time and consideration :)<br />\n",
    "PostedDate": "2015-05-19T08:33:09.04-07:00",
    "UserRole": null,
    "MarkedAsAnswerDate": null
  }
]