{
  "WorkItem": {
    "AffectedComponent": {
      "Name": "",
      "DisplayName": ""
    },
    "ClosedComment": "",
    "ClosedDate": null,
    "CommentCount": 2,
    "Custom": null,
    "Description": "I'm trying to use the AdaFruitST7735 class, but when ExtendedSpiConfiguration is initialized line 98 of ExtendedSpiConfiguration.cs throws a null reference exception.\r\n\r\nFieldInfo fieldInfo = spiConfigurationType.GetField(\"Custom_BitsPerTransfer\", BindingFlags.NonPublic | BindingFlags.Instance);\r\nfieldInfo.SetValue(this, BitsPerTransfer); // <--- Exception\r\n\r\nfieldInfo is null.",
    "LastUpdatedDate": "2013-05-21T19:02:19.71-07:00",
    "PlannedForRelease": "",
    "ReleaseVisibleToPublic": false,
    "Priority": {
      "Name": "Low",
      "Severity": 50,
      "Id": 1
    },
    "ProjectName": "netduinohelpers",
    "ReportedDate": "2012-10-21T12:00:04.413-07:00",
    "Status": {
      "Name": "Proposed",
      "Id": 1
    },
    "ReasonClosed": {
      "Name": "Unassigned"
    },
    "Summary": "ExtendedSpiConfiguration Throwing NullReferenceException",
    "Type": {
      "Name": "Issue",
      "Id": 3
    },
    "VoteCount": 3,
    "Id": 5
  },
  "FileAttachments": [],
  "Comments": [
    {
      "Message": "I also confirm the same problem when I'm running AdaFruitST7735Test software in my Netduno 1 board and .NET Micro Framework SDK v4.2 istalled in my PC. ",
      "PostedDate": "2013-03-02T04:37:20.52-08:00",
      "Id": 92066
    },
    {
      "Message": "I have the same problem on Netduino Plus 2 and .NET Micro Framework SDK v4.2.   How can I use AdaFruitST7735Test ?",
      "PostedDate": "2013-05-21T19:02:19.71-07:00",
      "Id": 100822
    }
  ]
}