{
  "WorkItem": {
    "AffectedComponent": {
      "Name": "",
      "DisplayName": ""
    },
    "ClosedComment": "",
    "ClosedDate": null,
    "CommentCount": 1,
    "Custom": null,
    "Description": "I'm trying to use JsonParser. It gives me an error on very basic test:\r\n            JsonParser parser = new JsonParser();\r\n            Hashtable data = parser.Parse(\"{ \\\"connected\\\": true, \\\"started\\\": \\\"2017-07-18T11:07:57.330Z\\\", \\\"scale\\\": 0, \\\"current\\\": 32, \\\"power\\\": 0, \\\"model\\\": \\\"\\\", \\\"temperature\\\": 0, \\\"completed\\\": \\\"2017-07-18T11:07:57.330Z\\\" }\");\r\n\r\nThe error is in StoreCurrentDataStructure() method upon completion of the parse; it is caused by popping single item from the _dataStructureStack and then attempting to \"peek\" another, but the stack is empty at that moment, so it fails with \"Stack empty.\". \r\n\r\nAny suggestion would be highly appreciated.\r\n\r\n",
    "LastUpdatedDate": "2015-03-21T14:27:59.553-07:00",
    "PlannedForRelease": "",
    "ReleaseVisibleToPublic": false,
    "Priority": {
      "Name": "Unassigned",
      "Severity": 0,
      "Id": 0
    },
    "ProjectName": "netduinohelpers",
    "ReportedDate": "2014-10-27T08:28:24.743-07:00",
    "Status": {
      "Name": "Proposed",
      "Id": 1
    },
    "ReasonClosed": {
      "Name": "Unassigned"
    },
    "Summary": "JsonParser issue",
    "Type": {
      "Name": "Unassigned",
      "Id": 5
    },
    "VoteCount": 2,
    "Id": 6
  },
  "FileAttachments": [],
  "Comments": [
    {
      "Message": "Same problem happening here. Using the following code:\n\n```\nstring json = \"{\\\"query\\\":{\\\"count\\\":1,\\\"created\\\":\\\"2015-03-21T07:33:57Z\\\",\\\"lang\\\":\\\"en-US\\\",\\\"results\\\":{\\\"channel\\\":{\\\"item\\\":{\\\"condition\\\":{\\\"code\\\":\\\"27\\\",\\\"date\\\":\\\"Fri, 20 Mar 2015 11:52 pm PDT\\\",\\\"temp\\\":\\\"53\\\",\\\"text\\\":\\\"Mostly Cloudy\\\"}}}}}}\";\n\nvar parser = new JSONParser();\nvar result = parser.Parse(json);\n```",
      "PostedDate": "2015-03-21T14:27:59.553-07:00",
      "Id": 179780
    }
  ]
}