{
  "WorkItem": {
    "AffectedComponent": {
      "Name": "",
      "DisplayName": ""
    },
    "ClosedComment": "",
    "ClosedDate": null,
    "CommentCount": 0,
    "Custom": null,
    "Description": "while (mask != 0x80 /* 10000000 */)\r\n{\r\n\t...\r\n\tmask <<= 1;\r\n\tcol++;\r\n}\r\n",
    "LastUpdatedDate": "2012-04-29T09:43:34.553-07:00",
    "PlannedForRelease": "",
    "ReleaseVisibleToPublic": false,
    "Priority": {
      "Name": "Low",
      "Severity": 50,
      "Id": 1
    },
    "ProjectName": "netduinohelpers",
    "ReportedDate": "2012-04-29T09:43:34.553-07:00",
    "Status": {
      "Name": "Proposed",
      "Id": 1
    },
    "ReasonClosed": {
      "Name": "Unassigned"
    },
    "Summary": "LedMatrix.DoDisplay() never process mask = 0x80",
    "Type": {
      "Name": "Issue",
      "Id": 3
    },
    "VoteCount": 1,
    "Id": 3
  },
  "FileAttachments": [],
  "Comments": []
}